{"success":true,"code":"SUCCESS","data":{"hoverData":{"puducherry":{"registeredUsers":49318,"appOpens":0},"tamil nadu":{"registeredUsers":2104754,"appOpens":0},"uttar pradesh":{"registeredUsers":4694250,"appOpens":0},"madhya pradesh":{"registeredUsers":2553603,"appOpens":0},"andhra pradesh":{"registeredUsers":3336450,"appOpens":0},"tripura":{"registeredUsers":55157,"appOpens":0},"lakshadweep":{"registeredUsers":501,"appOpens":0},"manipur":{"registeredUsers":29925,"appOpens":0},"maharashtra":{"registeredUsers":6106994,"appOpens":0},"dadra & nagar haveli & daman & diu":{"registeredUsers":53258,"appOpens":0},"meghalaya":{"registeredUsers":18513,"appOpens":0},"andaman & nicobar islands":{"registeredUsers":6740,"appOpens":0},"haryana":{"registeredUsers":1847357,"appOpens":0},"rajasthan":{"registeredUsers":3158202,"appOpens":0},"ladakh":{"registeredUsers":8784,"appOpens":0},"punjab":{"registeredUsers":847142,"appOpens":0},"assam":{"registeredUsers":385237,"appOpens":0},"jharkhand":{"registeredUsers":885762,"appOpens":0},"odisha":{"registeredUsers":1594015,"appOpens":0},"bihar":{"registeredUsers":2133804,"appOpens":0},"kerala":{"registeredUsers":784184,"appOpens":0},"karnataka":{"registeredUsers":3717763,"appOpens":0},"chandigarh":{"registeredUsers":86268,"appOpens":0},"telangana":{"registeredUsers":3315560,"appOpens":0},"himachal pradesh":{"registeredUsers":227373,"appOpens":0},"west bengal":{"registeredUsers":2604789,"appOpens":0},"gujarat":{"registeredUsers":2690048,"appOpens":0},"sikkim":{"registeredUsers":20051,"appOpens":0},"nagaland":{"registeredUsers":15074,"appOpens":0},"mizoram":{"registeredUsers":7593,"appOpens":0},"chhattisgarh":{"registeredUsers":679263,"appOpens":0},"jammu & kashmir":{"registeredUsers":176425,"appOpens":0},"goa":{"registeredUsers":91936,"appOpens":0},"arunachal pradesh":{"registeredUsers":21495,"appOpens":0},"delhi":{"registeredUsers":2087022,"appOpens":0},"uttarakhand":{"registeredUsers":483043,"appOpens":0}}},"responseTimestamp":1630502909437}