{"success":true,"code":"SUCCESS","data":{"hoverData":{"puducherry":{"registeredUsers":65580,"appOpens":0},"tamil nadu":{"registeredUsers":2996036,"appOpens":0},"uttar pradesh":{"registeredUsers":6442554,"appOpens":0},"madhya pradesh":{"registeredUsers":3441662,"appOpens":0},"andhra pradesh":{"registeredUsers":4402540,"appOpens":0},"tripura":{"registeredUsers":83369,"appOpens":0},"lakshadweep":{"registeredUsers":686,"appOpens":0},"manipur":{"registeredUsers":46055,"appOpens":0},"maharashtra":{"registeredUsers":8222371,"appOpens":0},"dadra & nagar haveli & daman & diu":{"registeredUsers":71458,"appOpens":0},"meghalaya":{"registeredUsers":26618,"appOpens":0},"andaman & nicobar islands":{"registeredUsers":9405,"appOpens":0},"haryana":{"registeredUsers":2447221,"appOpens":0},"rajasthan":{"registeredUsers":4212964,"appOpens":0},"ladakh":{"registeredUsers":12918,"appOpens":0},"punjab":{"registeredUsers":1152190,"appOpens":0},"assam":{"registeredUsers":571046,"appOpens":0},"jharkhand":{"registeredUsers":1230599,"appOpens":0},"odisha":{"registeredUsers":2185781,"appOpens":0},"bihar":{"registeredUsers":3005872,"appOpens":0},"kerala":{"registeredUsers":1066587,"appOpens":0},"karnataka":{"registeredUsers":5030665,"appOpens":0},"chandigarh":{"registeredUsers":115219,"appOpens":0},"telangana":{"registeredUsers":4260115,"appOpens":0},"himachal pradesh":{"registeredUsers":315299,"appOpens":0},"west bengal":{"registeredUsers":3833795,"appOpens":0},"gujarat":{"registeredUsers":3565825,"appOpens":0},"sikkim":{"registeredUsers":28097,"appOpens":0},"nagaland":{"registeredUsers":22436,"appOpens":0},"mizoram":{"registeredUsers":10422,"appOpens":0},"chhattisgarh":{"registeredUsers":950675,"appOpens":0},"jammu & kashmir":{"registeredUsers":261609,"appOpens":0},"goa":{"registeredUsers":122174,"appOpens":0},"arunachal pradesh":{"registeredUsers":32883,"appOpens":0},"delhi":{"registeredUsers":2756141,"appOpens":0},"uttarakhand":{"registeredUsers":649142,"appOpens":0}}},"responseTimestamp":1630502909437}