{"success":true,"code":"SUCCESS","data":{"hoverData":{"puducherry":{"registeredUsers":81546,"appOpens":0},"tamil nadu":{"registeredUsers":3900177,"appOpens":0},"uttar pradesh":{"registeredUsers":8096483,"appOpens":0},"madhya pradesh":{"registeredUsers":4309309,"appOpens":0},"andhra pradesh":{"registeredUsers":5427617,"appOpens":0},"tripura":{"registeredUsers":116874,"appOpens":0},"lakshadweep":{"registeredUsers":918,"appOpens":0},"manipur":{"registeredUsers":61935,"appOpens":0},"maharashtra":{"registeredUsers":10435033,"appOpens":0},"dadra & nagar haveli & daman & diu":{"registeredUsers":92107,"appOpens":0},"meghalaya":{"registeredUsers":37281,"appOpens":0},"andaman & nicobar islands":{"registeredUsers":12149,"appOpens":0},"haryana":{"registeredUsers":3020398,"appOpens":0},"rajasthan":{"registeredUsers":5175453,"appOpens":0},"ladakh":{"registeredUsers":17749,"appOpens":0},"punjab":{"registeredUsers":1473148,"appOpens":0},"assam":{"registeredUsers":784802,"appOpens":0},"jharkhand":{"registeredUsers":1532362,"appOpens":0},"odisha":{"registeredUsers":2795718,"appOpens":0},"bihar":{"registeredUsers":3784535,"appOpens":0},"kerala":{"registeredUsers":1347598,"appOpens":0},"karnataka":{"registeredUsers":6372649,"appOpens":0},"chandigarh":{"registeredUsers":143893,"appOpens":0},"telangana":{"registeredUsers":5138501,"appOpens":0},"himachal pradesh":{"registeredUsers":407634,"appOpens":0},"west bengal":{"registeredUsers":4851740,"appOpens":0},"gujarat":{"registeredUsers":4433183,"appOpens":0},"sikkim":{"registeredUsers":37637,"appOpens":0},"nagaland":{"registeredUsers":32090,"appOpens":0},"mizoram":{"registeredUsers":14502,"appOpens":0},"chhattisgarh":{"registeredUsers":1217792,"appOpens":0},"jammu & kashmir":{"registeredUsers":342529,"appOpens":0},"goa":{"registeredUsers":153802,"appOpens":0},"arunachal pradesh":{"registeredUsers":45922,"appOpens":0},"delhi":{"registeredUsers":3504911,"appOpens":0},"uttarakhand":{"registeredUsers":810612,"appOpens":0}}},"responseTimestamp":1630502909437}