{"success":true,"code":"SUCCESS","data":{"hoverData":{"puducherry":{"registeredUsers":109494,"appOpens":0},"tamil nadu":{"registeredUsers":5199878,"appOpens":0},"uttar pradesh":{"registeredUsers":10341964,"appOpens":0},"madhya pradesh":{"registeredUsers":5365442,"appOpens":0},"andhra pradesh":{"registeredUsers":6857409,"appOpens":0},"tripura":{"registeredUsers":153265,"appOpens":0},"lakshadweep":{"registeredUsers":1156,"appOpens":0},"manipur":{"registeredUsers":82589,"appOpens":0},"maharashtra":{"registeredUsers":13381602,"appOpens":0},"dadra & nagar haveli & daman & diu":{"registeredUsers":116511,"appOpens":0},"meghalaya":{"registeredUsers":49634,"appOpens":0},"andaman & nicobar islands":{"registeredUsers":15222,"appOpens":0},"haryana":{"registeredUsers":3793079,"appOpens":0},"rajasthan":{"registeredUsers":6358738,"appOpens":0},"ladakh":{"registeredUsers":23883,"appOpens":0},"punjab":{"registeredUsers":1865715,"appOpens":0},"assam":{"registeredUsers":1039221,"appOpens":0},"jharkhand":{"registeredUsers":1913949,"appOpens":0},"odisha":{"registeredUsers":3623911,"appOpens":0},"bihar":{"registeredUsers":4776665,"appOpens":0},"kerala":{"registeredUsers":1757326,"appOpens":0},"karnataka":{"registeredUsers":8315802,"appOpens":0},"chandigarh":{"registeredUsers":177747,"appOpens":0},"telangana":{"registeredUsers":6529679,"appOpens":0},"himachal pradesh":{"registeredUsers":526343,"appOpens":0},"west bengal":{"registeredUsers":6279278,"appOpens":0},"gujarat":{"registeredUsers":5579040,"appOpens":0},"sikkim":{"registeredUsers":48538,"appOpens":0},"nagaland":{"registeredUsers":42997,"appOpens":0},"mizoram":{"registeredUsers":19365,"appOpens":0},"chhattisgarh":{"registeredUsers":1579998,"appOpens":0},"jammu & kashmir":{"registeredUsers":436563,"appOpens":0},"goa":{"registeredUsers":195350,"appOpens":0},"arunachal pradesh":{"registeredUsers":61852,"appOpens":0},"delhi":{"registeredUsers":4630313,"appOpens":0},"uttarakhand":{"registeredUsers":1012103,"appOpens":0}}},"responseTimestamp":1630502909438}