{"success":true,"code":"SUCCESS","data":{"aggregated":{"registeredUsers":284985430,"appOpens":8635508502},"usersByDevice":[{"brand":"Xiaomi","count":71553154,"percentage":0.2510765339828075},{"brand":"Samsung","count":56154585,"percentage":0.19704370500625243},{"brand":"Vivo","count":53341749,"percentage":0.18717360041880035},{"brand":"Oppo","count":35512326,"percentage":0.12461102309686499},{"brand":"Realme","count":17541519,"percentage":0.06155233620188934},{"brand":"Apple","count":7576154,"percentage":0.026584355558106953},{"brand":"Motorola","count":5792974,"percentage":0.020327263748185304},{"brand":"Huawei","count":5145488,"percentage":0.018055266895574275},{"brand":"OnePlus","count":4895538,"percentage":0.017178204513823743},{"brand":"Lenovo","count":3907304,"percentage":0.0137105395177571},{"brand":"Others","count":23564639,"percentage":0.08268717105993804}]},"responseTimestamp":1630501483101}