{"success":true,"code":"SUCCESS","data":{"aggregated":{"registeredUsers":328354923,"appOpens":12256377890},"usersByDevice":[{"brand":"Xiaomi","count":80749587,"percentage":0.24592165776664782},{"brand":"Vivo","count":65338474,"percentage":0.19898734394793893},{"brand":"Samsung","count":61299387,"percentage":0.1866863649856104},{"brand":"Oppo","count":42064749,"percentage":0.1281075630469533},{"brand":"Realme","count":24185973,"percentage":0.07365801852162271},{"brand":"Apple","count":8753177,"percentage":0.02665766945117494},{"brand":"OnePlus","count":6266945,"percentage":0.01908588713317388},{"brand":"Motorola","count":5650891,"percentage":0.017209703903236437},{"brand":"Huawei","count":5126319,"percentage":0.015612127734110446},{"brand":"Lenovo","count":3585329,"percentage":0.010919065769572762},{"brand":"Others","count":25334092,"percentage":0.07715459773995835}]},"responseTimestamp":1634575118439}