{"success":true,"code":"SUCCESS","data":{"hoverData":{"mon district":{"registeredUsers":2458,"appOpens":0},"phek district":{"registeredUsers":1727,"appOpens":0},"longleng district":{"registeredUsers":539,"appOpens":0},"mokokchung district":{"registeredUsers":3721,"appOpens":0},"kiphire district":{"registeredUsers":862,"appOpens":0},"kohima district":{"registeredUsers":10747,"appOpens":0},"tuensang district":{"registeredUsers":1678,"appOpens":0},"peren district":{"registeredUsers":884,"appOpens":0},"dimapur district":{"registeredUsers":28091,"appOpens":0},"zunheboto district":{"registeredUsers":1374,"appOpens":0},"wokha district":{"registeredUsers":1830,"appOpens":0}}},"responseTimestamp":1630502911703}