{"success":true,"code":"SUCCESS","data":{"hoverData":{"mon district":{"registeredUsers":3210,"appOpens":22791},"phek district":{"registeredUsers":2143,"appOpens":11191},"longleng district":{"registeredUsers":733,"appOpens":3307},"mokokchung district":{"registeredUsers":4655,"appOpens":22610},"kiphire district":{"registeredUsers":1084,"appOpens":6043},"kohima district":{"registeredUsers":13108,"appOpens":75589},"tuensang district":{"registeredUsers":2152,"appOpens":13264},"peren district":{"registeredUsers":1148,"appOpens":6185},"dimapur district":{"registeredUsers":34567,"appOpens":179762},"zunheboto district":{"registeredUsers":1680,"appOpens":8800},"wokha district":{"registeredUsers":2411,"appOpens":12955}}},"responseTimestamp":1630502911748}