{"success":true,"code":"SUCCESS","data":{"hoverData":{"mon district":{"registeredUsers":3976,"appOpens":77622},"phek district":{"registeredUsers":2642,"appOpens":43090},"longleng district":{"registeredUsers":907,"appOpens":13903},"mokokchung district":{"registeredUsers":5593,"appOpens":80637},"kiphire district":{"registeredUsers":1251,"appOpens":21298},"kohima district":{"registeredUsers":15677,"appOpens":255404},"tuensang district":{"registeredUsers":2599,"appOpens":46041},"peren district":{"registeredUsers":1377,"appOpens":22149},"dimapur district":{"registeredUsers":41036,"appOpens":608938},"zunheboto district":{"registeredUsers":2058,"appOpens":32884},"wokha district":{"registeredUsers":2961,"appOpens":42056}}},"responseTimestamp":1630502911775}