{"success":true,"code":"SUCCESS","data":{"hoverData":{"mon district":{"registeredUsers":4863,"appOpens":102617},"phek district":{"registeredUsers":3109,"appOpens":49838},"longleng district":{"registeredUsers":1135,"appOpens":17569},"mokokchung district":{"registeredUsers":6606,"appOpens":93364},"kiphire district":{"registeredUsers":1460,"appOpens":22231},"kohima district":{"registeredUsers":18232,"appOpens":285979},"tuensang district":{"registeredUsers":3081,"appOpens":54440},"peren district":{"registeredUsers":1623,"appOpens":25611},"dimapur district":{"registeredUsers":47000,"appOpens":706997},"zunheboto district":{"registeredUsers":2475,"appOpens":47324},"wokha district":{"registeredUsers":3540,"appOpens":48581}}},"responseTimestamp":1630502911819}