{"success":true,"code":"SUCCESS","data":{"hoverDataList":[{"name":"tiruchirappalli district","metric":[{"type":"TOTAL","count":149186,"amount":2.6252815721513474E8}]},{"name":"ramanathapuram district","metric":[{"type":"TOTAL","count":24581,"amount":4.569681024106984E7}]},{"name":"krishnagiri district","metric":[{"type":"TOTAL","count":153618,"amount":2.5390742624551624E8}]},{"name":"cuddalore district","metric":[{"type":"TOTAL","count":89956,"amount":1.395214846215473E8}]},{"name":"kancheepuram district","metric":[{"type":"TOTAL","count":308279,"amount":5.384098990029244E8}]},{"name":"tiruppur district","metric":[{"type":"TOTAL","count":239740,"amount":4.232719796901945E8}]},{"name":"dharmapuri district","metric":[{"type":"TOTAL","count":63975,"amount":1.0417649550900334E8}]},{"name":"thoothukkudi district","metric":[{"type":"TOTAL","count":37172,"amount":5.578289498005988E7}]},{"name":"thanjavur district","metric":[{"type":"TOTAL","count":88574,"amount":1.457963142349676E8}]},{"name":"madurai district","metric":[{"type":"TOTAL","count":129858,"amount":2.3215130434595776E8}]},{"name":"tiruvannamalai district","metric":[{"type":"TOTAL","count":72372,"amount":9.121619160044219E7}]},{"name":"salem district","metric":[{"type":"TOTAL","count":219916,"amount":3.7596397167826045E8}]},{"name":"nagapattinam district","metric":[{"type":"TOTAL","count":25394,"amount":4.6160213432165846E7}]},{"name":"tirupathur district","metric":[{"type":"TOTAL","count":38799,"amount":5.6805034731481194E7}]},{"name":"ariyalur district","metric":[{"type":"TOTAL","count":16068,"amount":2.8339477987306528E7}]},{"name":"chennai district","metric":[{"type":"TOTAL","count":2656230,"amount":4.281137762522443E9}]},{"name":"the nilgiris district","metric":[{"type":"TOTAL","count":29334,"amount":5.555242589904122E7}]},{"name":"erode district","metric":[{"type":"TOTAL","count":114560,"amount":1.9807237278111735E8}]},{"name":"karur district","metric":[{"type":"TOTAL","count":42198,"amount":7.61415197297589E7}]},{"name":"kallakkurichi district","metric":[{"type":"TOTAL","count":32666,"amount":5.364333173237315E7}]},{"name":"viluppuram district","metric":[{"type":"TOTAL","count":59239,"amount":9.63411481997363E7}]},{"name":"pudukkottai district","metric":[{"type":"TOTAL","count":35973,"amount":6.508348793183671E7}]},{"name":"perambalur district","metric":[{"type":"TOTAL","count":13293,"amount":1.9364164454744175E7}]},{"name":"coimbatore district","metric":[{"type":"TOTAL","count":533919,"amount":9.138244346276875E8}]},{"name":"virudhunagar district","metric":[{"type":"TOTAL","count":40154,"amount":6.439988089336612E7}]},{"name":"dindigul district","metric":[{"type":"TOTAL","count":65863,"amount":1.1877137744963284E8}]},{"name":"sivaganga district","metric":[{"type":"TOTAL","count":34130,"amount":6.394431844032206E7}]},{"name":"tenkasi district","metric":[{"type":"TOTAL","count":24822,"amount":3.943963085720312E7}]},{"name":"chengalpattu district","metric":[{"type":"TOTAL","count":569483,"amount":1.030187164971631E9}]},{"name":"kanniyakumari district","metric":[{"type":"TOTAL","count":44474,"amount":7.230491226185375E7}]},{"name":"tirunelveli district","metric":[{"type":"TOTAL","count":50976,"amount":9.675998401749644E7}]},{"name":"thiruvallur district","metric":[{"type":"TOTAL","count":413340,"amount":7.302104136566752E8}]},{"name":"theni district","metric":[{"type":"TOTAL","count":33275,"amount":5.4074355481018536E7}]},{"name":"ranipet district","metric":[{"type":"TOTAL","count":50346,"amount":6.878242903208953E7}]},{"name":"namakkal district","metric":[{"type":"TOTAL","count":99497,"amount":1.780226102001903E8}]},{"name":"vellore district","metric":[{"type":"TOTAL","count":104902,"amount":1.5339400793803328E8}]},{"name":"thiruvarur district","metric":[{"type":"TOTAL","count":20460,"amount":3.2378308922213852E7}]}]},"responseTimestamp":1630502910928}