{"success":true,"code":"SUCCESS","data":{"hoverDataList":[{"name":"tiruchirappalli district","metric":[{"type":"TOTAL","count":245903,"amount":5.0724977735516965E8}]},{"name":"ramanathapuram district","metric":[{"type":"TOTAL","count":41164,"amount":9.531546036915746E7}]},{"name":"krishnagiri district","metric":[{"type":"TOTAL","count":240421,"amount":5.1892235515062875E8}]},{"name":"cuddalore district","metric":[{"type":"TOTAL","count":135570,"amount":2.5410675189937544E8}]},{"name":"kancheepuram district","metric":[{"type":"TOTAL","count":460276,"amount":9.266877795176952E8}]},{"name":"tiruppur district","metric":[{"type":"TOTAL","count":391330,"amount":8.291691210692806E8}]},{"name":"dharmapuri district","metric":[{"type":"TOTAL","count":98177,"amount":1.9803325521591768E8}]},{"name":"thoothukkudi district","metric":[{"type":"TOTAL","count":59562,"amount":1.1028728495387965E8}]},{"name":"thanjavur district","metric":[{"type":"TOTAL","count":124870,"amount":2.6004638413307607E8}]},{"name":"madurai district","metric":[{"type":"TOTAL","count":213788,"amount":4.604155652125236E8}]},{"name":"tiruvannamalai district","metric":[{"type":"TOTAL","count":103318,"amount":1.7172340740219554E8}]},{"name":"salem district","metric":[{"type":"TOTAL","count":333175,"amount":7.095429591656411E8}]},{"name":"nagapattinam district","metric":[{"type":"TOTAL","count":41103,"amount":8.646603958831242E7}]},{"name":"tirupathur district","metric":[{"type":"TOTAL","count":58068,"amount":1.1524960229332027E8}]},{"name":"ariyalur district","metric":[{"type":"TOTAL","count":26224,"amount":5.508129494754556E7}]},{"name":"chennai district","metric":[{"type":"TOTAL","count":3719593,"amount":7.305357440752291E9}]},{"name":"the nilgiris district","metric":[{"type":"TOTAL","count":55793,"amount":1.109943245565857E8}]},{"name":"erode district","metric":[{"type":"TOTAL","count":175257,"amount":3.67928461655128E8}]},{"name":"karur district","metric":[{"type":"TOTAL","count":66337,"amount":1.3750445594265643E8}]},{"name":"kallakkurichi district","metric":[{"type":"TOTAL","count":52388,"amount":1.0391101230379987E8}]},{"name":"viluppuram district","metric":[{"type":"TOTAL","count":90084,"amount":1.704735086967556E8}]},{"name":"pudukkottai district","metric":[{"type":"TOTAL","count":58403,"amount":1.2075948975059341E8}]},{"name":"perambalur district","metric":[{"type":"TOTAL","count":20977,"amount":3.729439557430517E7}]},{"name":"coimbatore district","metric":[{"type":"TOTAL","count":871802,"amount":1.722112067157432E9}]},{"name":"virudhunagar district","metric":[{"type":"TOTAL","count":65145,"amount":1.2904829769581088E8}]},{"name":"dindigul district","metric":[{"type":"TOTAL","count":115319,"amount":2.43396384034788E8}]},{"name":"sivaganga district","metric":[{"type":"TOTAL","count":55874,"amount":1.2165696222527634E8}]},{"name":"tenkasi district","metric":[{"type":"TOTAL","count":44391,"amount":8.737201416415915E7}]},{"name":"chengalpattu district","metric":[{"type":"TOTAL","count":829689,"amount":1.6812435368538094E9}]},{"name":"kanniyakumari district","metric":[{"type":"TOTAL","count":72489,"amount":1.4028294211909088E8}]},{"name":"tirunelveli district","metric":[{"type":"TOTAL","count":78667,"amount":1.7473267109402937E8}]},{"name":"thiruvallur district","metric":[{"type":"TOTAL","count":615860,"amount":1.2810391986235366E9}]},{"name":"theni district","metric":[{"type":"TOTAL","count":51064,"amount":1.1237799592241687E8}]},{"name":"ranipet district","metric":[{"type":"TOTAL","count":71093,"amount":1.3620450110028955E8}]},{"name":"namakkal district","metric":[{"type":"TOTAL","count":145248,"amount":3.218794099592361E8}]},{"name":"vellore district","metric":[{"type":"TOTAL","count":130871,"amount":2.6433604471696758E8}]},{"name":"thiruvarur district","metric":[{"type":"TOTAL","count":32835,"amount":5.7642123094607845E7}]}]},"responseTimestamp":1630502910955}