{"success":true,"code":"SUCCESS","data":{"hoverDataList":[{"name":"tiruchirappalli district","metric":[{"type":"TOTAL","count":342744,"amount":7.230739247012352E8}]},{"name":"ramanathapuram district","metric":[{"type":"TOTAL","count":60779,"amount":1.3144238156311962E8}]},{"name":"krishnagiri district","metric":[{"type":"TOTAL","count":421247,"amount":8.535759508987744E8}]},{"name":"cuddalore district","metric":[{"type":"TOTAL","count":187987,"amount":3.7847827394431186E8}]},{"name":"kancheepuram district","metric":[{"type":"TOTAL","count":766192,"amount":1.4168786193813162E9}]},{"name":"tiruppur district","metric":[{"type":"TOTAL","count":583538,"amount":1.2597417180399766E9}]},{"name":"dharmapuri district","metric":[{"type":"TOTAL","count":147916,"amount":3.293488806186586E8}]},{"name":"thoothukkudi district","metric":[{"type":"TOTAL","count":89821,"amount":1.6982831026753742E8}]},{"name":"thanjavur district","metric":[{"type":"TOTAL","count":278585,"amount":4.2049849966842806E8}]},{"name":"madurai district","metric":[{"type":"TOTAL","count":322515,"amount":7.023476969219126E8}]},{"name":"tiruvannamalai district","metric":[{"type":"TOTAL","count":147281,"amount":2.8148159155415595E8}]},{"name":"salem district","metric":[{"type":"TOTAL","count":484460,"amount":9.807810003982489E8}]},{"name":"nagapattinam district","metric":[{"type":"TOTAL","count":62869,"amount":1.3001333005042389E8}]},{"name":"tirupathur district","metric":[{"type":"TOTAL","count":81720,"amount":1.6930478162115565E8}]},{"name":"ariyalur district","metric":[{"type":"TOTAL","count":38743,"amount":9.66808286822369E7}]},{"name":"chennai district","metric":[{"type":"TOTAL","count":5887343,"amount":1.0122319547137985E10}]},{"name":"the nilgiris district","metric":[{"type":"TOTAL","count":103580,"amount":1.8288909767500186E8}]},{"name":"erode district","metric":[{"type":"TOTAL","count":266272,"amount":5.459192278032167E8}]},{"name":"karur district","metric":[{"type":"TOTAL","count":96467,"amount":2.1559365268871722E8}]},{"name":"kallakkurichi district","metric":[{"type":"TOTAL","count":74082,"amount":1.5952829106900036E8}]},{"name":"viluppuram district","metric":[{"type":"TOTAL","count":131381,"amount":2.5888825693736243E8}]},{"name":"pudukkottai district","metric":[{"type":"TOTAL","count":88258,"amount":1.9400446188954094E8}]},{"name":"perambalur district","metric":[{"type":"TOTAL","count":30141,"amount":6.335250873676075E7}]},{"name":"coimbatore district","metric":[{"type":"TOTAL","count":1469560,"amount":2.5591738782111635E9}]},{"name":"virudhunagar district","metric":[{"type":"TOTAL","count":93460,"amount":2.0411370348230138E8}]},{"name":"dindigul district","metric":[{"type":"TOTAL","count":169183,"amount":3.693155880269084E8}]},{"name":"sivaganga district","metric":[{"type":"TOTAL","count":83843,"amount":2.0146952191582698E8}]},{"name":"tenkasi district","metric":[{"type":"TOTAL","count":79752,"amount":1.3793988859062338E8}]},{"name":"chengalpattu district","metric":[{"type":"TOTAL","count":1337462,"amount":2.362109205940035E9}]},{"name":"kanniyakumari district","metric":[{"type":"TOTAL","count":98676,"amount":2.077277349880998E8}]},{"name":"tirunelveli district","metric":[{"type":"TOTAL","count":129280,"amount":2.6549686979783598E8}]},{"name":"thiruvallur district","metric":[{"type":"TOTAL","count":957503,"amount":1.9263784146646476E9}]},{"name":"theni district","metric":[{"type":"TOTAL","count":74842,"amount":1.6498642499007934E8}]},{"name":"ranipet district","metric":[{"type":"TOTAL","count":104100,"amount":2.0182672065354246E8}]},{"name":"namakkal district","metric":[{"type":"TOTAL","count":226575,"amount":4.645816500613854E8}]},{"name":"vellore district","metric":[{"type":"TOTAL","count":209932,"amount":3.869369058516408E8}]},{"name":"thiruvarur district","metric":[{"type":"TOTAL","count":45989,"amount":9.206490175965646E7}]}]},"responseTimestamp":1630502911005}