{"success":true,"code":"SUCCESS","data":{"hoverDataList":[{"name":"tiruchirappalli district","metric":[{"type":"TOTAL","count":521026,"amount":1.1174031325568237E9}]},{"name":"ramanathapuram district","metric":[{"type":"TOTAL","count":90608,"amount":2.0722916359488797E8}]},{"name":"krishnagiri district","metric":[{"type":"TOTAL","count":593519,"amount":1.260396240123799E9}]},{"name":"cuddalore district","metric":[{"type":"TOTAL","count":294247,"amount":5.723154073945904E8}]},{"name":"kancheepuram district","metric":[{"type":"TOTAL","count":1161731,"amount":2.1000985475513415E9}]},{"name":"tiruppur district","metric":[{"type":"TOTAL","count":811860,"amount":1.780229997978594E9}]},{"name":"dharmapuri district","metric":[{"type":"TOTAL","count":247249,"amount":5.368060904126581E8}]},{"name":"thoothukkudi district","metric":[{"type":"TOTAL","count":141155,"amount":2.7281873499014145E8}]},{"name":"thanjavur district","metric":[{"type":"TOTAL","count":278646,"amount":5.422557397365916E8}]},{"name":"madurai district","metric":[{"type":"TOTAL","count":474612,"amount":1.0672169028803706E9}]},{"name":"tiruvannamalai district","metric":[{"type":"TOTAL","count":242571,"amount":4.6865117540105104E8}]},{"name":"salem district","metric":[{"type":"TOTAL","count":696312,"amount":1.4713775922860992E9}]},{"name":"nagapattinam district","metric":[{"type":"TOTAL","count":96224,"amount":1.8602159300365686E8}]},{"name":"tirupathur district","metric":[{"type":"TOTAL","count":143871,"amount":2.9158305369241124E8}]},{"name":"ariyalur district","metric":[{"type":"TOTAL","count":62904,"amount":1.2921469820491128E8}]},{"name":"chennai district","metric":[{"type":"TOTAL","count":8007699,"amount":1.463239511056675E10}]},{"name":"the nilgiris district","metric":[{"type":"TOTAL","count":134481,"amount":2.830049730986871E8}]},{"name":"erode district","metric":[{"type":"TOTAL","count":386966,"amount":8.355954703091648E8}]},{"name":"karur district","metric":[{"type":"TOTAL","count":146709,"amount":3.060208889052894E8}]},{"name":"kallakkurichi district","metric":[{"type":"TOTAL","count":126126,"amount":2.685228239222555E8}]},{"name":"viluppuram district","metric":[{"type":"TOTAL","count":214391,"amount":4.0888067754296046E8}]},{"name":"pudukkottai district","metric":[{"type":"TOTAL","count":138821,"amount":3.017698782607471E8}]},{"name":"perambalur district","metric":[{"type":"TOTAL","count":50639,"amount":1.0439290713353652E8}]},{"name":"coimbatore district","metric":[{"type":"TOTAL","count":1902305,"amount":3.656789906019909E9}]},{"name":"virudhunagar district","metric":[{"type":"TOTAL","count":157442,"amount":3.27805716231165E8}]},{"name":"dindigul district","metric":[{"type":"TOTAL","count":243534,"amount":5.597866571867274E8}]},{"name":"sivaganga district","metric":[{"type":"TOTAL","count":128594,"amount":2.935890305548705E8}]},{"name":"tenkasi district","metric":[{"type":"TOTAL","count":106431,"amount":2.0521663526106253E8}]},{"name":"chengalpattu district","metric":[{"type":"TOTAL","count":1974233,"amount":3.371036660915929E9}]},{"name":"kanniyakumari district","metric":[{"type":"TOTAL","count":151693,"amount":3.449421624855958E8}]},{"name":"tirunelveli district","metric":[{"type":"TOTAL","count":167911,"amount":3.83033218902779E8}]},{"name":"thiruvallur district","metric":[{"type":"TOTAL","count":1578958,"amount":2.979682370963098E9}]},{"name":"theni district","metric":[{"type":"TOTAL","count":113542,"amount":2.7698585174035156E8}]},{"name":"ranipet district","metric":[{"type":"TOTAL","count":185758,"amount":3.543805354720969E8}]},{"name":"namakkal district","metric":[{"type":"TOTAL","count":297669,"amount":6.821459134085293E8}]},{"name":"vellore district","metric":[{"type":"TOTAL","count":311703,"amount":5.779602354731153E8}]},{"name":"thiruvarur district","metric":[{"type":"TOTAL","count":75304,"amount":1.445182817328139E8}]}]},"responseTimestamp":1630502911057}