{"success":true,"code":"SUCCESS","data":{"aggregated":{"registeredUsers":541549,"appOpens":2321685},"usersByDevice":[{"brand":"Xiaomi","count":118077,"percentage":0.2180356717490015},{"brand":"Vivo","count":103673,"percentage":0.19143789389325805},{"brand":"Samsung","count":100254,"percentage":0.18512452243471966},{"brand":"Oppo","count":76330,"percentage":0.14094754121972342},{"brand":"Apple","count":45080,"percentage":0.08324269825999124},{"brand":"Realme","count":30911,"percentage":0.057078860823305},{"brand":"OnePlus","count":15554,"percentage":0.028721316076661577},{"brand":"Motorola","count":8378,"percentage":0.015470437578132358},{"brand":"Huawei","count":5812,"percentage":0.01073217751302283},{"brand":"HMD Global","count":4529,"percentage":0.008363047480468065},{"brand":"Others","count":32951,"percentage":0.060845832971716314}]},"responseTimestamp":1651127668934}