{"success":true,"code":"SUCCESS","data":{"states":null,"districts":[{"entityName":"hyderabad","metric":{"type":"TOTAL","count":169703372,"amount":3.1657238813378735E11}},{"entityName":"rangareddy","metric":{"type":"TOTAL","count":60675056,"amount":9.888314896130931E10}},{"entityName":"medchal malkajgiri","metric":{"type":"TOTAL","count":54854446,"amount":8.751673864629623E10}},{"entityName":"warangal urban","metric":{"type":"TOTAL","count":13629397,"amount":2.8292658503028103E10}},{"entityName":"sangareddy","metric":{"type":"TOTAL","count":12350347,"amount":2.3546322114765312E10}},{"entityName":"nalgonda","metric":{"type":"TOTAL","count":8018559,"amount":1.962885422315605E10}},{"entityName":"khammam","metric":{"type":"TOTAL","count":7140986,"amount":1.7657527187368073E10}},{"entityName":"karimnagar","metric":{"type":"TOTAL","count":6934134,"amount":1.5385243676854752E10}},{"entityName":"nizamabad","metric":{"type":"TOTAL","count":5831809,"amount":1.4665519256295437E10}},{"entityName":"bhadradri kothagudem","metric":{"type":"TOTAL","count":5386614,"amount":1.365905664317039E10}}],"pincodes":[{"entityName":"500001","metric":{"type":"TOTAL","count":107274281,"amount":2.1827012652936053E11}},{"entityName":"500072","metric":{"type":"TOTAL","count":10520264,"amount":1.5264391308449902E10}},{"entityName":"500018","metric":{"type":"TOTAL","count":7159503,"amount":1.1598274057953592E10}},{"entityName":"500081","metric":{"type":"TOTAL","count":4728444,"amount":5.317903334226204E9}},{"entityName":"500016","metric":{"type":"TOTAL","count":4385582,"amount":5.762427603927832E9}},{"entityName":"500039","metric":{"type":"TOTAL","count":4354127,"amount":6.819509471193953E9}},{"entityName":"500055","metric":{"type":"TOTAL","count":4029164,"amount":6.832605636055994E9}},{"entityName":"505001","metric":{"type":"TOTAL","count":3830885,"amount":8.431766336033277E9}},{"entityName":"500038","metric":{"type":"TOTAL","count":3830061,"amount":4.315546333829466E9}},{"entityName":"500070","metric":{"type":"TOTAL","count":3797889,"amount":7.344286754616329E9}}]},"responseTimestamp":1630501494117}