{"success":true,"code":"SUCCESS","data":{"states":null,"districts":[{"entityName":"hyderabad","metric":{"type":"TOTAL","count":212326623,"amount":4.2487274146513696E11}},{"entityName":"rangareddy","metric":{"type":"TOTAL","count":63155281,"amount":1.1398718762893881E11}},{"entityName":"medchal malkajgiri","metric":{"type":"TOTAL","count":58755991,"amount":1.0286436000468025E11}},{"entityName":"warangal urban","metric":{"type":"TOTAL","count":15534189,"amount":3.532433200702503E10}},{"entityName":"sangareddy","metric":{"type":"TOTAL","count":14851128,"amount":2.879972341687831E10}},{"entityName":"nalgonda","metric":{"type":"TOTAL","count":10161723,"amount":2.5305904142337223E10}},{"entityName":"khammam","metric":{"type":"TOTAL","count":9096326,"amount":2.377134018486827E10}},{"entityName":"karimnagar","metric":{"type":"TOTAL","count":8548354,"amount":2.053423359075627E10}},{"entityName":"nizamabad","metric":{"type":"TOTAL","count":7753597,"amount":2.1755545090473732E10}},{"entityName":"bhadradri kothagudem","metric":{"type":"TOTAL","count":6854796,"amount":1.6726841230685331E10}}],"pincodes":[{"entityName":"500001","metric":{"type":"TOTAL","count":148864777,"amount":3.1543204641366345E11}},{"entityName":"500072","metric":{"type":"TOTAL","count":10572910,"amount":1.721642293674786E10}},{"entityName":"500018","metric":{"type":"TOTAL","count":8266463,"amount":1.4460490857729868E10}},{"entityName":"500055","metric":{"type":"TOTAL","count":4647957,"amount":8.385875879773148E9}},{"entityName":"500039","metric":{"type":"TOTAL","count":4555479,"amount":7.931116247381447E9}},{"entityName":"505001","metric":{"type":"TOTAL","count":4419442,"amount":1.0840946405539165E10}},{"entityName":"500037","metric":{"type":"TOTAL","count":4123183,"amount":6.944198147351139E9}},{"entityName":"500008","metric":{"type":"TOTAL","count":4116658,"amount":6.762954140019281E9}},{"entityName":"500070","metric":{"type":"TOTAL","count":4072408,"amount":8.630289664562225E9}},{"entityName":"502032","metric":{"type":"TOTAL","count":3806010,"amount":7.090541212607969E9}}]},"responseTimestamp":1630501494462}