{"success":true,"code":"SUCCESS","data":{"states":null,"districts":[{"entityName":"hyderabad","metric":{"type":"TOTAL","count":262028284,"amount":4.7934332136537256E11}},{"entityName":"rangareddy","metric":{"type":"TOTAL","count":87884143,"amount":1.4777204791914047E11}},{"entityName":"medchal malkajgiri","metric":{"type":"TOTAL","count":79514766,"amount":1.308382550956952E11}},{"entityName":"warangal urban","metric":{"type":"TOTAL","count":20050897,"amount":4.142218051683781E10}},{"entityName":"sangareddy","metric":{"type":"TOTAL","count":18758999,"amount":3.3876669677960114E10}},{"entityName":"nalgonda","metric":{"type":"TOTAL","count":11844124,"amount":2.6760618927739136E10}},{"entityName":"khammam","metric":{"type":"TOTAL","count":10938504,"amount":2.539536062433412E10}},{"entityName":"karimnagar","metric":{"type":"TOTAL","count":10704240,"amount":2.3540118368011086E10}},{"entityName":"nizamabad","metric":{"type":"TOTAL","count":9331288,"amount":2.2809748582059334E10}},{"entityName":"bhadradri kothagudem","metric":{"type":"TOTAL","count":8176066,"amount":1.8135807092898582E10}}],"pincodes":[{"entityName":"500001","metric":{"type":"TOTAL","count":173430239,"amount":3.352902018776652E11}},{"entityName":"500072","metric":{"type":"TOTAL","count":14524540,"amount":2.2628539273865894E10}},{"entityName":"500018","metric":{"type":"TOTAL","count":10182801,"amount":1.6594187696219566E10}},{"entityName":"500039","metric":{"type":"TOTAL","count":6212786,"amount":1.00594152789652E10}},{"entityName":"500055","metric":{"type":"TOTAL","count":6087796,"amount":1.0446727300200508E10}},{"entityName":"500081","metric":{"type":"TOTAL","count":6083021,"amount":7.513924136637562E9}},{"entityName":"505001","metric":{"type":"TOTAL","count":5829460,"amount":1.2962267281014135E10}},{"entityName":"500016","metric":{"type":"TOTAL","count":5677699,"amount":7.949955022475481E9}},{"entityName":"500008","metric":{"type":"TOTAL","count":5643156,"amount":8.713052726933613E9}},{"entityName":"500070","metric":{"type":"TOTAL","count":5569105,"amount":1.0825632646008186E10}}]},"responseTimestamp":1634575093746}