{"success":true,"code":"SUCCESS","data":{"states":null,"districts":[{"entityName":"hyderabad","metric":{"type":"TOTAL","count":325636475,"amount":5.820791705340186E11}},{"entityName":"rangareddy","metric":{"type":"TOTAL","count":111354739,"amount":1.8883896604613513E11}},{"entityName":"medchal malkajgiri","metric":{"type":"TOTAL","count":98780634,"amount":1.6456826233006238E11}},{"entityName":"warangal urban","metric":{"type":"TOTAL","count":24530882,"amount":5.072502075670877E10}},{"entityName":"sangareddy","metric":{"type":"TOTAL","count":23598968,"amount":4.3773604056366425E10}},{"entityName":"nalgonda","metric":{"type":"TOTAL","count":14645444,"amount":3.3883155723957207E10}},{"entityName":"khammam","metric":{"type":"TOTAL","count":13424236,"amount":3.124520430811756E10}},{"entityName":"karimnagar","metric":{"type":"TOTAL","count":13040240,"amount":2.914922915648455E10}},{"entityName":"nizamabad","metric":{"type":"TOTAL","count":12113902,"amount":3.1740368651355705E10}},{"entityName":"bhadradri kothagudem","metric":{"type":"TOTAL","count":10121890,"amount":2.2567782620241013E10}}],"pincodes":[{"entityName":"500001","metric":{"type":"TOTAL","count":213053128,"amount":3.9879813808050854E11}},{"entityName":"500072","metric":{"type":"TOTAL","count":18702806,"amount":2.9184043437950966E10}},{"entityName":"500018","metric":{"type":"TOTAL","count":12702463,"amount":2.069770955867371E10}},{"entityName":"500081","metric":{"type":"TOTAL","count":8541538,"amount":1.0628519362206837E10}},{"entityName":"500016","metric":{"type":"TOTAL","count":7623882,"amount":1.0444173793396725E10}},{"entityName":"500039","metric":{"type":"TOTAL","count":7572515,"amount":1.257699987769634E10}},{"entityName":"500055","metric":{"type":"TOTAL","count":7434595,"amount":1.2863780360610619E10}},{"entityName":"505001","metric":{"type":"TOTAL","count":7132666,"amount":1.6100604693684223E10}},{"entityName":"500008","metric":{"type":"TOTAL","count":7087086,"amount":1.103589387894763E10}},{"entityName":"500070","metric":{"type":"TOTAL","count":6635068,"amount":1.3246403511021183E10}}]},"responseTimestamp":1643295708806}