{"success":true,"code":"SUCCESS","data":{"states":null,"districts":[{"entityName":"birbhum","metric":{"type":"TOTAL","count":2125816,"amount":2.520486412452376E9}},{"entityName":"kolkata","metric":{"type":"TOTAL","count":2043129,"amount":2.7533476601429114E9}},{"entityName":"north twenty four parganas","metric":{"type":"TOTAL","count":1235602,"amount":1.2829786291040893E9}},{"entityName":"murshidabad","metric":{"type":"TOTAL","count":833479,"amount":4.210688958684155E8}},{"entityName":"nadia","metric":{"type":"TOTAL","count":549427,"amount":3.0784016770912766E8}},{"entityName":"purba medinipur","metric":{"type":"TOTAL","count":516243,"amount":3.805343457354028E8}},{"entityName":"maldah","metric":{"type":"TOTAL","count":491756,"amount":2.836247024245752E8}},{"entityName":"south twenty four parganas","metric":{"type":"TOTAL","count":421793,"amount":3.49206351134772E8}},{"entityName":"paschim medinipur","metric":{"type":"TOTAL","count":419331,"amount":2.864834845978188E8}},{"entityName":"purba bardhaman","metric":{"type":"TOTAL","count":396998,"amount":2.123560237378838E8}}],"pincodes":[{"entityName":"731101","metric":{"type":"TOTAL","count":1764956,"amount":2.3667712857278423E9}},{"entityName":"700009","metric":{"type":"TOTAL","count":1390629,"amount":1.8511453744001179E9}},{"entityName":"700156","metric":{"type":"TOTAL","count":50034,"amount":7.351028036669578E7}},{"entityName":"742213","metric":{"type":"TOTAL","count":48824,"amount":1.541148360193361E7}},{"entityName":"700091","metric":{"type":"TOTAL","count":48144,"amount":7.067293855228977E7}},{"entityName":"742135","metric":{"type":"TOTAL","count":47390,"amount":1.8765930135698356E7}},{"entityName":"742224","metric":{"type":"TOTAL","count":46028,"amount":1.5494181913587485E7}},{"entityName":"743251","metric":{"type":"TOTAL","count":45281,"amount":3.5043656814430445E7}},{"entityName":"711104","metric":{"type":"TOTAL","count":44250,"amount":4.533947761379559E7}},{"entityName":"733128","metric":{"type":"TOTAL","count":42431,"amount":9925190.12011727}}]},"responseTimestamp":1630501487541}