{"success":true,"code":"SUCCESS","data":{"states":null,"districts":[{"entityName":"birbhum","metric":{"type":"TOTAL","count":2775489,"amount":3.988930679767912E9}},{"entityName":"kolkata","metric":{"type":"TOTAL","count":2501448,"amount":4.1098217298900533E9}},{"entityName":"north twenty four parganas","metric":{"type":"TOTAL","count":2119664,"amount":2.509379355091834E9}},{"entityName":"murshidabad","metric":{"type":"TOTAL","count":1290440,"amount":8.495175669427693E8}},{"entityName":"nadia","metric":{"type":"TOTAL","count":972818,"amount":6.332034480011742E8}},{"entityName":"purba medinipur","metric":{"type":"TOTAL","count":850189,"amount":7.51427465395005E8}},{"entityName":"bankura","metric":{"type":"TOTAL","count":747564,"amount":3.0772544478423697E8}},{"entityName":"purba bardhaman","metric":{"type":"TOTAL","count":738207,"amount":4.210727121548571E8}},{"entityName":"south twenty four parganas","metric":{"type":"TOTAL","count":727105,"amount":6.725913115734882E8}},{"entityName":"maldah","metric":{"type":"TOTAL","count":697698,"amount":5.931378765821025E8}}],"pincodes":[{"entityName":"731101","metric":{"type":"TOTAL","count":2134258,"amount":3.6979284076030483E9}},{"entityName":"700009","metric":{"type":"TOTAL","count":1473202,"amount":2.566583723725673E9}},{"entityName":"722122","metric":{"type":"TOTAL","count":95680,"amount":3.622086350259347E7}},{"entityName":"733140","metric":{"type":"TOTAL","count":92480,"amount":1.3696657610545103E7}},{"entityName":"700156","metric":{"type":"TOTAL","count":80914,"amount":1.1123352962644273E8}},{"entityName":"733127","metric":{"type":"TOTAL","count":77467,"amount":1.786365734095023E7}},{"entityName":"700091","metric":{"type":"TOTAL","count":77424,"amount":1.1790102449155578E8}},{"entityName":"741126","metric":{"type":"TOTAL","count":76939,"amount":3.2423772335153252E7}},{"entityName":"742303","metric":{"type":"TOTAL","count":75635,"amount":3.918239786366086E7}},{"entityName":"733124","metric":{"type":"TOTAL","count":69258,"amount":2.7735226066284887E7}}]},"responseTimestamp":1630501487884}