{"success":true,"code":"SUCCESS","data":{"states":null,"districts":[{"entityName":"birbhum","metric":{"type":"TOTAL","count":6066238,"amount":6.130627463516832E9}},{"entityName":"bankura","metric":{"type":"TOTAL","count":5179457,"amount":2.464193070534754E9}},{"entityName":"north twenty four parganas","metric":{"type":"TOTAL","count":4856114,"amount":4.545902671152222E9}},{"entityName":"kolkata","metric":{"type":"TOTAL","count":4733562,"amount":6.263652226964284E9}},{"entityName":"murshidabad","metric":{"type":"TOTAL","count":4125695,"amount":2.6575686239518037E9}},{"entityName":"purba bardhaman","metric":{"type":"TOTAL","count":3594299,"amount":1.9395798650387182E9}},{"entityName":"nadia","metric":{"type":"TOTAL","count":3491909,"amount":2.1409399256671455E9}},{"entityName":"paschim bardhaman","metric":{"type":"TOTAL","count":2874238,"amount":1.8478056447258697E9}},{"entityName":"purba medinipur","metric":{"type":"TOTAL","count":2641955,"amount":2.004301849281406E9}},{"entityName":"purulia","metric":{"type":"TOTAL","count":2634127,"amount":1.2556748448882928E9}}],"pincodes":[{"entityName":"731101","metric":{"type":"TOTAL","count":2644866,"amount":4.429377129783087E9}},{"entityName":"700009","metric":{"type":"TOTAL","count":2531420,"amount":3.5555533125767612E9}},{"entityName":"722122","metric":{"type":"TOTAL","count":718389,"amount":3.353924779789995E8}},{"entityName":"713519","metric":{"type":"TOTAL","count":620803,"amount":2.782048612892339E8}},{"entityName":"732206","metric":{"type":"TOTAL","count":453214,"amount":2.1817736677130905E8}},{"entityName":"721101","metric":{"type":"TOTAL","count":413065,"amount":2.372344235348468E8}},{"entityName":"722152","metric":{"type":"TOTAL","count":388529,"amount":1.7782027503914773E8}},{"entityName":"713405","metric":{"type":"TOTAL","count":363483,"amount":1.6068459919166076E8}},{"entityName":"723121","metric":{"type":"TOTAL","count":334772,"amount":1.6203474665074784E8}},{"entityName":"731234","metric":{"type":"TOTAL","count":326554,"amount":1.5642071652159482E8}}]},"responseTimestamp":1630501489327}