{"success":true,"code":"SUCCESS","data":{"states":null,"districts":[{"entityName":"kolkata","metric":{"type":"TOTAL","count":5401244,"amount":8.502095208881001E9}},{"entityName":"birbhum","metric":{"type":"TOTAL","count":4639212,"amount":6.605150572181274E9}},{"entityName":"north twenty four parganas","metric":{"type":"TOTAL","count":4412163,"amount":5.106478584138981E9}},{"entityName":"murshidabad","metric":{"type":"TOTAL","count":2771908,"amount":2.0738205446702852E9}},{"entityName":"hooghly","metric":{"type":"TOTAL","count":2105799,"amount":1.6207455493092494E9}},{"entityName":"south twenty four parganas","metric":{"type":"TOTAL","count":1839620,"amount":1.674747743946566E9}},{"entityName":"bankura","metric":{"type":"TOTAL","count":1674744,"amount":8.305801849676104E8}},{"entityName":"paschim medinipur","metric":{"type":"TOTAL","count":1645590,"amount":1.540090393616658E9}},{"entityName":"purba medinipur","metric":{"type":"TOTAL","count":1603344,"amount":1.962876573009977E9}},{"entityName":"nadia","metric":{"type":"TOTAL","count":1602207,"amount":1.48306980977854E9}}],"pincodes":[{"entityName":"731101","metric":{"type":"TOTAL","count":3284268,"amount":5.847016363011223E9}},{"entityName":"700009","metric":{"type":"TOTAL","count":2939284,"amount":4.991163446523161E9}},{"entityName":"700135","metric":{"type":"TOTAL","count":265080,"amount":2.1231688644638944E8}},{"entityName":"700156","metric":{"type":"TOTAL","count":264844,"amount":2.826353173170627E8}},{"entityName":"722122","metric":{"type":"TOTAL","count":206042,"amount":9.82032653067383E7}},{"entityName":"712410","metric":{"type":"TOTAL","count":198071,"amount":7.464033164184918E7}},{"entityName":"700091","metric":{"type":"TOTAL","count":195838,"amount":2.403634199647203E8}},{"entityName":"712401","metric":{"type":"TOTAL","count":186382,"amount":7.191356097618032E7}},{"entityName":"721101","metric":{"type":"TOTAL","count":181325,"amount":1.7024146973693904E8}},{"entityName":"742303","metric":{"type":"TOTAL","count":178756,"amount":1.0458669501496542E8}}]},"responseTimestamp":1630501490081}