{"success":true,"code":"SUCCESS","data":{"aggregated":{"registeredUsers":21667020,"appOpens":638490275},"usersByDevice":[{"brand":"Xiaomi","count":4978558,"percentage":0.2297758528860914},{"brand":"Vivo","count":4823657,"percentage":0.2226266925493215},{"brand":"Samsung","count":3775700,"percentage":0.1742602351407808},{"brand":"Oppo","count":2599406,"percentage":0.11997062817129443},{"brand":"Realme","count":1468106,"percentage":0.0677576334909},{"brand":"Apple","count":624113,"percentage":0.028804745645686393},{"brand":"OnePlus","count":549762,"percentage":0.02537321699061523},{"brand":"Motorola","count":495397,"percentage":0.022864104062302985},{"brand":"Huawei","count":485896,"percentage":0.022425603520927196},{"brand":"Lenovo","count":331152,"percentage":0.015283689219837337},{"brand":"Others","count":1535273,"percentage":0.07085759832224274}]},"responseTimestamp":1651127635087}