{"success":true,"code":"SUCCESS","data":{"states":[{"entityName":"karnataka","metric":{"type":"TOTAL","count":271033890,"amount":3.534020549994003E11}},{"entityName":"maharashtra","metric":{"type":"TOTAL","count":238944081,"amount":3.199951967180683E11}},{"entityName":"telangana","metric":{"type":"TOTAL","count":199409525,"amount":3.713437803682118E11}},{"entityName":"andhra pradesh","metric":{"type":"TOTAL","count":127677357,"amount":2.527372142890485E11}},{"entityName":"rajasthan","metric":{"type":"TOTAL","count":102258812,"amount":1.9030823856100217E11}},{"entityName":"uttar pradesh","metric":{"type":"TOTAL","count":97239132,"amount":1.7241643496069037E11}},{"entityName":"delhi","metric":{"type":"TOTAL","count":81747604,"amount":1.3361654364258943E11}},{"entityName":"madhya pradesh","metric":{"type":"TOTAL","count":79366746,"amount":1.2673728143618527E11}},{"entityName":"tamil nadu","metric":{"type":"TOTAL","count":66953473,"amount":1.165696861794346E11}},{"entityName":"west bengal","metric":{"type":"TOTAL","count":66250381,"amount":9.66533051909406E10}}],"districts":[{"entityName":"bengaluru urban","metric":{"type":"TOTAL","count":200174352,"amount":2.319706860137528E11}},{"entityName":"pune","metric":{"type":"TOTAL","count":107497963,"amount":1.191461777753236E11}},{"entityName":"hyderabad","metric":{"type":"TOTAL","count":94177232,"amount":1.8320720861081787E11}},{"entityName":"jaipur","metric":{"type":"TOTAL","count":52623661,"amount":9.836084799380875E10}},{"entityName":"rangareddy","metric":{"type":"TOTAL","count":31802492,"amount":4.588122827395146E10}},{"entityName":"visakhapatnam","metric":{"type":"TOTAL","count":27115031,"amount":4.8809747614678894E10}},{"entityName":"medchal malkajgiri","metric":{"type":"TOTAL","count":25458101,"amount":3.7404467180931694E10}},{"entityName":"central delhi","metric":{"type":"TOTAL","count":24757650,"amount":4.12194142050607E10}},{"entityName":"mumbai suburban","metric":{"type":"TOTAL","count":23598054,"amount":4.04621225696479E10}},{"entityName":"khordha","metric":{"type":"TOTAL","count":23152370,"amount":3.97551392386053E10}}],"pincodes":[{"entityName":"500001","metric":{"type":"TOTAL","count":63671159,"amount":1.3939486559549792E11}},{"entityName":"560001","metric":{"type":"TOTAL","count":57330889,"amount":8.113488697552737E10}},{"entityName":"411004","metric":{"type":"TOTAL","count":43278566,"amount":6.489493510399599E10}},{"entityName":"302016","metric":{"type":"TOTAL","count":24180734,"amount":5.617413737766255E10}},{"entityName":"110006","metric":{"type":"TOTAL","count":19881142,"amount":3.480370684831907E10}},{"entityName":"600003","metric":{"type":"TOTAL","count":14352747,"amount":2.9310364582884754E10}},{"entityName":"110001","metric":{"type":"TOTAL","count":13167147,"amount":2.7716426760692245E10}},{"entityName":"700009","metric":{"type":"TOTAL","count":13084249,"amount":2.4503076745659294E10}},{"entityName":"751001","metric":{"type":"TOTAL","count":11782987,"amount":2.554318275384958E10}},{"entityName":"400070","metric":{"type":"TOTAL","count":10817537,"amount":2.1066837485651253E10}}]},"responseTimestamp":1630501482109}