{"success":true,"code":"SUCCESS","data":{"states":[{"entityName":"karnataka","metric":{"type":"TOTAL","count":213221712,"amount":3.2110487702014185E11}},{"entityName":"maharashtra","metric":{"type":"TOTAL","count":184790761,"amount":2.963595171594161E11}},{"entityName":"telangana","metric":{"type":"TOTAL","count":152055143,"amount":3.2153183935242236E11}},{"entityName":"andhra pradesh","metric":{"type":"TOTAL","count":144917855,"amount":3.025836897465449E11}},{"entityName":"rajasthan","metric":{"type":"TOTAL","count":101954656,"amount":1.9376327300328284E11}},{"entityName":"uttar pradesh","metric":{"type":"TOTAL","count":100851965,"amount":1.7874401613031216E11}},{"entityName":"madhya pradesh","metric":{"type":"TOTAL","count":76340573,"amount":1.4792201528908447E11}},{"entityName":"delhi","metric":{"type":"TOTAL","count":66042018,"amount":1.078734382033316E11}},{"entityName":"west bengal","metric":{"type":"TOTAL","count":57676797,"amount":1.0009943187735757E11}},{"entityName":"bihar","metric":{"type":"TOTAL","count":53386742,"amount":1.2880652362885289E11}}],"districts":[{"entityName":"bengaluru urban","metric":{"type":"TOTAL","count":132120979,"amount":1.763570974667659E11}},{"entityName":"pune","metric":{"type":"TOTAL","count":58840981,"amount":9.489091473075931E10}},{"entityName":"hyderabad","metric":{"type":"TOTAL","count":56374644,"amount":1.3082006148830273E11}},{"entityName":"jaipur","metric":{"type":"TOTAL","count":43871862,"amount":8.827081697790562E10}},{"entityName":"visakhapatnam","metric":{"type":"TOTAL","count":25300401,"amount":4.829388991741437E10}},{"entityName":"rangareddy","metric":{"type":"TOTAL","count":18068048,"amount":3.1273545586261536E10}},{"entityName":"medchal malkajgiri","metric":{"type":"TOTAL","count":17860704,"amount":2.9732057894607735E10}},{"entityName":"central delhi","metric":{"type":"TOTAL","count":17641823,"amount":3.04185977393527E10}},{"entityName":"khordha","metric":{"type":"TOTAL","count":16842715,"amount":3.4814877058416145E10}},{"entityName":"ahmadabad","metric":{"type":"TOTAL","count":16430916,"amount":3.2731896547150326E10}}],"pincodes":[{"entityName":"500001","metric":{"type":"TOTAL","count":39752686,"amount":1.0196188224687434E11}},{"entityName":"560001","metric":{"type":"TOTAL","count":38973791,"amount":6.6590268182415665E10}},{"entityName":"411004","metric":{"type":"TOTAL","count":27617700,"amount":5.835270289056202E10}},{"entityName":"302016","metric":{"type":"TOTAL","count":22032140,"amount":5.361067507851194E10}},{"entityName":"110006","metric":{"type":"TOTAL","count":14401400,"amount":2.6006450222981194E10}},{"entityName":"110001","metric":{"type":"TOTAL","count":9780539,"amount":2.137000354627849E10}},{"entityName":"800001","metric":{"type":"TOTAL","count":9603835,"amount":2.9875811977924408E10}},{"entityName":"751001","metric":{"type":"TOTAL","count":9411361,"amount":2.3813152297287315E10}},{"entityName":"600003","metric":{"type":"TOTAL","count":8641869,"amount":2.2394007817575096E10}},{"entityName":"380001","metric":{"type":"TOTAL","count":8490730,"amount":2.121069864519712E10}}]},"responseTimestamp":1630501482109}