{"success":true,"code":"SUCCESS","data":{"states":null,"districts":[{"entityName":"aizawl","metric":{"type":"TOTAL","count":12006,"amount":2.7918980947612703E7}},{"entityName":"lunglei","metric":{"type":"TOTAL","count":1604,"amount":2350555.3184242332}},{"entityName":"kolasib","metric":{"type":"TOTAL","count":1457,"amount":3891685.392413744}},{"entityName":"mamit","metric":{"type":"TOTAL","count":1133,"amount":5729263.410353888}},{"entityName":"lawngtlai","metric":{"type":"TOTAL","count":735,"amount":547180.2110017058}},{"entityName":"serchhip","metric":{"type":"TOTAL","count":691,"amount":1729998.4078016218}},{"entityName":"saiha","metric":{"type":"TOTAL","count":482,"amount":2188550.572811981}},{"entityName":"champhai","metric":{"type":"TOTAL","count":453,"amount":871005.7153709702}}],"pincodes":[{"entityName":"796005","metric":{"type":"TOTAL","count":3256,"amount":6634317.385850769}},{"entityName":"796009","metric":{"type":"TOTAL","count":2877,"amount":7236697.988713781}},{"entityName":"796017","metric":{"type":"TOTAL","count":2056,"amount":5352070.799754951}},{"entityName":"796012","metric":{"type":"TOTAL","count":1302,"amount":4164889.2163916314}},{"entityName":"796701","metric":{"type":"TOTAL","count":940,"amount":1301113.214363089}},{"entityName":"796014","metric":{"type":"TOTAL","count":822,"amount":1536171.3135555775}},{"entityName":"796101","metric":{"type":"TOTAL","count":710,"amount":972787.163547812}},{"entityName":"796181","metric":{"type":"TOTAL","count":516,"amount":1583806.8762105957}},{"entityName":"796772","metric":{"type":"TOTAL","count":486,"amount":213309.69406339346}},{"entityName":"796421","metric":{"type":"TOTAL","count":474,"amount":865716.128361678}}]},"responseTimestamp":1630501487331}