{"success":true,"code":"SUCCESS","data":{"states":null,"districts":[{"entityName":"aizawl","metric":{"type":"TOTAL","count":16353,"amount":4.8340497162337765E7}},{"entityName":"lunglei","metric":{"type":"TOTAL","count":3249,"amount":6814747.054434758}},{"entityName":"kolasib","metric":{"type":"TOTAL","count":2092,"amount":5117340.437229811}},{"entityName":"mamit","metric":{"type":"TOTAL","count":1813,"amount":1.0477582990376014E7}},{"entityName":"serchhip","metric":{"type":"TOTAL","count":1237,"amount":3831939.5692156893}},{"entityName":"saiha","metric":{"type":"TOTAL","count":846,"amount":5346759.668342534}},{"entityName":"champhai","metric":{"type":"TOTAL","count":834,"amount":2204311.92373675}},{"entityName":"lawngtlai","metric":{"type":"TOTAL","count":627,"amount":1375226.7520610169}}],"pincodes":[{"entityName":"796005","metric":{"type":"TOTAL","count":4417,"amount":1.4440855066719865E7}},{"entityName":"796009","metric":{"type":"TOTAL","count":4288,"amount":1.2347576630092543E7}},{"entityName":"796017","metric":{"type":"TOTAL","count":2817,"amount":6939733.0537002}},{"entityName":"796012","metric":{"type":"TOTAL","count":1815,"amount":7684010.820948958}},{"entityName":"796701","metric":{"type":"TOTAL","count":1514,"amount":3314677.281403262}},{"entityName":"796181","metric":{"type":"TOTAL","count":1037,"amount":3325848.572601281}},{"entityName":"796751","metric":{"type":"TOTAL","count":983,"amount":1649407.3004339086}},{"entityName":"796014","metric":{"type":"TOTAL","count":956,"amount":2289322.4681476573}},{"entityName":"796101","metric":{"type":"TOTAL","count":892,"amount":1776698.4047262408}},{"entityName":"796901","metric":{"type":"TOTAL","count":736,"amount":5049445.365797166}}]},"responseTimestamp":1630501487719}