{"success":true,"code":"SUCCESS","data":{"states":null,"districts":[{"entityName":"aizawl","metric":{"type":"TOTAL","count":24199,"amount":7.203154121772185E7}},{"entityName":"lunglei","metric":{"type":"TOTAL","count":4716,"amount":1.2189472093972277E7}},{"entityName":"kolasib","metric":{"type":"TOTAL","count":2631,"amount":6563816.625400645}},{"entityName":"mamit","metric":{"type":"TOTAL","count":2247,"amount":5446959.531490731}},{"entityName":"serchhip","metric":{"type":"TOTAL","count":2133,"amount":6572902.580575922}},{"entityName":"lawngtlai","metric":{"type":"TOTAL","count":1231,"amount":3422241.331497662}},{"entityName":"champhai","metric":{"type":"TOTAL","count":1099,"amount":4369317.524420092}},{"entityName":"saiha","metric":{"type":"TOTAL","count":1060,"amount":6004487.220311114}}],"pincodes":[{"entityName":"796009","metric":{"type":"TOTAL","count":6407,"amount":2.0793872837517485E7}},{"entityName":"796005","metric":{"type":"TOTAL","count":6039,"amount":1.8735684687868983E7}},{"entityName":"796017","metric":{"type":"TOTAL","count":3562,"amount":1.0885780743589737E7}},{"entityName":"796012","metric":{"type":"TOTAL","count":2387,"amount":7270030.311964842}},{"entityName":"796701","metric":{"type":"TOTAL","count":2116,"amount":5451685.638387269}},{"entityName":"796181","metric":{"type":"TOTAL","count":1614,"amount":5395864.779380731}},{"entityName":"796025","metric":{"type":"TOTAL","count":1374,"amount":1387592.831823776}},{"entityName":"796014","metric":{"type":"TOTAL","count":1354,"amount":3878963.989123634}},{"entityName":"796751","metric":{"type":"TOTAL","count":1353,"amount":3096178.7394598788}},{"entityName":"796101","metric":{"type":"TOTAL","count":1276,"amount":2802222.970568683}}]},"responseTimestamp":1630501489147}