{"success":true,"code":"SUCCESS","data":{"states":null,"districts":[{"entityName":"aizawl","metric":{"type":"TOTAL","count":31828,"amount":1.1475715694931005E8}},{"entityName":"lunglei","metric":{"type":"TOTAL","count":6349,"amount":2.0867419800037555E7}},{"entityName":"kolasib","metric":{"type":"TOTAL","count":4701,"amount":1.3882638975375151E7}},{"entityName":"mamit","metric":{"type":"TOTAL","count":4168,"amount":1.2100776511940831E7}},{"entityName":"serchhip","metric":{"type":"TOTAL","count":2830,"amount":9311124.637936298}},{"entityName":"lawngtlai","metric":{"type":"TOTAL","count":2341,"amount":5862745.984908307}},{"entityName":"champhai","metric":{"type":"TOTAL","count":1726,"amount":6092672.776851988}},{"entityName":"saiha","metric":{"type":"TOTAL","count":1299,"amount":7552316.893169427}}],"pincodes":[{"entityName":"796009","metric":{"type":"TOTAL","count":9171,"amount":3.1415683665513154E7}},{"entityName":"796005","metric":{"type":"TOTAL","count":8062,"amount":2.9851790215654716E7}},{"entityName":"796017","metric":{"type":"TOTAL","count":4899,"amount":1.693255980195349E7}},{"entityName":"796701","metric":{"type":"TOTAL","count":3226,"amount":1.0530239137217648E7}},{"entityName":"796012","metric":{"type":"TOTAL","count":3127,"amount":1.523704400975996E7}},{"entityName":"796181","metric":{"type":"TOTAL","count":1957,"amount":7055363.567381321}},{"entityName":"796441","metric":{"type":"TOTAL","count":1885,"amount":5348984.97486765}},{"entityName":"796014","metric":{"type":"TOTAL","count":1806,"amount":7106611.8191277245}},{"entityName":"796081","metric":{"type":"TOTAL","count":1652,"amount":5024290.022353809}},{"entityName":"796101","metric":{"type":"TOTAL","count":1528,"amount":4954033.053730504}}]},"responseTimestamp":1630501489763}