{"success":true,"code":"SUCCESS","data":{"hoverData":{"yamunanagar district":{"registeredUsers":342886,"appOpens":5261303},"sonipat district":{"registeredUsers":626016,"appOpens":8614006},"jind district":{"registeredUsers":362830,"appOpens":10010350},"rohtak district":{"registeredUsers":432623,"appOpens":11550480},"faridabad district":{"registeredUsers":1654074,"appOpens":12225903},"mahendragarh district":{"registeredUsers":351808,"appOpens":9461334},"hisar district":{"registeredUsers":689980,"appOpens":21824961},"karnal district":{"registeredUsers":527415,"appOpens":8478743},"fatehabad district":{"registeredUsers":283380,"appOpens":9129258},"palwal district":{"registeredUsers":441872,"appOpens":7644104},"charkhi dadri district":{"registeredUsers":117471,"appOpens":3325337},"ambala district":{"registeredUsers":401530,"appOpens":4395015},"rewari district":{"registeredUsers":595001,"appOpens":7829983},"panchkula district":{"registeredUsers":290799,"appOpens":3228748},"bhiwani district":{"registeredUsers":400556,"appOpens":19969949},"sirsa district":{"registeredUsers":411238,"appOpens":15813675},"mewat district":{"registeredUsers":377036,"appOpens":8636382},"panipat district":{"registeredUsers":556104,"appOpens":6462976},"gurugram district":{"registeredUsers":2929873,"appOpens":21160321},"kaithal district":{"registeredUsers":288578,"appOpens":8668955},"kurukshetra district":{"registeredUsers":340030,"appOpens":4582898},"jhajjar district":{"registeredUsers":445888,"appOpens":8953786}}},"responseTimestamp":1651127652531}