{"success":true,"code":"SUCCESS","data":{"states":null,"districts":[{"name":"gurugram","registeredUsers":2262589},{"name":"faridabad","registeredUsers":1272506},{"name":"hisar","registeredUsers":526528},{"name":"sonipat","registeredUsers":475192},{"name":"rewari","registeredUsers":453500},{"name":"panipat","registeredUsers":423131},{"name":"karnal","registeredUsers":402850},{"name":"jhajjar","registeredUsers":337303},{"name":"palwal","registeredUsers":335048},{"name":"rohtak","registeredUsers":329147}],"pincodes":[{"name":"122001","registeredUsers":361360},{"name":"121004","registeredUsers":306230},{"name":"121003","registeredUsers":247955},{"name":"121001","registeredUsers":237542},{"name":"122006","registeredUsers":198022},{"name":"122002","registeredUsers":189395},{"name":"121102","registeredUsers":182342},{"name":"124001","registeredUsers":173733},{"name":"123401","registeredUsers":172665},{"name":"122004","registeredUsers":162301}]},"responseTimestamp":1630501499859}