{"success":true,"code":"SUCCESS","data":{"states":null,"districts":[{"name":"gurugram","registeredUsers":2416391},{"name":"faridabad","registeredUsers":1360855},{"name":"hisar","registeredUsers":564047},{"name":"sonipat","registeredUsers":510058},{"name":"rewari","registeredUsers":485784},{"name":"panipat","registeredUsers":454218},{"name":"karnal","registeredUsers":432042},{"name":"jhajjar","registeredUsers":362160},{"name":"palwal","registeredUsers":359544},{"name":"rohtak","registeredUsers":353305}],"pincodes":[{"name":"122001","registeredUsers":385555},{"name":"121004","registeredUsers":328000},{"name":"121003","registeredUsers":264861},{"name":"121001","registeredUsers":254045},{"name":"122006","registeredUsers":211281},{"name":"122002","registeredUsers":201795},{"name":"121102","registeredUsers":195621},{"name":"124001","registeredUsers":186059},{"name":"123401","registeredUsers":184718},{"name":"122004","registeredUsers":173740}]},"responseTimestamp":1630501500300}