{"success":true,"code":"SUCCESS","data":{"states":null,"districts":[{"name":"gurugram","registeredUsers":2589324},{"name":"faridabad","registeredUsers":1459758},{"name":"hisar","registeredUsers":606513},{"name":"sonipat","registeredUsers":549613},{"name":"rewari","registeredUsers":522734},{"name":"panipat","registeredUsers":489226},{"name":"karnal","registeredUsers":464990},{"name":"jhajjar","registeredUsers":390612},{"name":"palwal","registeredUsers":387557},{"name":"rohtak","registeredUsers":380370}],"pincodes":[{"name":"122001","registeredUsers":412737},{"name":"121004","registeredUsers":352312},{"name":"121003","registeredUsers":284042},{"name":"121001","registeredUsers":272333},{"name":"122006","registeredUsers":226097},{"name":"122002","registeredUsers":215608},{"name":"121102","registeredUsers":210637},{"name":"124001","registeredUsers":199561},{"name":"123401","registeredUsers":198439},{"name":"122004","registeredUsers":186579}]},"responseTimestamp":1634575137436}