{"success":true,"code":"SUCCESS","data":{"states":null,"districts":[{"name":"gurugram","registeredUsers":2764490},{"name":"faridabad","registeredUsers":1559756},{"name":"hisar","registeredUsers":648827},{"name":"sonipat","registeredUsers":588700},{"name":"rewari","registeredUsers":559494},{"name":"panipat","registeredUsers":523678},{"name":"karnal","registeredUsers":497166},{"name":"jhajjar","registeredUsers":418950},{"name":"palwal","registeredUsers":415495},{"name":"rohtak","registeredUsers":407245}],"pincodes":[{"name":"122001","registeredUsers":440178},{"name":"121004","registeredUsers":376910},{"name":"121003","registeredUsers":303566},{"name":"121001","registeredUsers":290827},{"name":"122006","registeredUsers":241050},{"name":"122002","registeredUsers":229524},{"name":"121102","registeredUsers":225645},{"name":"124001","registeredUsers":213051},{"name":"123401","registeredUsers":212046},{"name":"122004","registeredUsers":199804}]},"responseTimestamp":1643295752498}