{"success":true,"code":"SUCCESS","data":{"states":null,"districts":[{"name":"dehradun","registeredUsers":593420},{"name":"haridwar","registeredUsers":408768},{"name":"udham singh nagar","registeredUsers":351112},{"name":"nainital","registeredUsers":186948},{"name":"pauri garhwal","registeredUsers":90270},{"name":"tehri garhwal","registeredUsers":66293},{"name":"almora","registeredUsers":55964},{"name":"pithoragarh","registeredUsers":46554},{"name":"chamoli","registeredUsers":40668},{"name":"uttarkashi","registeredUsers":32713}],"pincodes":[{"name":"248001","registeredUsers":167128},{"name":"263153","registeredUsers":101035},{"name":"263139","registeredUsers":99310},{"name":"249403","registeredUsers":73299},{"name":"247667","registeredUsers":73268},{"name":"244713","registeredUsers":61242},{"name":"248007","registeredUsers":53342},{"name":"248008","registeredUsers":37215},{"name":"263148","registeredUsers":35816},{"name":"249404","registeredUsers":35047}]},"responseTimestamp":1630501498486}