{"success":true,"code":"SUCCESS","data":{"states":null,"districts":[{"name":"dehradun","registeredUsers":649026},{"name":"haridwar","registeredUsers":448939},{"name":"udham singh nagar","registeredUsers":383547},{"name":"nainital","registeredUsers":206076},{"name":"pauri garhwal","registeredUsers":101276},{"name":"tehri garhwal","registeredUsers":75996},{"name":"almora","registeredUsers":64523},{"name":"pithoragarh","registeredUsers":53375},{"name":"chamoli","registeredUsers":46467},{"name":"uttarkashi","registeredUsers":37671}],"pincodes":[{"name":"248001","registeredUsers":180405},{"name":"263153","registeredUsers":108650},{"name":"263139","registeredUsers":108459},{"name":"247667","registeredUsers":80123},{"name":"249403","registeredUsers":79076},{"name":"244713","registeredUsers":67771},{"name":"248007","registeredUsers":57631},{"name":"248008","registeredUsers":40946},{"name":"263148","registeredUsers":39290},{"name":"249404","registeredUsers":38205}]},"responseTimestamp":1630501498900}