{"success":true,"code":"SUCCESS","data":{"states":null,"districts":[{"name":"dehradun","registeredUsers":711303},{"name":"haridwar","registeredUsers":491252},{"name":"udham singh nagar","registeredUsers":418390},{"name":"nainital","registeredUsers":227497},{"name":"pauri garhwal","registeredUsers":112287},{"name":"tehri garhwal","registeredUsers":85276},{"name":"almora","registeredUsers":72829},{"name":"pithoragarh","registeredUsers":60279},{"name":"chamoli","registeredUsers":52184},{"name":"uttarkashi","registeredUsers":42144}],"pincodes":[{"name":"248001","registeredUsers":196414},{"name":"263139","registeredUsers":119265},{"name":"263153","registeredUsers":117596},{"name":"247667","registeredUsers":87577},{"name":"249403","registeredUsers":85731},{"name":"244713","registeredUsers":74529},{"name":"248007","registeredUsers":62484},{"name":"248008","registeredUsers":45231},{"name":"263148","registeredUsers":42926},{"name":"249404","registeredUsers":41745}]},"responseTimestamp":1630501499340}