{"success":true,"code":"SUCCESS","data":{"states":null,"districts":[{"name":"dehradun","registeredUsers":779564},{"name":"haridwar","registeredUsers":537058},{"name":"udham singh nagar","registeredUsers":456356},{"name":"nainital","registeredUsers":249856},{"name":"pauri garhwal","registeredUsers":123892},{"name":"tehri garhwal","registeredUsers":94520},{"name":"almora","registeredUsers":81020},{"name":"pithoragarh","registeredUsers":67024},{"name":"chamoli","registeredUsers":58039},{"name":"uttarkashi","registeredUsers":46810}],"pincodes":[{"name":"248001","registeredUsers":214162},{"name":"263139","registeredUsers":130684},{"name":"263153","registeredUsers":127869},{"name":"247667","registeredUsers":95688},{"name":"249403","registeredUsers":93197},{"name":"244713","registeredUsers":81687},{"name":"248007","registeredUsers":68280},{"name":"248008","registeredUsers":49821},{"name":"263148","registeredUsers":46923},{"name":"249404","registeredUsers":45495}]},"responseTimestamp":1630501499750}