{"success":true,"code":"SUCCESS","data":{"states":[{"entityName":"maharashtra","metric":{"type":"TOTAL","count":16387034,"amount":2.1711613257725674E10}},{"entityName":"uttar pradesh","metric":{"type":"TOTAL","count":12537805,"amount":1.3939970923223106E10}},{"entityName":"karnataka","metric":{"type":"TOTAL","count":12016899,"amount":1.9217895314012802E10}},{"entityName":"west bengal","metric":{"type":"TOTAL","count":11710225,"amount":1.0625978552140453E10}},{"entityName":"andhra pradesh","metric":{"type":"TOTAL","count":9039585,"amount":1.1996276391823706E10}},{"entityName":"telangana","metric":{"type":"TOTAL","count":8522766,"amount":1.3308204118542435E10}},{"entityName":"madhya pradesh","metric":{"type":"TOTAL","count":8025395,"amount":8.681603403446348E9}},{"entityName":"rajasthan","metric":{"type":"TOTAL","count":7591690,"amount":8.92629313072684E9}},{"entityName":"delhi","metric":{"type":"TOTAL","count":7122754,"amount":1.121150380691996E10}},{"entityName":"tamil nadu","metric":{"type":"TOTAL","count":6726622,"amount":1.1261557697516891E10}}],"districts":[{"entityName":"bengaluru urban","metric":{"type":"TOTAL","count":8306513,"amount":1.416275030306484E10}},{"entityName":"pune","metric":{"type":"TOTAL","count":3842929,"amount":5.378982326835919E9}},{"entityName":"central delhi","metric":{"type":"TOTAL","count":2997714,"amount":4.312145216274474E9}},{"entityName":"mumbai","metric":{"type":"TOTAL","count":2671029,"amount":3.923116793952079E9}},{"entityName":"chennai","metric":{"type":"TOTAL","count":2656230,"amount":4.281137762522443E9}},{"entityName":"hyderabad","metric":{"type":"TOTAL","count":2545507,"amount":4.28722378976588E9}},{"entityName":"jaipur","metric":{"type":"TOTAL","count":2417174,"amount":2.9530869601413727E9}},{"entityName":"birbhum","metric":{"type":"TOTAL","count":2125816,"amount":2.520486412452376E9}},{"entityName":"kolkata","metric":{"type":"TOTAL","count":2043129,"amount":2.7533476601429114E9}},{"entityName":"bhopal","metric":{"type":"TOTAL","count":1704495,"amount":1.9054738748326716E9}}],"pincodes":[{"entityName":"560001","metric":{"type":"TOTAL","count":2917356,"amount":4.684262246184548E9}},{"entityName":"110006","metric":{"type":"TOTAL","count":2636324,"amount":3.714139312238586E9}},{"entityName":"400008","metric":{"type":"TOTAL","count":2227885,"amount":3.105208723475169E9}},{"entityName":"600003","metric":{"type":"TOTAL","count":2010196,"amount":2.997847000265506E9}},{"entityName":"731101","metric":{"type":"TOTAL","count":1764956,"amount":2.3667712857278423E9}},{"entityName":"700009","metric":{"type":"TOTAL","count":1390629,"amount":1.8511453744001179E9}},{"entityName":"411001","metric":{"type":"TOTAL","count":1055656,"amount":1.4135236055956619E9}},{"entityName":"500012","metric":{"type":"TOTAL","count":933013,"amount":1.6430619764262943E9}},{"entityName":"462001","metric":{"type":"TOTAL","count":832846,"amount":8.98730606684653E8}},{"entityName":"201301","metric":{"type":"TOTAL","count":690196,"amount":9.876134389540119E8}}]},"responseTimestamp":1630501481910}