{"success":true,"code":"SUCCESS","data":{"states":[{"entityName":"maharashtra","metric":{"type":"TOTAL","count":22285740,"amount":3.635705724112254E10}},{"entityName":"west bengal","metric":{"type":"TOTAL","count":18082446,"amount":1.8629183470204285E10}},{"entityName":"uttar pradesh","metric":{"type":"TOTAL","count":17710943,"amount":2.5720201695701435E10}},{"entityName":"karnataka","metric":{"type":"TOTAL","count":17116447,"amount":3.351558008129709E10}},{"entityName":"andhra pradesh","metric":{"type":"TOTAL","count":12353918,"amount":2.2883914272633617E10}},{"entityName":"telangana","metric":{"type":"TOTAL","count":10764670,"amount":2.3017201517652737E10}},{"entityName":"madhya pradesh","metric":{"type":"TOTAL","count":10561412,"amount":1.5924081066680984E10}},{"entityName":"tamil nadu","metric":{"type":"TOTAL","count":9992128,"amount":2.0125844276267662E10}},{"entityName":"rajasthan","metric":{"type":"TOTAL","count":9973697,"amount":1.5559086175759623E10}},{"entityName":"delhi","metric":{"type":"TOTAL","count":9373723,"amount":1.7446299902205147E10}}],"districts":[{"entityName":"bengaluru urban","metric":{"type":"TOTAL","count":11916035,"amount":2.382472796549048E10}},{"entityName":"pune","metric":{"type":"TOTAL","count":5162876,"amount":8.513428062925206E9}},{"entityName":"chennai","metric":{"type":"TOTAL","count":3719593,"amount":7.305357440752291E9}},{"entityName":"central delhi","metric":{"type":"TOTAL","count":3589206,"amount":6.223466821092629E9}},{"entityName":"mumbai","metric":{"type":"TOTAL","count":3277612,"amount":6.048515205760132E9}},{"entityName":"jaipur","metric":{"type":"TOTAL","count":3175255,"amount":4.952882923415596E9}},{"entityName":"hyderabad","metric":{"type":"TOTAL","count":3156805,"amount":6.628159910681627E9}},{"entityName":"birbhum","metric":{"type":"TOTAL","count":2775489,"amount":3.988930679767912E9}},{"entityName":"kolkata","metric":{"type":"TOTAL","count":2501448,"amount":4.1098217298900533E9}},{"entityName":"north twenty four parganas","metric":{"type":"TOTAL","count":2119664,"amount":2.509379355091834E9}}],"pincodes":[{"entityName":"560001","metric":{"type":"TOTAL","count":3777086,"amount":7.545089760607167E9}},{"entityName":"110006","metric":{"type":"TOTAL","count":3069733,"amount":5.237594871124264E9}},{"entityName":"600003","metric":{"type":"TOTAL","count":2771900,"amount":5.194488793022476E9}},{"entityName":"400008","metric":{"type":"TOTAL","count":2631405,"amount":4.703762207003538E9}},{"entityName":"731101","metric":{"type":"TOTAL","count":2134258,"amount":3.697928407603048E9}},{"entityName":"700009","metric":{"type":"TOTAL","count":1473202,"amount":2.566583723725673E9}},{"entityName":"411001","metric":{"type":"TOTAL","count":1316115,"amount":2.1456137835507011E9}},{"entityName":"500012","metric":{"type":"TOTAL","count":1024336,"amount":2.2570382181929708E9}},{"entityName":"201301","metric":{"type":"TOTAL","count":971854,"amount":1.6732809793831716E9}},{"entityName":"462001","metric":{"type":"TOTAL","count":928983,"amount":1.4436264931959715E9}}]},"responseTimestamp":1630501481910}