{"success":true,"code":"SUCCESS","data":{"states":[{"entityName":"maharashtra","metric":{"type":"TOTAL","count":46090223,"amount":7.951893704782959E10}},{"entityName":"karnataka","metric":{"type":"TOTAL","count":44812071,"amount":7.300838657605942E10}},{"entityName":"west bengal","metric":{"type":"TOTAL","count":36513548,"amount":4.048961921170402E10}},{"entityName":"uttar pradesh","metric":{"type":"TOTAL","count":36100767,"amount":5.509674357591497E10}},{"entityName":"andhra pradesh","metric":{"type":"TOTAL","count":30759548,"amount":5.147377940684041E10}},{"entityName":"delhi","metric":{"type":"TOTAL","count":29187719,"amount":3.9722857618706436E10}},{"entityName":"telangana","metric":{"type":"TOTAL","count":28921154,"amount":4.950908844804927E10}},{"entityName":"tamil nadu","metric":{"type":"TOTAL","count":22457444,"amount":4.3302073975890976E10}},{"entityName":"madhya pradesh","metric":{"type":"TOTAL","count":21397555,"amount":3.3905608072964783E10}},{"entityName":"odisha","metric":{"type":"TOTAL","count":21142798,"amount":2.342986957155922E10}}],"districts":[{"entityName":"bengaluru urban","metric":{"type":"TOTAL","count":33061353,"amount":5.027916500307312E10}},{"entityName":"pune","metric":{"type":"TOTAL","count":11075153,"amount":1.8048884123019886E10}},{"entityName":"central delhi","metric":{"type":"TOTAL","count":9373395,"amount":1.3878492766290386E10}},{"entityName":"hyderabad","metric":{"type":"TOTAL","count":9360515,"amount":1.4727846731548256E10}},{"entityName":"chennai","metric":{"type":"TOTAL","count":8007699,"amount":1.463239511056675E10}},{"entityName":"jaipur","metric":{"type":"TOTAL","count":7271209,"amount":1.2107341570492035E10}},{"entityName":"gautam buddha nagar","metric":{"type":"TOTAL","count":6083056,"amount":7.48353254363562E9}},{"entityName":"mumbai","metric":{"type":"TOTAL","count":6060284,"amount":1.1506143747453331E10}},{"entityName":"rangareddy","metric":{"type":"TOTAL","count":5803319,"amount":9.396311751227482E9}},{"entityName":"kolkata","metric":{"type":"TOTAL","count":5401244,"amount":8.502095208881001E9}}],"pincodes":[{"entityName":"560001","metric":{"type":"TOTAL","count":7725284,"amount":1.4030425393295612E10}},{"entityName":"110006","metric":{"type":"TOTAL","count":7532374,"amount":1.1605568511039162E10}},{"entityName":"600003","metric":{"type":"TOTAL","count":5539392,"amount":1.006636592324963E10}},{"entityName":"400008","metric":{"type":"TOTAL","count":4586309,"amount":8.4749036071238575E9}},{"entityName":"731101","metric":{"type":"TOTAL","count":3284268,"amount":5.847016363011223E9}},{"entityName":"700009","metric":{"type":"TOTAL","count":2939284,"amount":4.991163446523161E9}},{"entityName":"500012","metric":{"type":"TOTAL","count":2576408,"amount":4.841883809168822E9}},{"entityName":"201301","metric":{"type":"TOTAL","count":2504916,"amount":3.217987818841588E9}},{"entityName":"411001","metric":{"type":"TOTAL","count":2176631,"amount":3.9174443994306126E9}},{"entityName":"560068","metric":{"type":"TOTAL","count":1630650,"amount":1.941175277185885E9}}]},"responseTimestamp":1630501481913}