{"success":true,"code":"SUCCESS","data":{"hoverDataList":[{"name":"puducherry","metric":[{"type":"TOTAL","count":7359176,"amount":1.2083474905386654E10}]},{"name":"tamil nadu","metric":[{"type":"TOTAL","count":294573150,"amount":5.1278920160061597E11}]},{"name":"uttar pradesh","metric":[{"type":"TOTAL","count":473953246,"amount":8.83123174117039E11}]},{"name":"madhya pradesh","metric":[{"type":"TOTAL","count":472703058,"amount":7.476651395996421E11}]},{"name":"andhra pradesh","metric":[{"type":"TOTAL","count":582603911,"amount":1.2943206465548625E12}]},{"name":"tripura","metric":[{"type":"TOTAL","count":2871190,"amount":6.247329764349836E9}]},{"name":"lakshadweep","metric":[{"type":"TOTAL","count":16397,"amount":5.493943265393007E7}]},{"name":"manipur","metric":[{"type":"TOTAL","count":5313679,"amount":1.4144501078373814E10}]},{"name":"maharashtra","metric":[{"type":"TOTAL","count":1169506438,"amount":1.6813992739811614E12}]},{"name":"dadra & nagar haveli & daman & diu","metric":[{"type":"TOTAL","count":4802803,"amount":6.237048367262389E9}]},{"name":"meghalaya","metric":[{"type":"TOTAL","count":1674750,"amount":4.66233833133188E9}]},{"name":"andaman & nicobar islands","metric":[{"type":"TOTAL","count":794748,"amount":2.1290302020751667E9}]},{"name":"haryana","metric":[{"type":"TOTAL","count":191988609,"amount":3.4130404265278125E11}]},{"name":"rajasthan","metric":[{"type":"TOTAL","count":564962220,"amount":1.0220501809801362E12}]},{"name":"ladakh","metric":[{"type":"TOTAL","count":630015,"amount":2.0250409188422096E9}]},{"name":"punjab","metric":[{"type":"TOTAL","count":57758302,"amount":1.1838997810596233E11}]},{"name":"assam","metric":[{"type":"TOTAL","count":58889886,"amount":1.3228043789270251E11}]},{"name":"jharkhand","metric":[{"type":"TOTAL","count":110911210,"amount":1.9470020708716907E11}]},{"name":"odisha","metric":[{"type":"TOTAL","count":263633499,"amount":4.512273117797898E11}]},{"name":"bihar","metric":[{"type":"TOTAL","count":284390434,"amount":6.114116957311454E11}]},{"name":"kerala","metric":[{"type":"TOTAL","count":95280965,"amount":1.3998894246469464E11}]},{"name":"karnataka","metric":[{"type":"TOTAL","count":1057855407,"amount":1.5666494883058838E12}]},{"name":"chandigarh","metric":[{"type":"TOTAL","count":8600491,"amount":1.5174991549840002E10}]},{"name":"telangana","metric":[{"type":"TOTAL","count":886453385,"amount":1.670638169828999E12}]},{"name":"himachal pradesh","metric":[{"type":"TOTAL","count":16088180,"amount":2.6518447439932728E10}]},{"name":"west bengal","metric":[{"type":"TOTAL","count":260505092,"amount":5.514266632095653E11}]},{"name":"gujarat","metric":[{"type":"TOTAL","count":210547146,"amount":3.925480922535477E11}]},{"name":"sikkim","metric":[{"type":"TOTAL","count":1744302,"amount":4.367431275863418E9}]},{"name":"nagaland","metric":[{"type":"TOTAL","count":1925952,"amount":5.544951708895753E9}]},{"name":"mizoram","metric":[{"type":"TOTAL","count":604917,"amount":1.9451589636112473E9}]},{"name":"chhattisgarh","metric":[{"type":"TOTAL","count":97413292,"amount":1.578470454548349E11}]},{"name":"jammu & kashmir","metric":[{"type":"TOTAL","count":16245311,"amount":3.3147863626158833E10}]},{"name":"goa","metric":[{"type":"TOTAL","count":12214098,"amount":1.9816445402846123E10}]},{"name":"arunachal pradesh","metric":[{"type":"TOTAL","count":2804068,"amount":7.8280916280873575E9}]},{"name":"delhi","metric":[{"type":"TOTAL","count":330999861,"amount":5.369649208362892E11}]},{"name":"uttarakhand","metric":[{"type":"TOTAL","count":44560772,"amount":7.097878250007388E10}]}]},"responseTimestamp":1651127571275}