{"success":true,"code":"SUCCESS","data":{"hoverDataList":[{"name":"thiruvananthapuram district","metric":[{"type":"TOTAL","count":1957687,"amount":3.050411160545363E9}]},{"name":"kasaragod district","metric":[{"type":"TOTAL","count":301169,"amount":5.070738033718973E8}]},{"name":"malappuram district","metric":[{"type":"TOTAL","count":1032834,"amount":1.7070135511569433E9}]},{"name":"pathanamthitta district","metric":[{"type":"TOTAL","count":271212,"amount":4.387456256228532E8}]},{"name":"wayanad district","metric":[{"type":"TOTAL","count":289132,"amount":4.931879387452661E8}]},{"name":"alappuzha district","metric":[{"type":"TOTAL","count":655979,"amount":9.39182379108365E8}]},{"name":"kozhikode district","metric":[{"type":"TOTAL","count":1568774,"amount":2.563142658862935E9}]},{"name":"kollam district","metric":[{"type":"TOTAL","count":773621,"amount":1.1326313982083387E9}]},{"name":"thrissur district","metric":[{"type":"TOTAL","count":1370029,"amount":2.546348594755377E9}]},{"name":"palakkad district","metric":[{"type":"TOTAL","count":715756,"amount":1.1964337774224691E9}]},{"name":"kannur district","metric":[{"type":"TOTAL","count":703334,"amount":1.0735777089427073E9}]},{"name":"kottayam district","metric":[{"type":"TOTAL","count":752571,"amount":1.3307112607580514E9}]},{"name":"ernakulam district","metric":[{"type":"TOTAL","count":5025201,"amount":8.938376106912516E9}]},{"name":"idukki district","metric":[{"type":"TOTAL","count":316223,"amount":5.342488665212162E8}]}]},"responseTimestamp":1630502911251}