{"success":true,"code":"SUCCESS","data":{"hoverDataList":[{"name":"thiruvananthapuram district","metric":[{"type":"TOTAL","count":1742767,"amount":2.599631080622644E9}]},{"name":"kasaragod district","metric":[{"type":"TOTAL","count":446953,"amount":5.910691758807278E8}]},{"name":"malappuram district","metric":[{"type":"TOTAL","count":1257378,"amount":1.8032016599709346E9}]},{"name":"pathanamthitta district","metric":[{"type":"TOTAL","count":341421,"amount":4.5107869619252056E8}]},{"name":"wayanad district","metric":[{"type":"TOTAL","count":382374,"amount":5.197822333701738E8}]},{"name":"alappuzha district","metric":[{"type":"TOTAL","count":755556,"amount":9.420565603210676E8}]},{"name":"kozhikode district","metric":[{"type":"TOTAL","count":1566564,"amount":2.243504596608429E9}]},{"name":"kollam district","metric":[{"type":"TOTAL","count":893973,"amount":1.19388512837001E9}]},{"name":"thrissur district","metric":[{"type":"TOTAL","count":1351787,"amount":2.3410585670443115E9}]},{"name":"palakkad district","metric":[{"type":"TOTAL","count":893115,"amount":1.2919664075463247E9}]},{"name":"kannur district","metric":[{"type":"TOTAL","count":998243,"amount":1.1897509573159876E9}]},{"name":"kottayam district","metric":[{"type":"TOTAL","count":761782,"amount":1.2049709224053957E9}]},{"name":"ernakulam district","metric":[{"type":"TOTAL","count":4530511,"amount":9.056027224418602E9}]},{"name":"idukki district","metric":[{"type":"TOTAL","count":365543,"amount":4.6609526853298694E8}]}]},"responseTimestamp":1630502911305}