{"success":true,"code":"SUCCESS","data":{"hoverDataList":[{"name":"thiruvananthapuram district","metric":[{"type":"TOTAL","count":2081035,"amount":3.4931718778317666E9}]},{"name":"kasaragod district","metric":[{"type":"TOTAL","count":596614,"amount":1.1660121736974864E9}]},{"name":"malappuram district","metric":[{"type":"TOTAL","count":1898768,"amount":3.664780939093948E9}]},{"name":"pathanamthitta district","metric":[{"type":"TOTAL","count":489737,"amount":8.452167979095387E8}]},{"name":"wayanad district","metric":[{"type":"TOTAL","count":513419,"amount":8.873063303024907E8}]},{"name":"alappuzha district","metric":[{"type":"TOTAL","count":1034921,"amount":1.5567810581512263E9}]},{"name":"kozhikode district","metric":[{"type":"TOTAL","count":2170142,"amount":3.948266707535822E9}]},{"name":"kollam district","metric":[{"type":"TOTAL","count":1338722,"amount":2.2895956469909644E9}]},{"name":"thrissur district","metric":[{"type":"TOTAL","count":1849073,"amount":3.785405397493615E9}]},{"name":"palakkad district","metric":[{"type":"TOTAL","count":1116331,"amount":2.004283358564612E9}]},{"name":"kannur district","metric":[{"type":"TOTAL","count":1278504,"amount":2.162452906343422E9}]},{"name":"kottayam district","metric":[{"type":"TOTAL","count":1001447,"amount":1.8880529396003127E9}]},{"name":"ernakulam district","metric":[{"type":"TOTAL","count":5931363,"amount":1.1683184896523336E10}]},{"name":"idukki district","metric":[{"type":"TOTAL","count":458604,"amount":7.896396219157053E8}]}]},"responseTimestamp":1630502911349}