{"success":true,"code":"SUCCESS","data":{"hoverDataList":[{"name":"thiruvananthapuram district","metric":[{"type":"TOTAL","count":3376010,"amount":5.574649734488936E9}]},{"name":"kasaragod district","metric":[{"type":"TOTAL","count":890448,"amount":1.587677250122615E9}]},{"name":"malappuram district","metric":[{"type":"TOTAL","count":2988328,"amount":5.198015036320328E9}]},{"name":"pathanamthitta district","metric":[{"type":"TOTAL","count":749642,"amount":1.316217608809388E9}]},{"name":"wayanad district","metric":[{"type":"TOTAL","count":901483,"amount":1.5311990143045726E9}]},{"name":"alappuzha district","metric":[{"type":"TOTAL","count":1562242,"amount":2.495781952453473E9}]},{"name":"kozhikode district","metric":[{"type":"TOTAL","count":3436777,"amount":5.728144598801697E9}]},{"name":"kollam district","metric":[{"type":"TOTAL","count":1917078,"amount":3.3465512143340144E9}]},{"name":"thrissur district","metric":[{"type":"TOTAL","count":2628494,"amount":5.026840469302741E9}]},{"name":"palakkad district","metric":[{"type":"TOTAL","count":1675633,"amount":3.1022768575431166E9}]},{"name":"kannur district","metric":[{"type":"TOTAL","count":1966681,"amount":3.36886604727071E9}]},{"name":"kottayam district","metric":[{"type":"TOTAL","count":1486474,"amount":2.688432124592808E9}]},{"name":"ernakulam district","metric":[{"type":"TOTAL","count":8950159,"amount":1.4375193240807178E10}]},{"name":"idukki district","metric":[{"type":"TOTAL","count":758738,"amount":1.4154114978597498E9}]}]},"responseTimestamp":1630502911398}