{"success":true,"code":"SUCCESS","data":{"states":null,"districts":[{"name":"patna","registeredUsers":2443356},{"name":"muzaffarpur","registeredUsers":962924},{"name":"purbi champaran","registeredUsers":912427},{"name":"gaya","registeredUsers":769265},{"name":"pashchim champaran","registeredUsers":692182},{"name":"saran","registeredUsers":673849},{"name":"samastipur","registeredUsers":672508},{"name":"madhubani","registeredUsers":672303},{"name":"darbhanga","registeredUsers":669850},{"name":"vaishali","registeredUsers":614159}],"pincodes":[{"name":"800001","registeredUsers":374585},{"name":"800006","registeredUsers":244496},{"name":"800020","registeredUsers":226982},{"name":"845401","registeredUsers":199667},{"name":"845438","registeredUsers":164043},{"name":"823001","registeredUsers":138345},{"name":"842001","registeredUsers":125613},{"name":"846004","registeredUsers":120989},{"name":"802301","registeredUsers":119021},{"name":"801503","registeredUsers":118829}]},"responseTimestamp":1651127667215}