{"success":true,"code":"SUCCESS","data":{"hoverData":{"east godavari district":{"registeredUsers":1878769,"appOpens":91478749},"srikakulam district":{"registeredUsers":782604,"appOpens":40590058},"visakhapatnam district":{"registeredUsers":2368081,"appOpens":135908324},"prakasam district":{"registeredUsers":1075936,"appOpens":56911479},"anantapur district":{"registeredUsers":1394849,"appOpens":73375049},"kurnool district":{"registeredUsers":1323411,"appOpens":65326230},"guntur district":{"registeredUsers":1843237,"appOpens":92731167},"krishna district":{"registeredUsers":1876458,"appOpens":92941553},"spsr nellore district":{"registeredUsers":1100541,"appOpens":60691988},"vizianagaram district":{"registeredUsers":681621,"appOpens":37752539},"ysr district":{"registeredUsers":1032689,"appOpens":53525815},"west godavari district":{"registeredUsers":1254117,"appOpens":57392671},"chittoor district":{"registeredUsers":1751420,"appOpens":99083825}}},"responseTimestamp":1630502912040}