{"success":true,"code":"SUCCESS","data":{"hoverData":{"east godavari district":{"registeredUsers":2006272,"appOpens":84705076},"srikakulam district":{"registeredUsers":837958,"appOpens":43740255},"visakhapatnam district":{"registeredUsers":2526830,"appOpens":114313154},"prakasam district":{"registeredUsers":1151232,"appOpens":76850749},"anantapur district":{"registeredUsers":1492738,"appOpens":104568606},"kurnool district":{"registeredUsers":1415585,"appOpens":81894678},"guntur district":{"registeredUsers":1968681,"appOpens":88248064},"krishna district":{"registeredUsers":2002662,"appOpens":85771678},"spsr nellore district":{"registeredUsers":1176334,"appOpens":74049216},"vizianagaram district":{"registeredUsers":729509,"appOpens":42684475},"ysr district":{"registeredUsers":1103004,"appOpens":72255265},"west godavari district":{"registeredUsers":1339377,"appOpens":65118788},"chittoor district":{"registeredUsers":1870723,"appOpens":110505432}}},"responseTimestamp":1630502912082}