{"success":true,"code":"SUCCESS","data":{"hoverData":{"east godavari district":{"registeredUsers":2150622,"appOpens":103626560},"srikakulam district":{"registeredUsers":902008,"appOpens":48622126},"visakhapatnam district":{"registeredUsers":2707931,"appOpens":139540800},"prakasam district":{"registeredUsers":1239147,"appOpens":91533813},"anantapur district":{"registeredUsers":1606735,"appOpens":124985545},"kurnool district":{"registeredUsers":1522196,"appOpens":101210508},"guntur district":{"registeredUsers":2110878,"appOpens":106621413},"krishna district":{"registeredUsers":2145423,"appOpens":104358295},"spsr nellore district":{"registeredUsers":1263550,"appOpens":90102349},"vizianagaram district":{"registeredUsers":784444,"appOpens":46277311},"ysr district":{"registeredUsers":1183377,"appOpens":86369956},"west godavari district":{"registeredUsers":1436576,"appOpens":80244808},"chittoor district":{"registeredUsers":2007011,"appOpens":135043395}}},"responseTimestamp":1634575128474}