{"success":true,"code":"SUCCESS","data":{"hoverData":{"east godavari district":{"registeredUsers":2294347,"appOpens":142536856},"srikakulam district":{"registeredUsers":965335,"appOpens":61654215},"visakhapatnam district":{"registeredUsers":2888774,"appOpens":188757640},"prakasam district":{"registeredUsers":1325728,"appOpens":86410317},"anantapur district":{"registeredUsers":1719437,"appOpens":120768682},"kurnool district":{"registeredUsers":1628242,"appOpens":97379271},"guntur district":{"registeredUsers":2252443,"appOpens":130920743},"krishna district":{"registeredUsers":2288148,"appOpens":134436469},"spsr nellore district":{"registeredUsers":1349290,"appOpens":90814672},"vizianagaram district":{"registeredUsers":839606,"appOpens":56101822},"ysr district":{"registeredUsers":1262963,"appOpens":83534122},"west godavari district":{"registeredUsers":1532898,"appOpens":100007280},"chittoor district":{"registeredUsers":2141818,"appOpens":154395512}}},"responseTimestamp":1643295743127}