{"success":true,"code":"SUCCESS","data":{"hoverDataList":[{"name":"tiruchirappalli district","metric":[{"type":"TOTAL","count":5422369,"amount":1.1360010997109035E10}]},{"name":"ramanathapuram district","metric":[{"type":"TOTAL","count":1425024,"amount":3.3611696343715773E9}]},{"name":"krishnagiri district","metric":[{"type":"TOTAL","count":11729353,"amount":2.0650466208670742E10}]},{"name":"cuddalore district","metric":[{"type":"TOTAL","count":3854898,"amount":7.32808316935031E9}]},{"name":"kancheepuram district","metric":[{"type":"TOTAL","count":13219354,"amount":1.9642924522879723E10}]},{"name":"tiruppur district","metric":[{"type":"TOTAL","count":12755181,"amount":2.0994558968024055E10}]},{"name":"dharmapuri district","metric":[{"type":"TOTAL","count":4750920,"amount":1.0116593522472927E10}]},{"name":"thoothukkudi district","metric":[{"type":"TOTAL","count":2388242,"amount":5.004713169898031E9}]},{"name":"thanjavur district","metric":[{"type":"TOTAL","count":2942810,"amount":6.384285130794783E9}]},{"name":"madurai district","metric":[{"type":"TOTAL","count":7084562,"amount":1.5309320989586184E10}]},{"name":"tiruvannamalai district","metric":[{"type":"TOTAL","count":3659658,"amount":7.478979872636584E9}]},{"name":"salem district","metric":[{"type":"TOTAL","count":13278693,"amount":2.632532560586054E10}]},{"name":"nagapattinam district","metric":[{"type":"TOTAL","count":1501440,"amount":3.137077070316338E9}]},{"name":"tirupathur district","metric":[{"type":"TOTAL","count":3403925,"amount":6.408532952989394E9}]},{"name":"ariyalur district","metric":[{"type":"TOTAL","count":898502,"amount":1.84023565886316E9}]},{"name":"chennai district","metric":[{"type":"TOTAL","count":87458453,"amount":1.3544415291282495E11}]},{"name":"the nilgiris district","metric":[{"type":"TOTAL","count":1729884,"amount":3.14446448374693E9}]},{"name":"erode district","metric":[{"type":"TOTAL","count":6860000,"amount":1.2788323701473593E10}]},{"name":"karur district","metric":[{"type":"TOTAL","count":1831500,"amount":3.7681243978555865E9}]},{"name":"kallakkurichi district","metric":[{"type":"TOTAL","count":2421741,"amount":5.048000351991163E9}]},{"name":"viluppuram district","metric":[{"type":"TOTAL","count":2943580,"amount":5.3724284946229515E9}]},{"name":"pudukkottai district","metric":[{"type":"TOTAL","count":1639483,"amount":3.677396086543876E9}]},{"name":"perambalur district","metric":[{"type":"TOTAL","count":834022,"amount":1.7446135051576376E9}]},{"name":"coimbatore district","metric":[{"type":"TOTAL","count":30679187,"amount":5.1963955887092926E10}]},{"name":"virudhunagar district","metric":[{"type":"TOTAL","count":2550440,"amount":5.676327115346463E9}]},{"name":"dindigul district","metric":[{"type":"TOTAL","count":3965199,"amount":8.412785022744812E9}]},{"name":"sivaganga district","metric":[{"type":"TOTAL","count":1828509,"amount":4.1018540187768383E9}]},{"name":"tenkasi district","metric":[{"type":"TOTAL","count":1345693,"amount":3.1968850655183153E9}]},{"name":"chengalpattu district","metric":[{"type":"TOTAL","count":19802491,"amount":2.720961657277708E10}]},{"name":"kanniyakumari district","metric":[{"type":"TOTAL","count":2597045,"amount":5.779300862137162E9}]},{"name":"tirunelveli district","metric":[{"type":"TOTAL","count":2585793,"amount":5.381065070681534E9}]},{"name":"thiruvallur district","metric":[{"type":"TOTAL","count":21243322,"amount":3.5412374869409676E10}]},{"name":"theni district","metric":[{"type":"TOTAL","count":2063736,"amount":4.611206982381892E9}]},{"name":"ranipet district","metric":[{"type":"TOTAL","count":2755460,"amount":5.529848785373485E9}]},{"name":"namakkal district","metric":[{"type":"TOTAL","count":3415879,"amount":7.554607821660087E9}]},{"name":"vellore district","metric":[{"type":"TOTAL","count":4693455,"amount":9.294845509816792E9}]},{"name":"thiruvarur district","metric":[{"type":"TOTAL","count":1013347,"amount":2.3347466088726997E9}]}]},"responseTimestamp":1651127573379}