{"success":true,"code":"SUCCESS","data":{"hoverData":{"puducherry":{"registeredUsers":448051,"appOpens":3938657},"tamil nadu":{"registeredUsers":21667020,"appOpens":638490275},"uttar pradesh":{"registeredUsers":38999692,"appOpens":836926025},"madhya pradesh":{"registeredUsers":19656147,"appOpens":1678266475},"andhra pradesh":{"registeredUsers":23857951,"appOpens":1254785973},"tripura":{"registeredUsers":582124,"appOpens":19322963},"lakshadweep":{"registeredUsers":5990,"appOpens":45410},"manipur":{"registeredUsers":411900,"appOpens":22637747},"maharashtra":{"registeredUsers":48227630,"appOpens":2157769514},"dadra & nagar haveli & daman & diu":{"registeredUsers":424570,"appOpens":3910792},"meghalaya":{"registeredUsers":255839,"appOpens":23634106},"andaman & nicobar islands":{"registeredUsers":76288,"appOpens":3847407},"haryana":{"registeredUsers":12866988,"appOpens":217228467},"rajasthan":{"registeredUsers":23398857,"appOpens":2570606469},"ladakh":{"registeredUsers":92492,"appOpens":8902080},"punjab":{"registeredUsers":7302726,"appOpens":117482807},"assam":{"registeredUsers":4492589,"appOpens":281642453},"jharkhand":{"registeredUsers":7025275,"appOpens":331355981},"odisha":{"registeredUsers":12124779,"appOpens":613855465},"bihar":{"registeredUsers":18484658,"appOpens":316991599},"kerala":{"registeredUsers":8972299,"appOpens":94047893},"karnataka":{"registeredUsers":31200349,"appOpens":1727054045},"chandigarh":{"registeredUsers":541549,"appOpens":2321685},"telangana":{"registeredUsers":22150612,"appOpens":1168864524},"himachal pradesh":{"registeredUsers":2143483,"appOpens":77278278},"west bengal":{"registeredUsers":21919787,"appOpens":236131065},"gujarat":{"registeredUsers":19265314,"appOpens":521776939},"sikkim":{"registeredUsers":209616,"appOpens":12440193},"nagaland":{"registeredUsers":276483,"appOpens":24206053},"mizoram":{"registeredUsers":115295,"appOpens":14886657},"chhattisgarh":{"registeredUsers":5916961,"appOpens":448503438},"jammu & kashmir":{"registeredUsers":1549320,"appOpens":62115857},"goa":{"registeredUsers":738628,"appOpens":18678798},"arunachal pradesh":{"registeredUsers":335339,"appOpens":41418559},"delhi":{"registeredUsers":13539197,"appOpens":57524153},"uttarakhand":{"registeredUsers":3674829,"appOpens":115224382}}},"responseTimestamp":1651127633214}