{"success":true,"code":"SUCCESS","data":{"states":null,"districts":[{"name":"jaipur","registeredUsers":2520933},{"name":"alwar","registeredUsers":666462},{"name":"jodhpur","registeredUsers":557784},{"name":"sikar","registeredUsers":412367},{"name":"kota","registeredUsers":399776},{"name":"ajmer","registeredUsers":378921},{"name":"bhilwara","registeredUsers":352747},{"name":"nagaur","registeredUsers":337197},{"name":"udaipur","registeredUsers":336408},{"name":"jhunjhunu","registeredUsers":307034}],"pincodes":[{"name":"302012","registeredUsers":185991},{"name":"302029","registeredUsers":134500},{"name":"311001","registeredUsers":131583},{"name":"302020","registeredUsers":130651},{"name":"302015","registeredUsers":118374},{"name":"302001","registeredUsers":117686},{"name":"302017","registeredUsers":114314},{"name":"301001","registeredUsers":112490},{"name":"313001","registeredUsers":103927},{"name":"335001","registeredUsers":101510}]},"responseTimestamp":1630501497756}