{"success":true,"code":"SUCCESS","data":{"states":null,"districts":[{"entityName":"west tripura","metric":{"type":"TOTAL","count":692376,"amount":1.402040320719656E9}},{"entityName":"south tripura","metric":{"type":"TOTAL","count":150265,"amount":3.5764399607881093E8}},{"entityName":"north tripura","metric":{"type":"TOTAL","count":143060,"amount":3.18074681762841E8}},{"entityName":"sepahijala","metric":{"type":"TOTAL","count":141426,"amount":3.6552545340613097E8}},{"entityName":"gomati","metric":{"type":"TOTAL","count":127271,"amount":2.9581510000755715E8}},{"entityName":"dhalai","metric":{"type":"TOTAL","count":116945,"amount":2.740796112937597E8}},{"entityName":"khowai","metric":{"type":"TOTAL","count":71155,"amount":1.6090616890000182E8}},{"entityName":"unakoti","metric":{"type":"TOTAL","count":68925,"amount":1.612562376246628E8}}],"pincodes":[{"entityName":"799001","metric":{"type":"TOTAL","count":164426,"amount":3.518384596746892E8}},{"entityName":"799003","metric":{"type":"TOTAL","count":78218,"amount":1.508431502731369E8}},{"entityName":"799006","metric":{"type":"TOTAL","count":59597,"amount":1.1259180335512727E8}},{"entityName":"799002","metric":{"type":"TOTAL","count":51373,"amount":1.0212450747055371E8}},{"entityName":"799102","metric":{"type":"TOTAL","count":44866,"amount":1.1982104516698335E8}},{"entityName":"799007","metric":{"type":"TOTAL","count":43503,"amount":8.412478134950277E7}},{"entityName":"799114","metric":{"type":"TOTAL","count":40132,"amount":9.254194002667081E7}},{"entityName":"799004","metric":{"type":"TOTAL","count":39713,"amount":7.226256521975665E7}},{"entityName":"799014","metric":{"type":"TOTAL","count":32288,"amount":6.279457068835791E7}},{"entityName":"799250","metric":{"type":"TOTAL","count":31567,"amount":6.351518929873623E7}}]},"responseTimestamp":1630501494119}