{"success":true,"code":"SUCCESS","data":{"states":null,"districts":[{"entityName":"west tripura","metric":{"type":"TOTAL","count":772723,"amount":1.4630712514870775E9}},{"entityName":"north tripura","metric":{"type":"TOTAL","count":176067,"amount":3.511559892912202E8}},{"entityName":"south tripura","metric":{"type":"TOTAL","count":171713,"amount":3.659359479664031E8}},{"entityName":"sepahijala","metric":{"type":"TOTAL","count":166437,"amount":3.61358159019094E8}},{"entityName":"gomati","metric":{"type":"TOTAL","count":148554,"amount":3.096103287995062E8}},{"entityName":"dhalai","metric":{"type":"TOTAL","count":138998,"amount":2.785860734183272E8}},{"entityName":"unakoti","metric":{"type":"TOTAL","count":88092,"amount":1.7417076810130727E8}},{"entityName":"khowai","metric":{"type":"TOTAL","count":81845,"amount":1.6426584295334023E8}}],"pincodes":[{"entityName":"799001","metric":{"type":"TOTAL","count":180337,"amount":3.7339299457616675E8}},{"entityName":"799003","metric":{"type":"TOTAL","count":90822,"amount":1.5552944510942465E8}},{"entityName":"799006","metric":{"type":"TOTAL","count":65418,"amount":1.1378344513858834E8}},{"entityName":"799002","metric":{"type":"TOTAL","count":57605,"amount":1.0743008057647577E8}},{"entityName":"799102","metric":{"type":"TOTAL","count":51180,"amount":1.152476173938867E8}},{"entityName":"799007","metric":{"type":"TOTAL","count":48536,"amount":8.81586518442125E7}},{"entityName":"799004","metric":{"type":"TOTAL","count":47039,"amount":8.181021906405766E7}},{"entityName":"799114","metric":{"type":"TOTAL","count":46849,"amount":9.619974314707626E7}},{"entityName":"799250","metric":{"type":"TOTAL","count":37122,"amount":7.414428776944911E7}},{"entityName":"799155","metric":{"type":"TOTAL","count":35330,"amount":6.870476473818848E7}}]},"responseTimestamp":1630501494543}