{"success":true,"code":"SUCCESS","data":{"states":null,"districts":[{"entityName":"west tripura","metric":{"type":"TOTAL","count":960039,"amount":1.8954649827091532E9}},{"entityName":"north tripura","metric":{"type":"TOTAL","count":210698,"amount":4.541166333192606E8}},{"entityName":"sepahijala","metric":{"type":"TOTAL","count":195392,"amount":4.4758155915148854E8}},{"entityName":"south tripura","metric":{"type":"TOTAL","count":186827,"amount":4.1455697248470575E8}},{"entityName":"dhalai","metric":{"type":"TOTAL","count":167446,"amount":3.689061601985531E8}},{"entityName":"gomati","metric":{"type":"TOTAL","count":166441,"amount":3.729822725022316E8}},{"entityName":"unakoti","metric":{"type":"TOTAL","count":105296,"amount":2.2862515842425582E8}},{"entityName":"khowai","metric":{"type":"TOTAL","count":89061,"amount":1.8190002939183187E8}}],"pincodes":[{"entityName":"799001","metric":{"type":"TOTAL","count":239712,"amount":4.9129330722377086E8}},{"entityName":"799003","metric":{"type":"TOTAL","count":106992,"amount":1.9142603585396883E8}},{"entityName":"799006","metric":{"type":"TOTAL","count":81643,"amount":1.4407550284419107E8}},{"entityName":"799002","metric":{"type":"TOTAL","count":70618,"amount":1.3379794746158756E8}},{"entityName":"799102","metric":{"type":"TOTAL","count":62055,"amount":1.366729672902025E8}},{"entityName":"799007","metric":{"type":"TOTAL","count":58347,"amount":1.1415070373060586E8}},{"entityName":"799004","metric":{"type":"TOTAL","count":54930,"amount":9.956978842354734E7}},{"entityName":"799114","metric":{"type":"TOTAL","count":53892,"amount":1.2373131135281976E8}},{"entityName":"799250","metric":{"type":"TOTAL","count":46394,"amount":1.0124427042708679E8}},{"entityName":"799014","metric":{"type":"TOTAL","count":42780,"amount":8.055768752728595E7}}]},"responseTimestamp":1634575068698}