{"success":true,"code":"SUCCESS","data":{"states":null,"districts":[{"entityName":"west tripura","metric":{"type":"TOTAL","count":1174499,"amount":2.3288591936465282E9}},{"entityName":"north tripura","metric":{"type":"TOTAL","count":255959,"amount":5.90088928320925E8}},{"entityName":"sepahijala","metric":{"type":"TOTAL","count":233920,"amount":5.704211041824098E8}},{"entityName":"south tripura","metric":{"type":"TOTAL","count":219422,"amount":5.607351500701383E8}},{"entityName":"gomati","metric":{"type":"TOTAL","count":200196,"amount":4.5449282875278926E8}},{"entityName":"dhalai","metric":{"type":"TOTAL","count":194907,"amount":4.4803914677420795E8}},{"entityName":"unakoti","metric":{"type":"TOTAL","count":130201,"amount":2.8948490790426636E8}},{"entityName":"khowai","metric":{"type":"TOTAL","count":111589,"amount":2.548082046481812E8}}],"pincodes":[{"entityName":"799001","metric":{"type":"TOTAL","count":295775,"amount":5.86031411957277E8}},{"entityName":"799003","metric":{"type":"TOTAL","count":131927,"amount":2.5446650309277552E8}},{"entityName":"799006","metric":{"type":"TOTAL","count":96497,"amount":1.7167060071489757E8}},{"entityName":"799002","metric":{"type":"TOTAL","count":86597,"amount":1.5669891709374124E8}},{"entityName":"799102","metric":{"type":"TOTAL","count":71034,"amount":1.6666371672451225E8}},{"entityName":"799007","metric":{"type":"TOTAL","count":70960,"amount":1.3995042976039606E8}},{"entityName":"799114","metric":{"type":"TOTAL","count":64040,"amount":1.452949154439746E8}},{"entityName":"799004","metric":{"type":"TOTAL","count":60088,"amount":1.2333869005052328E8}},{"entityName":"799250","metric":{"type":"TOTAL","count":57697,"amount":1.384741643670132E8}},{"entityName":"799005","metric":{"type":"TOTAL","count":54415,"amount":9.047442621293609E7}}]},"responseTimestamp":1643295683259}