{"success":true,"code":"SUCCESS","data":{"states":[{"name":"maharashtra","registeredUsers":18776975},{"name":"uttar pradesh","registeredUsers":14316349},{"name":"karnataka","registeredUsers":11968087},{"name":"andhra pradesh","registeredUsers":9389003},{"name":"telangana","registeredUsers":9046007},{"name":"rajasthan","registeredUsers":8783935},{"name":"west bengal","registeredUsers":8612795},{"name":"gujarat","registeredUsers":7574645},{"name":"tamil nadu","registeredUsers":7429609},{"name":"madhya pradesh","registeredUsers":7301172}],"districts":[{"name":"bengaluru urban","registeredUsers":5694165},{"name":"pune","registeredUsers":3514081},{"name":"jaipur","registeredUsers":2290462},{"name":"mumbai suburban","registeredUsers":2151657},{"name":"thane","registeredUsers":2118406},{"name":"hyderabad","registeredUsers":1856926},{"name":"ahmadabad","registeredUsers":1656341},{"name":"rangareddy","registeredUsers":1651300},{"name":"medchal malkajgiri","registeredUsers":1428880},{"name":"surat","registeredUsers":1338584}],"pincodes":[{"name":"201301","registeredUsers":336709},{"name":"110059","registeredUsers":274593},{"name":"560068","registeredUsers":263531},{"name":"500072","registeredUsers":242007},{"name":"110092","registeredUsers":228546},{"name":"122001","registeredUsers":217913},{"name":"421302","registeredUsers":182371},{"name":"395006","registeredUsers":180042},{"name":"560078","registeredUsers":178837},{"name":"110086","registeredUsers":177199}]},"responseTimestamp":1630501482795}