{"success":true,"code":"SUCCESS","data":{"states":[{"name":"maharashtra","registeredUsers":23745297},{"name":"uttar pradesh","registeredUsers":17949542},{"name":"karnataka","registeredUsers":15385416},{"name":"andhra pradesh","registeredUsers":11757883},{"name":"telangana","registeredUsers":11220691},{"name":"rajasthan","registeredUsers":10925031},{"name":"west bengal","registeredUsers":10885058},{"name":"tamil nadu","registeredUsers":9620493},{"name":"gujarat","registeredUsers":9323799},{"name":"madhya pradesh","registeredUsers":9165241}],"districts":[{"name":"bengaluru urban","registeredUsers":7016836},{"name":"pune","registeredUsers":4416899},{"name":"jaipur","registeredUsers":2746860},{"name":"thane","registeredUsers":2638051},{"name":"mumbai suburban","registeredUsers":2630360},{"name":"hyderabad","registeredUsers":2283903},{"name":"ahmadabad","registeredUsers":2015947},{"name":"rangareddy","registeredUsers":2001437},{"name":"medchal malkajgiri","registeredUsers":1714832},{"name":"north twenty four parganas","registeredUsers":1638605}],"pincodes":[{"name":"201301","registeredUsers":398548},{"name":"110059","registeredUsers":320535},{"name":"560068","registeredUsers":313673},{"name":"500072","registeredUsers":279498},{"name":"110092","registeredUsers":264380},{"name":"122001","registeredUsers":258880},{"name":"421302","registeredUsers":243170},{"name":"560078","registeredUsers":218317},{"name":"395006","registeredUsers":214322},{"name":"560076","registeredUsers":211683}]},"responseTimestamp":1630501482796}