{"success":true,"code":"SUCCESS","data":{"from":1546281000000,"to":1553711400000,"transactionData":[{"name":"Peer-to-peer payments","paymentInstruments":[{"type":"TOTAL","count":3499130,"amount":6.512361464496071E9}]},{"name":"Recharge & bill payments","paymentInstruments":[{"type":"TOTAL","count":1590269,"amount":3.946310556931843E8}]},{"name":"Merchant payments","paymentInstruments":[{"type":"TOTAL","count":372290,"amount":2.262810787699414E8}]},{"name":"Financial Services","paymentInstruments":[{"type":"TOTAL","count":28784,"amount":3951610.30495379}]},{"name":"Others","paymentInstruments":[{"type":"TOTAL","count":55528,"amount":4.630396600979781E7}]}]},"responseTimestamp":1630501490407}