{"success":true,"code":"SUCCESS","data":{"from":1554057000000,"to":1561660200000,"transactionData":[{"name":"Peer-to-peer payments","paymentInstruments":[{"type":"TOTAL","count":2383662,"amount":7.752954670580209E9}]},{"name":"Recharge & bill payments","paymentInstruments":[{"type":"TOTAL","count":1616176,"amount":4.549629519136597E8}]},{"name":"Merchant payments","paymentInstruments":[{"type":"TOTAL","count":721858,"amount":3.238769534104364E8}]},{"name":"Financial Services","paymentInstruments":[{"type":"TOTAL","count":21852,"amount":2550386.4774141517}]},{"name":"Others","paymentInstruments":[{"type":"TOTAL","count":69727,"amount":5.418788853677146E7}]}]},"responseTimestamp":1630501490816}