{"success":true,"code":"SUCCESS","data":{"from":1561919400000,"to":1569609000000,"transactionData":[{"name":"Peer-to-peer payments","paymentInstruments":[{"type":"TOTAL","count":2313544,"amount":8.512622076436331E9}]},{"name":"Recharge & bill payments","paymentInstruments":[{"type":"TOTAL","count":2201606,"amount":6.837722969748493E8}]},{"name":"Merchant payments","paymentInstruments":[{"type":"TOTAL","count":1121052,"amount":4.807948271193007E8}]},{"name":"Financial Services","paymentInstruments":[{"type":"TOTAL","count":12119,"amount":4570326.192004257}]},{"name":"Others","paymentInstruments":[{"type":"TOTAL","count":62155,"amount":4.7272543294839665E7}]}]},"responseTimestamp":1630501491136}