{"success":true,"code":"SUCCESS","data":{"from":1569868200000,"to":1577471400000,"transactionData":[{"name":"Peer-to-peer payments","paymentInstruments":[{"type":"TOTAL","count":3210116,"amount":1.1020339546604958E10}]},{"name":"Recharge & bill payments","paymentInstruments":[{"type":"TOTAL","count":2547173,"amount":8.177281114576316E8}]},{"name":"Merchant payments","paymentInstruments":[{"type":"TOTAL","count":1542944,"amount":7.017465168731368E8}]},{"name":"Financial Services","paymentInstruments":[{"type":"TOTAL","count":11585,"amount":3555524.3767221333}]},{"name":"Others","paymentInstruments":[{"type":"TOTAL","count":50298,"amount":3.033660583833359E7}]}]},"responseTimestamp":1630501491442}