{"success":true,"code":"SUCCESS","data":{"states":null,"districts":[{"entityName":"east","metric":{"type":"TOTAL","count":516158,"amount":1.4326583831323361E9}},{"entityName":"south","metric":{"type":"TOTAL","count":127233,"amount":3.1012854124028677E8}},{"entityName":"west","metric":{"type":"TOTAL","count":88532,"amount":2.5443221749525505E8}},{"entityName":"north","metric":{"type":"TOTAL","count":68266,"amount":2.2044858497284672E8}}],"pincodes":[{"entityName":"737101","metric":{"type":"TOTAL","count":230314,"amount":6.512308942642756E8}},{"entityName":"737102","metric":{"type":"TOTAL","count":72036,"amount":2.1402341327972007E8}},{"entityName":"737134","metric":{"type":"TOTAL","count":64481,"amount":1.6386763742218336E8}},{"entityName":"737132","metric":{"type":"TOTAL","count":59993,"amount":1.376819813199845E8}},{"entityName":"737135","metric":{"type":"TOTAL","count":54828,"amount":1.4006069111294314E8}},{"entityName":"737113","metric":{"type":"TOTAL","count":42491,"amount":1.3310749542030288E8}},{"entityName":"737120","metric":{"type":"TOTAL","count":40210,"amount":1.415957106292783E8}},{"entityName":"737126","metric":{"type":"TOTAL","count":37841,"amount":1.0322899899647489E8}},{"entityName":"737136","metric":{"type":"TOTAL","count":30655,"amount":6.182248669976698E7}},{"entityName":"737121","metric":{"type":"TOTAL","count":30224,"amount":7.388582160314554E7}}]},"responseTimestamp":1630501494114}