{"success":true,"code":"SUCCESS","data":{"states":null,"districts":[{"entityName":"east","metric":{"type":"TOTAL","count":635504,"amount":1.5758673907924504E9}},{"entityName":"south","metric":{"type":"TOTAL","count":157530,"amount":3.4401218723706484E8}},{"entityName":"west","metric":{"type":"TOTAL","count":102322,"amount":2.4894284421008107E8}},{"entityName":"north","metric":{"type":"TOTAL","count":81358,"amount":2.5607715743570048E8}}],"pincodes":[{"entityName":"737101","metric":{"type":"TOTAL","count":297452,"amount":7.247467063079436E8}},{"entityName":"737102","metric":{"type":"TOTAL","count":83039,"amount":2.3593483912091917E8}},{"entityName":"737134","metric":{"type":"TOTAL","count":81870,"amount":1.941361370047333E8}},{"entityName":"737132","metric":{"type":"TOTAL","count":73086,"amount":1.568520339636291E8}},{"entityName":"737135","metric":{"type":"TOTAL","count":62588,"amount":1.4395995898430628E8}},{"entityName":"737120","metric":{"type":"TOTAL","count":49090,"amount":1.7616620940985945E8}},{"entityName":"737126","metric":{"type":"TOTAL","count":45574,"amount":1.0901265635644796E8}},{"entityName":"737113","metric":{"type":"TOTAL","count":44882,"amount":1.2052063756860521E8}},{"entityName":"737121","metric":{"type":"TOTAL","count":38319,"amount":7.665563182284465E7}},{"entityName":"737136","metric":{"type":"TOTAL","count":35750,"amount":6.618627385267018E7}}]},"responseTimestamp":1630501494460}