{"success":true,"code":"SUCCESS","data":{"states":null,"districts":[{"entityName":"east","metric":{"type":"TOTAL","count":757493,"amount":1.9379062689017417E9}},{"entityName":"south","metric":{"type":"TOTAL","count":188063,"amount":4.166094817028275E8}},{"entityName":"west","metric":{"type":"TOTAL","count":116665,"amount":3.129404761654819E8}},{"entityName":"north","metric":{"type":"TOTAL","count":98373,"amount":3.218806370383413E8}}],"pincodes":[{"entityName":"737101","metric":{"type":"TOTAL","count":338734,"amount":8.678022985562382E8}},{"entityName":"737102","metric":{"type":"TOTAL","count":107611,"amount":3.0181128278679377E8}},{"entityName":"737134","metric":{"type":"TOTAL","count":98557,"amount":2.392921300790186E8}},{"entityName":"737132","metric":{"type":"TOTAL","count":94310,"amount":1.9231640761074328E8}},{"entityName":"737135","metric":{"type":"TOTAL","count":75667,"amount":1.749403985357872E8}},{"entityName":"737120","metric":{"type":"TOTAL","count":59528,"amount":2.2295631601389608E8}},{"entityName":"737126","metric":{"type":"TOTAL","count":56216,"amount":1.3795475818257964E8}},{"entityName":"737113","metric":{"type":"TOTAL","count":54713,"amount":1.594304103695603E8}},{"entityName":"737136","metric":{"type":"TOTAL","count":44864,"amount":8.157652334531628E7}},{"entityName":"737121","metric":{"type":"TOTAL","count":41335,"amount":9.27958396474207E7}}]},"responseTimestamp":1634575100950}