{"success":true,"code":"SUCCESS","data":{"states":null,"districts":[{"entityName":"east","metric":{"type":"TOTAL","count":1071092,"amount":2.7919331803838186E9}},{"entityName":"south","metric":{"type":"TOTAL","count":238464,"amount":5.467116934617904E8}},{"entityName":"west","metric":{"type":"TOTAL","count":146397,"amount":4.363657691449038E8}},{"entityName":"north","metric":{"type":"TOTAL","count":128392,"amount":4.2177261864529496E8}}],"pincodes":[{"entityName":"737101","metric":{"type":"TOTAL","count":541997,"amount":1.4015653728342977E9}},{"entityName":"737102","metric":{"type":"TOTAL","count":138476,"amount":3.874134403597043E8}},{"entityName":"737132","metric":{"type":"TOTAL","count":118733,"amount":2.3521643810757113E8}},{"entityName":"737134","metric":{"type":"TOTAL","count":117138,"amount":2.847310767632046E8}},{"entityName":"737135","metric":{"type":"TOTAL","count":89908,"amount":2.2297979543140694E8}},{"entityName":"737120","metric":{"type":"TOTAL","count":78184,"amount":2.747032466532579E8}},{"entityName":"737113","metric":{"type":"TOTAL","count":72748,"amount":2.3295403247956002E8}},{"entityName":"737126","metric":{"type":"TOTAL","count":71150,"amount":1.928122727765864E8}},{"entityName":"737136","metric":{"type":"TOTAL","count":58616,"amount":1.0477315944339293E8}},{"entityName":"737103","metric":{"type":"TOTAL","count":56402,"amount":1.8469896232679385E8}}]},"responseTimestamp":1643295716091}