{"success":true,"code":"SUCCESS","data":{"hoverDataList":[{"name":"tiruchirappalli district","metric":[{"type":"TOTAL","count":2534430,"amount":5.757901187932753E9}]},{"name":"ramanathapuram district","metric":[{"type":"TOTAL","count":631789,"amount":1.5549316927774014E9}]},{"name":"krishnagiri district","metric":[{"type":"TOTAL","count":5202492,"amount":9.440763059482832E9}]},{"name":"cuddalore district","metric":[{"type":"TOTAL","count":1707504,"amount":3.517107575659477E9}]},{"name":"kancheepuram district","metric":[{"type":"TOTAL","count":7239244,"amount":1.0815729803342922E10}]},{"name":"tiruppur district","metric":[{"type":"TOTAL","count":4975985,"amount":9.855808601269077E9}]},{"name":"dharmapuri district","metric":[{"type":"TOTAL","count":1935044,"amount":4.467489202169479E9}]},{"name":"thoothukkudi district","metric":[{"type":"TOTAL","count":1024223,"amount":2.2959904241404276E9}]},{"name":"thanjavur district","metric":[{"type":"TOTAL","count":1422654,"amount":3.2205912816633296E9}]},{"name":"madurai district","metric":[{"type":"TOTAL","count":3516926,"amount":7.7761554890908375E9}]},{"name":"tiruvannamalai district","metric":[{"type":"TOTAL","count":1645538,"amount":3.445029710066068E9}]},{"name":"salem district","metric":[{"type":"TOTAL","count":5675889,"amount":1.2397067358312304E10}]},{"name":"nagapattinam district","metric":[{"type":"TOTAL","count":689365,"amount":1.537599764657482E9}]},{"name":"tirupathur district","metric":[{"type":"TOTAL","count":1373386,"amount":2.765064695423464E9}]},{"name":"ariyalur district","metric":[{"type":"TOTAL","count":381503,"amount":8.271742378486408E8}]},{"name":"chennai district","metric":[{"type":"TOTAL","count":39623781,"amount":6.740170655293741E10}]},{"name":"the nilgiris district","metric":[{"type":"TOTAL","count":765592,"amount":1.5255367410368812E9}]},{"name":"erode district","metric":[{"type":"TOTAL","count":3015359,"amount":6.105816825193926E9}]},{"name":"karur district","metric":[{"type":"TOTAL","count":743870,"amount":1.6325032322905831E9}]},{"name":"kallakkurichi district","metric":[{"type":"TOTAL","count":992263,"amount":2.2274918598830943E9}]},{"name":"viluppuram district","metric":[{"type":"TOTAL","count":1447099,"amount":2.7964851865226917E9}]},{"name":"pudukkottai district","metric":[{"type":"TOTAL","count":717862,"amount":1.6701600065136104E9}]},{"name":"perambalur district","metric":[{"type":"TOTAL","count":362847,"amount":7.958813504264938E8}]},{"name":"coimbatore district","metric":[{"type":"TOTAL","count":13630124,"amount":2.265749737180345E10}]},{"name":"virudhunagar district","metric":[{"type":"TOTAL","count":1109562,"amount":2.480352479604073E9}]},{"name":"dindigul district","metric":[{"type":"TOTAL","count":1675353,"amount":3.733288913068657E9}]},{"name":"sivaganga district","metric":[{"type":"TOTAL","count":803444,"amount":1.8716165741551266E9}]},{"name":"tenkasi district","metric":[{"type":"TOTAL","count":586227,"amount":1.3682720158617854E9}]},{"name":"chengalpattu district","metric":[{"type":"TOTAL","count":11689531,"amount":1.5537387199626888E10}]},{"name":"kanniyakumari district","metric":[{"type":"TOTAL","count":1190574,"amount":2.5935691109656763E9}]},{"name":"tirunelveli district","metric":[{"type":"TOTAL","count":1143931,"amount":2.464834832450224E9}]},{"name":"thiruvallur district","metric":[{"type":"TOTAL","count":11085004,"amount":1.889516186227714E10}]},{"name":"theni district","metric":[{"type":"TOTAL","count":831827,"amount":1.963096378715371E9}]},{"name":"ranipet district","metric":[{"type":"TOTAL","count":1250636,"amount":2.4944097374287558E9}]},{"name":"namakkal district","metric":[{"type":"TOTAL","count":1391436,"amount":3.3215911238563447E9}]},{"name":"vellore district","metric":[{"type":"TOTAL","count":2072042,"amount":4.306538176971644E9}]},{"name":"thiruvarur district","metric":[{"type":"TOTAL","count":472338,"amount":1.150542258225264E9}]}]},"responseTimestamp":1630502911454}