{"success":true,"code":"SUCCESS","data":{"hoverDataList":[{"name":"tiruchirappalli district","metric":[{"type":"TOTAL","count":2802791,"amount":5.989876679724473E9}]},{"name":"ramanathapuram district","metric":[{"type":"TOTAL","count":798185,"amount":1.7814723187188895E9}]},{"name":"krishnagiri district","metric":[{"type":"TOTAL","count":5709389,"amount":1.0202810394134584E10}]},{"name":"cuddalore district","metric":[{"type":"TOTAL","count":2104002,"amount":3.9518604828076982E9}]},{"name":"kancheepuram district","metric":[{"type":"TOTAL","count":6712965,"amount":1.0372666957168972E10}]},{"name":"tiruppur district","metric":[{"type":"TOTAL","count":5150795,"amount":9.37930365311161E9}]},{"name":"dharmapuri district","metric":[{"type":"TOTAL","count":2359010,"amount":4.862765621436455E9}]},{"name":"thoothukkudi district","metric":[{"type":"TOTAL","count":1235343,"amount":2.5783397691596274E9}]},{"name":"thanjavur district","metric":[{"type":"TOTAL","count":1640555,"amount":3.4160742438248944E9}]},{"name":"madurai district","metric":[{"type":"TOTAL","count":3953976,"amount":8.300059490344873E9}]},{"name":"tiruvannamalai district","metric":[{"type":"TOTAL","count":1985072,"amount":3.8564759117971444E9}]},{"name":"salem district","metric":[{"type":"TOTAL","count":6557056,"amount":1.3210082950603289E10}]},{"name":"nagapattinam district","metric":[{"type":"TOTAL","count":791395,"amount":1.603740775831827E9}]},{"name":"tirupathur district","metric":[{"type":"TOTAL","count":1664696,"amount":3.0964390560077715E9}]},{"name":"ariyalur district","metric":[{"type":"TOTAL","count":497484,"amount":9.685906446844518E8}]},{"name":"chennai district","metric":[{"type":"TOTAL","count":43737916,"amount":7.44992278036517E10}]},{"name":"the nilgiris district","metric":[{"type":"TOTAL","count":810947,"amount":1.5664960755969553E9}]},{"name":"erode district","metric":[{"type":"TOTAL","count":3273510,"amount":6.223483781161043E9}]},{"name":"karur district","metric":[{"type":"TOTAL","count":878890,"amount":1.7565858051623807E9}]},{"name":"kallakkurichi district","metric":[{"type":"TOTAL","count":1265522,"amount":2.528572642064455E9}]},{"name":"viluppuram district","metric":[{"type":"TOTAL","count":1691100,"amount":3.055469304042017E9}]},{"name":"pudukkottai district","metric":[{"type":"TOTAL","count":887414,"amount":1.8787247690651233E9}]},{"name":"perambalur district","metric":[{"type":"TOTAL","count":435091,"amount":9.188144473710897E8}]},{"name":"coimbatore district","metric":[{"type":"TOTAL","count":13478464,"amount":2.276096733398004E10}]},{"name":"virudhunagar district","metric":[{"type":"TOTAL","count":1328980,"amount":2.829209746352104E9}]},{"name":"dindigul district","metric":[{"type":"TOTAL","count":1926229,"amount":4.0843994044486322E9}]},{"name":"sivaganga district","metric":[{"type":"TOTAL","count":991039,"amount":2.1389017705194092E9}]},{"name":"tenkasi district","metric":[{"type":"TOTAL","count":747381,"amount":1.6132647807995117E9}]},{"name":"chengalpattu district","metric":[{"type":"TOTAL","count":10075805,"amount":1.4457269251206604E10}]},{"name":"kanniyakumari district","metric":[{"type":"TOTAL","count":1398479,"amount":3.0213995318626623E9}]},{"name":"tirunelveli district","metric":[{"type":"TOTAL","count":1372707,"amount":2.8108927341594667E9}]},{"name":"thiruvallur district","metric":[{"type":"TOTAL","count":10992425,"amount":1.931834757029032E10}]},{"name":"theni district","metric":[{"type":"TOTAL","count":1006998,"amount":2.256366700018511E9}]},{"name":"ranipet district","metric":[{"type":"TOTAL","count":1430560,"amount":2.810335099931938E9}]},{"name":"namakkal district","metric":[{"type":"TOTAL","count":1575727,"amount":3.596658592319852E9}]},{"name":"vellore district","metric":[{"type":"TOTAL","count":2319925,"amount":4.575493116641008E9}]},{"name":"thiruvarur district","metric":[{"type":"TOTAL","count":570619,"amount":1.215901816548285E9}]}]},"responseTimestamp":1630502911497}