{"success":true,"code":"SUCCESS","data":{"hoverDataList":[{"name":"tiruchirappalli district","metric":[{"type":"TOTAL","count":3736365,"amount":8.1362319802489195E9}]},{"name":"ramanathapuram district","metric":[{"type":"TOTAL","count":1028742,"amount":2.3499679877481923E9}]},{"name":"krishnagiri district","metric":[{"type":"TOTAL","count":8122339,"amount":1.4578072272708693E10}]},{"name":"cuddalore district","metric":[{"type":"TOTAL","count":2771525,"amount":5.24638869849807E9}]},{"name":"kancheepuram district","metric":[{"type":"TOTAL","count":9646258,"amount":1.4550143056676136E10}]},{"name":"tiruppur district","metric":[{"type":"TOTAL","count":8398025,"amount":1.5282996499831757E10}]},{"name":"dharmapuri district","metric":[{"type":"TOTAL","count":3165112,"amount":6.750977106361298E9}]},{"name":"thoothukkudi district","metric":[{"type":"TOTAL","count":1648598,"amount":3.5496837547758408E9}]},{"name":"thanjavur district","metric":[{"type":"TOTAL","count":2123436,"amount":4.642138035103878E9}]},{"name":"madurai district","metric":[{"type":"TOTAL","count":5142737,"amount":1.1208939183589071E10}]},{"name":"tiruvannamalai district","metric":[{"type":"TOTAL","count":2496046,"amount":5.012701130634172E9}]},{"name":"salem district","metric":[{"type":"TOTAL","count":8972048,"amount":1.8517560410078224E10}]},{"name":"nagapattinam district","metric":[{"type":"TOTAL","count":1080569,"amount":2.291158512005002E9}]},{"name":"tirupathur district","metric":[{"type":"TOTAL","count":2250740,"amount":4.279948252118585E9}]},{"name":"ariyalur district","metric":[{"type":"TOTAL","count":658430,"amount":1.3028332983803225E9}]},{"name":"chennai district","metric":[{"type":"TOTAL","count":60971210,"amount":1.0046399967328705E11}]},{"name":"the nilgiris district","metric":[{"type":"TOTAL","count":1147621,"amount":2.226960234278348E9}]},{"name":"erode district","metric":[{"type":"TOTAL","count":4668549,"amount":9.015063256621798E9}]},{"name":"karur district","metric":[{"type":"TOTAL","count":1215220,"amount":2.538560234489727E9}]},{"name":"kallakkurichi district","metric":[{"type":"TOTAL","count":1635742,"amount":3.336289610826971E9}]},{"name":"viluppuram district","metric":[{"type":"TOTAL","count":2157103,"amount":3.9529316041340733E9}]},{"name":"pudukkottai district","metric":[{"type":"TOTAL","count":1151943,"amount":2.522917992224124E9}]},{"name":"perambalur district","metric":[{"type":"TOTAL","count":569636,"amount":1.1640819512492151E9}]},{"name":"coimbatore district","metric":[{"type":"TOTAL","count":20245762,"amount":3.3773953433753265E10}]},{"name":"virudhunagar district","metric":[{"type":"TOTAL","count":1750490,"amount":3.9062294383320065E9}]},{"name":"dindigul district","metric":[{"type":"TOTAL","count":2698900,"amount":5.791216155941603E9}]},{"name":"sivaganga district","metric":[{"type":"TOTAL","count":1290549,"amount":2.8643059040258627E9}]},{"name":"tenkasi district","metric":[{"type":"TOTAL","count":974832,"amount":2.2363947204405456E9}]},{"name":"chengalpattu district","metric":[{"type":"TOTAL","count":14140388,"amount":1.968501190863714E10}]},{"name":"kanniyakumari district","metric":[{"type":"TOTAL","count":1877533,"amount":4.143575246889376E9}]},{"name":"tirunelveli district","metric":[{"type":"TOTAL","count":1846166,"amount":3.84834351585966E9}]},{"name":"thiruvallur district","metric":[{"type":"TOTAL","count":15395149,"amount":2.604998852455871E10}]},{"name":"theni district","metric":[{"type":"TOTAL","count":1367368,"amount":3.0705417234354496E9}]},{"name":"ranipet district","metric":[{"type":"TOTAL","count":1899157,"amount":3.74858000232146E9}]},{"name":"namakkal district","metric":[{"type":"TOTAL","count":2234405,"amount":5.151268721204435E9}]},{"name":"vellore district","metric":[{"type":"TOTAL","count":3162215,"amount":6.375710716318077E9}]},{"name":"thiruvarur district","metric":[{"type":"TOTAL","count":716496,"amount":1.6416583063405278E9}]}]},"responseTimestamp":1634575060533}