{"success":true,"code":"SUCCESS","data":{"hoverDataList":[{"name":"tiruchirappalli district","metric":[{"type":"TOTAL","count":4814042,"amount":1.0030942198946257E10}]},{"name":"ramanathapuram district","metric":[{"type":"TOTAL","count":1246669,"amount":2.780827994330324E9}]},{"name":"krishnagiri district","metric":[{"type":"TOTAL","count":10363352,"amount":1.822087323679904E10}]},{"name":"cuddalore district","metric":[{"type":"TOTAL","count":3416287,"amount":6.30157848545392E9}]},{"name":"kancheepuram district","metric":[{"type":"TOTAL","count":11777894,"amount":1.7286201190039677E10}]},{"name":"tiruppur district","metric":[{"type":"TOTAL","count":11167439,"amount":1.870111825810759E10}]},{"name":"dharmapuri district","metric":[{"type":"TOTAL","count":4084248,"amount":8.521324061002514E9}]},{"name":"thoothukkudi district","metric":[{"type":"TOTAL","count":2046353,"amount":4.257749141726399E9}]},{"name":"thanjavur district","metric":[{"type":"TOTAL","count":2623667,"amount":5.525021230471263E9}]},{"name":"madurai district","metric":[{"type":"TOTAL","count":6309318,"amount":1.3464800515296556E10}]},{"name":"tiruvannamalai district","metric":[{"type":"TOTAL","count":3112963,"amount":6.154998056425686E9}]},{"name":"salem district","metric":[{"type":"TOTAL","count":11783515,"amount":2.275488284482726E10}]},{"name":"nagapattinam district","metric":[{"type":"TOTAL","count":1340753,"amount":2.671430043215294E9}]},{"name":"tirupathur district","metric":[{"type":"TOTAL","count":2872662,"amount":5.331962361389108E9}]},{"name":"ariyalur district","metric":[{"type":"TOTAL","count":807477,"amount":1.5661528001608644E9}]},{"name":"chennai district","metric":[{"type":"TOTAL","count":76229690,"amount":1.1820316630869281E11}]},{"name":"the nilgiris district","metric":[{"type":"TOTAL","count":1558845,"amount":2.857114042709935E9}]},{"name":"erode district","metric":[{"type":"TOTAL","count":6109637,"amount":1.1279232350572426E10}]},{"name":"karur district","metric":[{"type":"TOTAL","count":1566335,"amount":3.1723509480010557E9}]},{"name":"kallakkurichi district","metric":[{"type":"TOTAL","count":2028745,"amount":4.010952254763807E9}]},{"name":"viluppuram district","metric":[{"type":"TOTAL","count":2599072,"amount":4.570490420456165E9}]},{"name":"pudukkottai district","metric":[{"type":"TOTAL","count":1443125,"amount":3.057748358646205E9}]},{"name":"perambalur district","metric":[{"type":"TOTAL","count":725923,"amount":1.4339311619791088E9}]},{"name":"coimbatore district","metric":[{"type":"TOTAL","count":27081380,"amount":4.3635817078197556E10}]},{"name":"virudhunagar district","metric":[{"type":"TOTAL","count":2263404,"amount":5.079440715649944E9}]},{"name":"dindigul district","metric":[{"type":"TOTAL","count":3475465,"amount":7.239639952948546E9}]},{"name":"sivaganga district","metric":[{"type":"TOTAL","count":1587767,"amount":3.4334461606470966E9}]},{"name":"tenkasi district","metric":[{"type":"TOTAL","count":1188367,"amount":2.7028770279242544E9}]},{"name":"chengalpattu district","metric":[{"type":"TOTAL","count":17730987,"amount":2.384043209135557E10}]},{"name":"kanniyakumari district","metric":[{"type":"TOTAL","count":2366555,"amount":5.119949451254862E9}]},{"name":"tirunelveli district","metric":[{"type":"TOTAL","count":2274498,"amount":4.618519539499913E9}]},{"name":"thiruvallur district","metric":[{"type":"TOTAL","count":19146359,"amount":3.107288003632846E10}]},{"name":"theni district","metric":[{"type":"TOTAL","count":1763910,"amount":3.864287525995989E9}]},{"name":"ranipet district","metric":[{"type":"TOTAL","count":2380328,"amount":4.599239984944193E9}]},{"name":"namakkal district","metric":[{"type":"TOTAL","count":2959616,"amount":6.469090317722906E9}]},{"name":"vellore district","metric":[{"type":"TOTAL","count":4017284,"amount":7.912499851957881E9}]},{"name":"thiruvarur district","metric":[{"type":"TOTAL","count":892045,"amount":1.980984596362946E9}]}]},"responseTimestamp":1643295674932}