{"success":true,"code":"SUCCESS","data":{"aggregated":{"registeredUsers":104631,"appOpens":1697163},"usersByDevice":[{"brand":"Samsung","count":33471,"percentage":0.31989563322533476},{"brand":"Xiaomi","count":22619,"percentage":0.21617876155250357},{"brand":"Vivo","count":15342,"percentage":0.14662958396651088},{"brand":"Oppo","count":10442,"percentage":0.09979833892441055},{"brand":"Realme","count":4166,"percentage":0.039816115682732654},{"brand":"Apple","count":3439,"percentage":0.03286788810199654},{"brand":"Motorola","count":1728,"percentage":0.016515181925050894},{"brand":"OnePlus","count":1548,"percentage":0.014794850474524758},{"brand":"Lenovo","count":1491,"percentage":0.014250078848524816},{"brand":"HMD Global","count":1394,"percentage":0.013323011344630176},{"brand":"Others","count":8991,"percentage":0.08593055595378042}]},"responseTimestamp":1630501498483}