{"success":true,"code":"SUCCESS","data":{"aggregated":{"registeredUsers":134773,"appOpens":2156470},"usersByDevice":[{"brand":"Samsung","count":44424,"percentage":0.32962091813642197},{"brand":"Xiaomi","count":27830,"percentage":0.206495366282564},{"brand":"Vivo","count":21086,"percentage":0.1564556699042093},{"brand":"Oppo","count":14009,"percentage":0.10394515221891625},{"brand":"Realme","count":5459,"percentage":0.0405051456894185},{"brand":"Apple","count":4035,"percentage":0.029939231151640166},{"brand":"HMD Global","count":1906,"percentage":0.014142298531604995},{"brand":"Motorola","count":1879,"percentage":0.013941961668880265},{"brand":"OnePlus","count":1694,"percentage":0.012569283165025636},{"brand":"Lenovo","count":1657,"percentage":0.01229474746425471},{"brand":"Others","count":10794,"percentage":0.08009022578706418}]},"responseTimestamp":1630501499255}