{"success":true,"code":"SUCCESS","data":{"aggregated":{"registeredUsers":148543,"appOpens":2478670},"usersByDevice":[{"brand":"Samsung","count":49275,"percentage":0.33172212759941566},{"brand":"Xiaomi","count":30296,"percentage":0.20395441050739516},{"brand":"Vivo","count":23560,"percentage":0.15860727196838625},{"brand":"Oppo","count":15658,"percentage":0.10541055451956673},{"brand":"Realme","count":6245,"percentage":0.04204169836343685},{"brand":"Apple","count":4413,"percentage":0.029708569235844168},{"brand":"HMD Global","count":2070,"percentage":0.013935358784998284},{"brand":"Motorola","count":1984,"percentage":0.01335640184996937},{"brand":"OnePlus","count":1764,"percentage":0.011875349225476797},{"brand":"Lenovo","count":1714,"percentage":0.011538746356273942},{"brand":"Others","count":11564,"percentage":0.07784951158923678}]},"responseTimestamp":1630501499667}