{"success":true,"code":"SUCCESS","data":{"aggregated":{"registeredUsers":2690048,"appOpens":0},"usersByDevice":[{"brand":"Xiaomi","count":655082,"percentage":0.2435205617148839},{"brand":"Samsung","count":589816,"percentage":0.21925854111153406},{"brand":"Vivo","count":424397,"percentage":0.15776558633897983},{"brand":"Oppo","count":297896,"percentage":0.11074003140464408},{"brand":"Apple","count":124833,"percentage":0.04640549164921964},{"brand":"Realme","count":107796,"percentage":0.040072147411496006},{"brand":"OnePlus","count":85786,"percentage":0.03189013727636087},{"brand":"Lenovo","count":74654,"percentage":0.02775192115531024},{"brand":"Motorola","count":65692,"percentage":0.024420382089836316},{"brand":"Huawei","count":32104,"percentage":0.01193435953559193},{"brand":"Others","count":231992,"percentage":0.08624084031214313}]},"responseTimestamp":1630501494656}