{"success":true,"code":"SUCCESS","data":{"aggregated":{"registeredUsers":3565825,"appOpens":0},"usersByDevice":[{"brand":"Xiaomi","count":877057,"percentage":0.24596187418058935},{"brand":"Samsung","count":771605,"percentage":0.21638891420638984},{"brand":"Vivo","count":588311,"percentage":0.16498594294447988},{"brand":"Oppo","count":406366,"percentage":0.11396128525656755},{"brand":"Apple","count":158941,"percentage":0.044573415689216384},{"brand":"Realme","count":139735,"percentage":0.03918728484992954},{"brand":"OnePlus","count":104673,"percentage":0.029354497206116395},{"brand":"Lenovo","count":94848,"percentage":0.02659917410416944},{"brand":"Motorola","count":82342,"percentage":0.02309199133440368},{"brand":"Huawei","count":42387,"percentage":0.011887010719819397},{"brand":"Others","count":299560,"percentage":0.08400860950831855}]},"responseTimestamp":1630501494985}