{"success":true,"code":"SUCCESS","data":{"aggregated":{"registeredUsers":4433183,"appOpens":0},"usersByDevice":[{"brand":"Xiaomi","count":1090580,"percentage":0.24600383065621248},{"brand":"Samsung","count":952941,"percentage":0.21495638686695315},{"brand":"Vivo","count":773925,"percentage":0.1745754686869457},{"brand":"Oppo","count":521622,"percentage":0.11766308767312335},{"brand":"Apple","count":186759,"percentage":0.042127518760222624},{"brand":"Realme","count":171742,"percentage":0.03874011066089535},{"brand":"OnePlus","count":121797,"percentage":0.02747393915387657},{"brand":"Lenovo","count":107576,"percentage":0.024266086015397967},{"brand":"Motorola","count":95285,"percentage":0.021493585985509735},{"brand":"Huawei","count":53733,"percentage":0.01212063657196195},{"brand":"Others","count":357223,"percentage":0.08057934896890112}]},"responseTimestamp":1630501495457}