{"success":true,"code":"SUCCESS","data":{"aggregated":{"registeredUsers":5579040,"appOpens":0},"usersByDevice":[{"brand":"Xiaomi","count":1363826,"percentage":0.24445531847773094},{"brand":"Samsung","count":1194869,"percentage":0.2141710760274169},{"brand":"Vivo","count":1025717,"percentage":0.18385188132725344},{"brand":"Oppo","count":679260,"percentage":0.12175212939860622},{"brand":"Apple","count":230209,"percentage":0.041263192233789325},{"brand":"Realme","count":212094,"percentage":0.03801621784393014},{"brand":"OnePlus","count":145412,"percentage":0.02606398233387823},{"brand":"Lenovo","count":127399,"percentage":0.0228352906593249},{"brand":"Motorola","count":112287,"percentage":0.020126580917147037},{"brand":"Huawei","count":68005,"percentage":0.012189373082107316},{"brand":"Others","count":419962,"percentage":0.07527495769881556}]},"responseTimestamp":1630501495918}