{"success":true,"code":"SUCCESS","data":{"states":null,"districts":[{"name":"west","registeredUsers":1160353},{"name":"south east delhi","registeredUsers":947535},{"name":"north west","registeredUsers":814249},{"name":"new delhi","registeredUsers":810489},{"name":"central delhi","registeredUsers":765149},{"name":"north","registeredUsers":648654},{"name":"south west","registeredUsers":644981},{"name":"east","registeredUsers":604768},{"name":"south","registeredUsers":570329},{"name":"shahdara","registeredUsers":460186}],"pincodes":[{"name":"110059","registeredUsers":342152},{"name":"110092","registeredUsers":280039},{"name":"110086","registeredUsers":226703},{"name":"110044","registeredUsers":207511},{"name":"110085","registeredUsers":200098},{"name":"110041","registeredUsers":194243},{"name":"110096","registeredUsers":187975},{"name":"110094","registeredUsers":175645},{"name":"110001","registeredUsers":171087},{"name":"110053","registeredUsers":170522}]},"responseTimestamp":1630501498303}