{"success":true,"code":"SUCCESS","data":{"states":null,"districts":[{"name":"west","registeredUsers":1243875},{"name":"south east delhi","registeredUsers":1011931},{"name":"north west","registeredUsers":877218},{"name":"new delhi","registeredUsers":858515},{"name":"central delhi","registeredUsers":821609},{"name":"north","registeredUsers":704186},{"name":"south west","registeredUsers":688199},{"name":"east","registeredUsers":641233},{"name":"south","registeredUsers":608062},{"name":"shahdara","registeredUsers":498710}],"pincodes":[{"name":"110059","registeredUsers":365614},{"name":"110092","registeredUsers":295000},{"name":"110086","registeredUsers":246312},{"name":"110044","registeredUsers":223161},{"name":"110041","registeredUsers":211987},{"name":"110085","registeredUsers":211869},{"name":"110096","registeredUsers":199631},{"name":"110094","registeredUsers":192135},{"name":"110053","registeredUsers":186853},{"name":"110042","registeredUsers":186007}]},"responseTimestamp":1630501498615}