{"success":true,"code":"SUCCESS","data":{"states":null,"districts":[{"name":"west","registeredUsers":1343895},{"name":"south east delhi","registeredUsers":1088989},{"name":"north west","registeredUsers":946954},{"name":"new delhi","registeredUsers":912051},{"name":"central delhi","registeredUsers":888536},{"name":"north","registeredUsers":763389},{"name":"south west","registeredUsers":739034},{"name":"east","registeredUsers":685955},{"name":"south","registeredUsers":651616},{"name":"shahdara","registeredUsers":543831}],"pincodes":[{"name":"110059","registeredUsers":393571},{"name":"110092","registeredUsers":314384},{"name":"110086","registeredUsers":267186},{"name":"110044","registeredUsers":240937},{"name":"110041","registeredUsers":231602},{"name":"110085","registeredUsers":225882},{"name":"110096","registeredUsers":213595},{"name":"110094","registeredUsers":210508},{"name":"110053","registeredUsers":205752},{"name":"110042","registeredUsers":202151}]},"responseTimestamp":1630501499075}