{"success":true,"code":"SUCCESS","data":{"states":null,"districts":[{"name":"west","registeredUsers":1451042},{"name":"south east delhi","registeredUsers":1174221},{"name":"north west","registeredUsers":1019187},{"name":"new delhi","registeredUsers":971715},{"name":"central delhi","registeredUsers":962750},{"name":"north","registeredUsers":827019},{"name":"south west","registeredUsers":792331},{"name":"east","registeredUsers":734091},{"name":"south","registeredUsers":699303},{"name":"shahdara","registeredUsers":591192}],"pincodes":[{"name":"110059","registeredUsers":423149},{"name":"110092","registeredUsers":335783},{"name":"110086","registeredUsers":288308},{"name":"110044","registeredUsers":259476},{"name":"110041","registeredUsers":252304},{"name":"110085","registeredUsers":241334},{"name":"110094","registeredUsers":230259},{"name":"110096","registeredUsers":228635},{"name":"110053","registeredUsers":226890},{"name":"110042","registeredUsers":219941}]},"responseTimestamp":1630501499454}