{"success":true,"code":"SUCCESS","data":{"states":null,"districts":[{"entityName":"hyderabad","metric":{"type":"TOTAL","count":94177232,"amount":1.8320720861081787E11}},{"entityName":"rangareddy","metric":{"type":"TOTAL","count":31802492,"amount":4.588122827395146E10}},{"entityName":"medchal malkajgiri","metric":{"type":"TOTAL","count":25458101,"amount":3.7404467180931694E10}},{"entityName":"warangal urban","metric":{"type":"TOTAL","count":6200767,"amount":1.2008422912496418E10}},{"entityName":"sangareddy","metric":{"type":"TOTAL","count":4610027,"amount":8.691296108435516E9}},{"entityName":"karimnagar","metric":{"type":"TOTAL","count":3037633,"amount":6.437076498978258E9}},{"entityName":"nalgonda","metric":{"type":"TOTAL","count":2636023,"amount":6.345459438726551E9}},{"entityName":"khammam","metric":{"type":"TOTAL","count":2537352,"amount":5.525879243728758E9}},{"entityName":"nizamabad","metric":{"type":"TOTAL","count":2202642,"amount":4.951415940342635E9}},{"entityName":"siddipet","metric":{"type":"TOTAL","count":1912271,"amount":4.387174573133842E9}}],"pincodes":[{"entityName":"500001","metric":{"type":"TOTAL","count":63671159,"amount":1.3939486559549792E11}},{"entityName":"500072","metric":{"type":"TOTAL","count":5283290,"amount":7.251265300592133E9}},{"entityName":"500081","metric":{"type":"TOTAL","count":4030937,"amount":4.6586687312112255E9}},{"entityName":"500032","metric":{"type":"TOTAL","count":3884043,"amount":4.343247128730584E9}},{"entityName":"500038","metric":{"type":"TOTAL","count":3044785,"amount":2.7804374556805067E9}},{"entityName":"500016","metric":{"type":"TOTAL","count":2821233,"amount":3.306303138465645E9}},{"entityName":"500018","metric":{"type":"TOTAL","count":2528782,"amount":3.581249603331252E9}},{"entityName":"500039","metric":{"type":"TOTAL","count":2180737,"amount":3.1017434554914875E9}},{"entityName":"506002","metric":{"type":"TOTAL","count":2177275,"amount":4.647570989458022E9}},{"entityName":"505001","metric":{"type":"TOTAL","count":1849558,"amount":3.987730977830345E9}}]},"responseTimestamp":1630501491826}