{"success":true,"code":"SUCCESS","data":{"states":null,"districts":[{"entityName":"hyderabad","metric":{"type":"TOTAL","count":56374644,"amount":1.3082006148830273E11}},{"entityName":"rangareddy","metric":{"type":"TOTAL","count":18068048,"amount":3.1273545586261536E10}},{"entityName":"medchal malkajgiri","metric":{"type":"TOTAL","count":17860704,"amount":2.9732057894607735E10}},{"entityName":"warangal urban","metric":{"type":"TOTAL","count":6239185,"amount":1.3617334891581213E10}},{"entityName":"sangareddy","metric":{"type":"TOTAL","count":4807036,"amount":8.780427655861984E9}},{"entityName":"nalgonda","metric":{"type":"TOTAL","count":3786127,"amount":8.540610042867538E9}},{"entityName":"khammam","metric":{"type":"TOTAL","count":3329665,"amount":7.845967966504283E9}},{"entityName":"karimnagar","metric":{"type":"TOTAL","count":3030914,"amount":6.62119408794509E9}},{"entityName":"nizamabad","metric":{"type":"TOTAL","count":2750473,"amount":6.638415628443302E9}},{"entityName":"siddipet","metric":{"type":"TOTAL","count":2417054,"amount":5.240899389901978E9}}],"pincodes":[{"entityName":"500001","metric":{"type":"TOTAL","count":39752686,"amount":1.0196188224687434E11}},{"entityName":"500072","metric":{"type":"TOTAL","count":2779331,"amount":4.714390213642207E9}},{"entityName":"506002","metric":{"type":"TOTAL","count":2722371,"amount":6.397270660953796E9}},{"entityName":"500018","metric":{"type":"TOTAL","count":1896744,"amount":3.0813950107262E9}},{"entityName":"505001","metric":{"type":"TOTAL","count":1461977,"amount":3.3406961621287227E9}},{"entityName":"500039","metric":{"type":"TOTAL","count":1423767,"amount":2.242259968827369E9}},{"entityName":"500055","metric":{"type":"TOTAL","count":1408700,"amount":2.4478589646717243E9}},{"entityName":"500037","metric":{"type":"TOTAL","count":1403379,"amount":2.2306072126782274E9}},{"entityName":"502032","metric":{"type":"TOTAL","count":1205120,"amount":2.1542175330633264E9}},{"entityName":"500070","metric":{"type":"TOTAL","count":1125474,"amount":2.26222643858338E9}}]},"responseTimestamp":1630501492373}