{"success":true,"code":"SUCCESS","data":{"states":null,"districts":[{"entityName":"hyderabad","metric":{"type":"TOTAL","count":99285803,"amount":2.2844874237747607E11}},{"entityName":"rangareddy","metric":{"type":"TOTAL","count":29573243,"amount":5.1787722036044556E10}},{"entityName":"medchal malkajgiri","metric":{"type":"TOTAL","count":28698311,"amount":4.883169500178223E10}},{"entityName":"warangal urban","metric":{"type":"TOTAL","count":7847624,"amount":1.7470830635334423E10}},{"entityName":"sangareddy","metric":{"type":"TOTAL","count":6800085,"amount":1.2980683896976254E10}},{"entityName":"nalgonda","metric":{"type":"TOTAL","count":5228596,"amount":1.2019426389403297E10}},{"entityName":"khammam","metric":{"type":"TOTAL","count":4612672,"amount":1.062407606327388E10}},{"entityName":"karimnagar","metric":{"type":"TOTAL","count":4242409,"amount":9.665080706228874E9}},{"entityName":"nizamabad","metric":{"type":"TOTAL","count":3738711,"amount":8.812060816702126E9}},{"entityName":"bhadradri kothagudem","metric":{"type":"TOTAL","count":3196550,"amount":7.671316620377354E9}}],"pincodes":[{"entityName":"500001","metric":{"type":"TOTAL","count":70732132,"amount":1.775320094217673E11}},{"entityName":"500072","metric":{"type":"TOTAL","count":4818327,"amount":7.901366588553955E9}},{"entityName":"500018","metric":{"type":"TOTAL","count":3646086,"amount":6.746066279411854E9}},{"entityName":"500039","metric":{"type":"TOTAL","count":2336855,"amount":3.8557535364990525E9}},{"entityName":"500055","metric":{"type":"TOTAL","count":2240862,"amount":3.9833418413421497E9}},{"entityName":"505001","metric":{"type":"TOTAL","count":2235829,"amount":5.20442087487776E9}},{"entityName":"500037","metric":{"type":"TOTAL","count":2158500,"amount":3.554512862563189E9}},{"entityName":"500070","metric":{"type":"TOTAL","count":2014542,"amount":4.0864318220088406E9}},{"entityName":"506002","metric":{"type":"TOTAL","count":1859437,"amount":4.359145060253377E9}},{"entityName":"502032","metric":{"type":"TOTAL","count":1838354,"amount":3.319367371337398E9}}]},"responseTimestamp":1630501493174}