{"success":true,"code":"SUCCESS","data":{"states":null,"districts":[{"entityName":"hyderabad","metric":{"type":"TOTAL","count":117008707,"amount":2.4304518418828204E11}},{"entityName":"rangareddy","metric":{"type":"TOTAL","count":53405219,"amount":8.925613045308658E10}},{"entityName":"medchal malkajgiri","metric":{"type":"TOTAL","count":49900746,"amount":8.180110607341168E10}},{"entityName":"warangal urban","metric":{"type":"TOTAL","count":11918795,"amount":2.5712185991211586E10}},{"entityName":"sangareddy","metric":{"type":"TOTAL","count":11444304,"amount":2.2088541539150494E10}},{"entityName":"nalgonda","metric":{"type":"TOTAL","count":7966177,"amount":1.9282405659535854E10}},{"entityName":"khammam","metric":{"type":"TOTAL","count":7035947,"amount":1.6464448770047258E10}},{"entityName":"karimnagar","metric":{"type":"TOTAL","count":6853847,"amount":1.536936718601585E10}},{"entityName":"nizamabad","metric":{"type":"TOTAL","count":5857682,"amount":1.5245199022577251E10}},{"entityName":"bhadradri kothagudem","metric":{"type":"TOTAL","count":5185352,"amount":1.2782078782234629E10}}],"pincodes":[{"entityName":"500001","metric":{"type":"TOTAL","count":63797806,"amount":1.5410466289810645E11}},{"entityName":"500072","metric":{"type":"TOTAL","count":9070883,"amount":1.3937755536535961E10}},{"entityName":"500018","metric":{"type":"TOTAL","count":5643815,"amount":9.675318583896774E9}},{"entityName":"500039","metric":{"type":"TOTAL","count":3991810,"amount":6.396528382565709E9}},{"entityName":"500055","metric":{"type":"TOTAL","count":3765251,"amount":6.495264678062862E9}},{"entityName":"505001","metric":{"type":"TOTAL","count":3684087,"amount":8.231302076458456E9}},{"entityName":"500081","metric":{"type":"TOTAL","count":3671481,"amount":4.383805035137949E9}},{"entityName":"500016","metric":{"type":"TOTAL","count":3576713,"amount":5.064748267023199E9}},{"entityName":"500070","metric":{"type":"TOTAL","count":3576367,"amount":6.881582556487806E9}},{"entityName":"500037","metric":{"type":"TOTAL","count":3473445,"amount":5.673537692512934E9}}]},"responseTimestamp":1630501493696}