{"success":true,"code":"SUCCESS","data":{"hoverDataList":[{"name":"kangpokpi district","metric":[{"type":"TOTAL","count":120614,"amount":3.614228574778744E8}]},{"name":"noney district","metric":[{"type":"TOTAL","count":21683,"amount":8.197553765019315E7}]},{"name":"imphal east district","metric":[{"type":"TOTAL","count":298053,"amount":9.262986227916505E8}]},{"name":"thoubal district","metric":[{"type":"TOTAL","count":159443,"amount":4.659999659324683E8}]},{"name":"kakching district","metric":[{"type":"TOTAL","count":45714,"amount":1.2900972036301753E8}]},{"name":"jiribam district","metric":[{"type":"TOTAL","count":33214,"amount":1.0695214135335837E8}]},{"name":"ukhrul district","metric":[{"type":"TOTAL","count":45977,"amount":1.632115438876433E8}]},{"name":"tamenglong district","metric":[{"type":"TOTAL","count":53325,"amount":1.820591878775179E8}]},{"name":"kamjong district","metric":[{"type":"TOTAL","count":10050,"amount":3.839692757850355E7}]},{"name":"chandel district","metric":[{"type":"TOTAL","count":46964,"amount":1.5682104833140564E8}]},{"name":"bishnupur district","metric":[{"type":"TOTAL","count":129775,"amount":4.1097976159592944E8}]},{"name":"senapati district","metric":[{"type":"TOTAL","count":41815,"amount":1.5053311228282666E8}]},{"name":"pherzawl district","metric":[{"type":"TOTAL","count":3014,"amount":6196514.84182024}]},{"name":"churachandpur district","metric":[{"type":"TOTAL","count":132079,"amount":4.7828295314129984E8}]},{"name":"tengnoupal district","metric":[{"type":"TOTAL","count":42399,"amount":1.5498391095505172E8}]},{"name":"imphal west district","metric":[{"type":"TOTAL","count":4129560,"amount":1.0331377272313238E10}]}]},"responseTimestamp":1651127582523}