{"success":true,"code":"SUCCESS","data":{"states":null,"districts":[{"entityName":"east","metric":{"type":"TOTAL","count":360279,"amount":7.29478141568978E8}},{"entityName":"south","metric":{"type":"TOTAL","count":82456,"amount":1.384012364081525E8}},{"entityName":"west","metric":{"type":"TOTAL","count":49913,"amount":1.0098156151060595E8}},{"entityName":"north","metric":{"type":"TOTAL","count":35470,"amount":8.461533245666516E7}}],"pincodes":[{"entityName":"737101","metric":{"type":"TOTAL","count":198806,"amount":4.016789440832668E8}},{"entityName":"737102","metric":{"type":"TOTAL","count":39914,"amount":8.877269659716484E7}},{"entityName":"737132","metric":{"type":"TOTAL","count":34812,"amount":6.23017997090806E7}},{"entityName":"737134","metric":{"type":"TOTAL","count":33365,"amount":6.097828412445666E7}},{"entityName":"737135","metric":{"type":"TOTAL","count":32484,"amount":6.040655655173436E7}},{"entityName":"737136","metric":{"type":"TOTAL","count":23977,"amount":3.1562106466452874E7}},{"entityName":"737113","metric":{"type":"TOTAL","count":23512,"amount":5.354354494433001E7}},{"entityName":"737126","metric":{"type":"TOTAL","count":21299,"amount":4.367859289017106E7}},{"entityName":"737120","metric":{"type":"TOTAL","count":20694,"amount":5.227228716991089E7}},{"entityName":"737121","metric":{"type":"TOTAL","count":17254,"amount":2.716821438679769E7}}]},"responseTimestamp":1630501491823}