{"success":true,"code":"SUCCESS","data":{"states":null,"districts":[{"entityName":"east","metric":{"type":"TOTAL","count":304581,"amount":6.538534774965272E8}},{"entityName":"south","metric":{"type":"TOTAL","count":95669,"amount":1.5283765921956825E8}},{"entityName":"west","metric":{"type":"TOTAL","count":69860,"amount":1.2126579869496223E8}},{"entityName":"north","metric":{"type":"TOTAL","count":47621,"amount":1.2666185285020877E8}}],"pincodes":[{"entityName":"737101","metric":{"type":"TOTAL","count":99514,"amount":2.415248177601629E8}},{"entityName":"737102","metric":{"type":"TOTAL","count":48169,"amount":1.1077151112969662E8}},{"entityName":"737134","metric":{"type":"TOTAL","count":47609,"amount":7.969278439264867E7}},{"entityName":"737132","metric":{"type":"TOTAL","count":44831,"amount":7.717222821265629E7}},{"entityName":"737135","metric":{"type":"TOTAL","count":40423,"amount":7.810353251790954E7}},{"entityName":"737113","metric":{"type":"TOTAL","count":30686,"amount":6.2990274249189E7}},{"entityName":"737126","metric":{"type":"TOTAL","count":30265,"amount":5.005676869557366E7}},{"entityName":"737120","metric":{"type":"TOTAL","count":26448,"amount":8.317187067539173E7}},{"entityName":"737121","metric":{"type":"TOTAL","count":25732,"amount":3.4021829586665384E7}},{"entityName":"737136","metric":{"type":"TOTAL","count":19239,"amount":3.2007761345463865E7}}]},"responseTimestamp":1630501492373}