{"success":true,"code":"SUCCESS","data":{"states":null,"districts":[{"entityName":"east","metric":{"type":"TOTAL","count":353881,"amount":8.696483854220288E8}},{"entityName":"south","metric":{"type":"TOTAL","count":104888,"amount":2.024970137266165E8}},{"entityName":"west","metric":{"type":"TOTAL","count":79994,"amount":1.6555623637028116E8}},{"entityName":"north","metric":{"type":"TOTAL","count":57672,"amount":1.6322509314147198E8}}],"pincodes":[{"entityName":"737101","metric":{"type":"TOTAL","count":123677,"amount":3.6312344592071867E8}},{"entityName":"737102","metric":{"type":"TOTAL","count":59676,"amount":1.4849818161173043E8}},{"entityName":"737134","metric":{"type":"TOTAL","count":52215,"amount":1.0312599798284647E8}},{"entityName":"737132","metric":{"type":"TOTAL","count":47333,"amount":9.216601471236712E7}},{"entityName":"737135","metric":{"type":"TOTAL","count":43495,"amount":8.462103676003131E7}},{"entityName":"737113","metric":{"type":"TOTAL","count":35604,"amount":8.406602005543599E7}},{"entityName":"737126","metric":{"type":"TOTAL","count":34340,"amount":6.724909761629468E7}},{"entityName":"737120","metric":{"type":"TOTAL","count":32188,"amount":1.0827731185844661E8}},{"entityName":"737121","metric":{"type":"TOTAL","count":29690,"amount":4.754841972318309E7}},{"entityName":"737103","metric":{"type":"TOTAL","count":22543,"amount":5.879491005378474E7}}]},"responseTimestamp":1630501493174}