{"success":true,"code":"SUCCESS","data":{"states":null,"districts":[{"entityName":"east","metric":{"type":"TOTAL","count":428732,"amount":1.1296278761171594E9}},{"entityName":"south","metric":{"type":"TOTAL","count":130339,"amount":2.9280458422659683E8}},{"entityName":"west","metric":{"type":"TOTAL","count":95163,"amount":2.4565709812953636E8}},{"entityName":"north","metric":{"type":"TOTAL","count":80801,"amount":2.511862466496318E8}}],"pincodes":[{"entityName":"737101","metric":{"type":"TOTAL","count":137621,"amount":4.013933593730345E8}},{"entityName":"737102","metric":{"type":"TOTAL","count":74462,"amount":2.069429138594391E8}},{"entityName":"737134","metric":{"type":"TOTAL","count":63754,"amount":1.4443614052819106E8}},{"entityName":"737132","metric":{"type":"TOTAL","count":59211,"amount":1.3029497541495967E8}},{"entityName":"737135","metric":{"type":"TOTAL","count":57488,"amount":1.2773377072283357E8}},{"entityName":"737120","metric":{"type":"TOTAL","count":49743,"amount":1.705004245865497E8}},{"entityName":"737113","metric":{"type":"TOTAL","count":43961,"amount":1.2334846412495862E8}},{"entityName":"737126","metric":{"type":"TOTAL","count":40905,"amount":1.0148644410675268E8}},{"entityName":"737121","metric":{"type":"TOTAL","count":33882,"amount":7.313919113560003E7}},{"entityName":"737103","metric":{"type":"TOTAL","count":28640,"amount":8.02597447201464E7}}]},"responseTimestamp":1630501493522}