{"success":true,"code":"SUCCESS","data":{"hoverDataList":[{"name":"pali district","metric":[{"type":"TOTAL","count":7186562,"amount":1.497868315430138E10}]},{"name":"ganganagar district","metric":[{"type":"TOTAL","count":9951712,"amount":1.9810362020417377E10}]},{"name":"churu district","metric":[{"type":"TOTAL","count":7027393,"amount":1.6182079348550667E10}]},{"name":"jaipur district","metric":[{"type":"TOTAL","count":262950613,"amount":4.345078986532288E11}]},{"name":"baran district","metric":[{"type":"TOTAL","count":3313639,"amount":6.075628390959345E9}]},{"name":"bhilwara district","metric":[{"type":"TOTAL","count":18219742,"amount":3.483221459268741E10}]},{"name":"banswara district","metric":[{"type":"TOTAL","count":1934543,"amount":4.305963325291948E9}]},{"name":"dungarpur district","metric":[{"type":"TOTAL","count":1601893,"amount":3.3334833545657682E9}]},{"name":"tonk district","metric":[{"type":"TOTAL","count":7525693,"amount":1.2353743560603878E10}]},{"name":"jodhpur district","metric":[{"type":"TOTAL","count":27810577,"amount":5.696693561503049E10}]},{"name":"karauli district","metric":[{"type":"TOTAL","count":4947468,"amount":8.967316935909687E9}]},{"name":"udaipur district","metric":[{"type":"TOTAL","count":13527713,"amount":2.2322610837972824E10}]},{"name":"dausa district","metric":[{"type":"TOTAL","count":11542170,"amount":1.767418916700492E10}]},{"name":"nagaur district","metric":[{"type":"TOTAL","count":12629151,"amount":3.0251543728242836E10}]},{"name":"bharatpur district","metric":[{"type":"TOTAL","count":7655860,"amount":1.4512910848443268E10}]},{"name":"barmer district","metric":[{"type":"TOTAL","count":11519794,"amount":2.70900533384531E10}]},{"name":"ajmer district","metric":[{"type":"TOTAL","count":17973292,"amount":3.656765994504271E10}]},{"name":"chittorgarh district","metric":[{"type":"TOTAL","count":7428622,"amount":1.4456333123863838E10}]},{"name":"hanumangarh district","metric":[{"type":"TOTAL","count":6377544,"amount":1.4758711603374897E10}]},{"name":"pratapgarh district","metric":[{"type":"TOTAL","count":1599079,"amount":3.515635369540432E9}]},{"name":"sawai madhopur district","metric":[{"type":"TOTAL","count":7216366,"amount":1.1027855832279514E10}]},{"name":"jalore district","metric":[{"type":"TOTAL","count":4491298,"amount":1.2375235222293488E10}]},{"name":"bikaner district","metric":[{"type":"TOTAL","count":11656264,"amount":2.3262580003212997E10}]},{"name":"sikar district","metric":[{"type":"TOTAL","count":16975662,"amount":3.5691652892445E10}]},{"name":"dholpur district","metric":[{"type":"TOTAL","count":2778999,"amount":5.894331701791255E9}]},{"name":"sirohi district","metric":[{"type":"TOTAL","count":3353014,"amount":6.402432686378646E9}]},{"name":"rajsamand district","metric":[{"type":"TOTAL","count":4525911,"amount":9.132121086433088E9}]},{"name":"jaisalmer district","metric":[{"type":"TOTAL","count":4838533,"amount":9.233715982400576E9}]},{"name":"bundi district","metric":[{"type":"TOTAL","count":4151689,"amount":6.974583851094925E9}]},{"name":"jhalawar district","metric":[{"type":"TOTAL","count":5038482,"amount":9.563582630651922E9}]},{"name":"alwar district","metric":[{"type":"TOTAL","count":27462202,"amount":4.605182971634672E10}]},{"name":"kota district","metric":[{"type":"TOTAL","count":19207151,"amount":3.033539463944809E10}]},{"name":"jhunjhunu district","metric":[{"type":"TOTAL","count":10543589,"amount":2.2640907821866825E10}]}]},"responseTimestamp":1651127591380}