{"success":true,"code":"SUCCESS","data":{"states":[{"name":"maharashtra","registeredUsers":37077537},{"name":"uttar pradesh","registeredUsers":29482075},{"name":"karnataka","registeredUsers":24095832},{"name":"andhra pradesh","registeredUsers":18363733},{"name":"rajasthan","registeredUsers":17661088},{"name":"telangana","registeredUsers":17149069},{"name":"west bengal","registeredUsers":16808799},{"name":"tamil nadu","registeredUsers":16632608},{"name":"madhya pradesh","registeredUsers":14839427},{"name":"gujarat","registeredUsers":14670126}],"districts":[{"name":"bengaluru urban","registeredUsers":9955387},{"name":"pune","registeredUsers":6481971},{"name":"thane","registeredUsers":4014464},{"name":"jaipur","registeredUsers":3951866},{"name":"mumbai suburban","registeredUsers":3886500},{"name":"hyderabad","registeredUsers":3379663},{"name":"ahmadabad","registeredUsers":2999575},{"name":"rangareddy","registeredUsers":2906635},{"name":"north twenty four parganas","registeredUsers":2491076},{"name":"surat","registeredUsers":2458596}],"pincodes":[{"name":"201301","registeredUsers":541127},{"name":"110059","registeredUsers":454201},{"name":"560068","registeredUsers":427525},{"name":"421302","registeredUsers":396179},{"name":"500072","registeredUsers":375272},{"name":"122001","registeredUsers":361360},{"name":"110092","registeredUsers":359376},{"name":"110086","registeredUsers":310419},{"name":"121004","registeredUsers":306230},{"name":"560078","registeredUsers":305721}]},"responseTimestamp":1630501483101}