{"success":true,"code":"SUCCESS","data":{"states":[{"name":"maharashtra","registeredUsers":45482506},{"name":"uttar pradesh","registeredUsers":36617655},{"name":"karnataka","registeredUsers":29459646},{"name":"andhra pradesh","registeredUsers":22489029},{"name":"rajasthan","registeredUsers":21977202},{"name":"telangana","registeredUsers":20917649},{"name":"west bengal","registeredUsers":20644527},{"name":"tamil nadu","registeredUsers":20433142},{"name":"madhya pradesh","registeredUsers":18456243},{"name":"gujarat","registeredUsers":18139201}],"districts":[{"name":"bengaluru urban","registeredUsers":12038775},{"name":"pune","registeredUsers":7880431},{"name":"thane","registeredUsers":4906492},{"name":"jaipur","registeredUsers":4841883},{"name":"mumbai suburban","registeredUsers":4740546},{"name":"hyderabad","registeredUsers":4081185},{"name":"ahmadabad","registeredUsers":3679243},{"name":"rangareddy","registeredUsers":3523496},{"name":"north twenty four parganas","registeredUsers":3043008},{"name":"surat","registeredUsers":3026960}],"pincodes":[{"name":"201301","registeredUsers":659549},{"name":"110059","registeredUsers":555449},{"name":"560068","registeredUsers":517115},{"name":"421302","registeredUsers":488443},{"name":"500072","registeredUsers":451595},{"name":"122001","registeredUsers":440178},{"name":"110092","registeredUsers":436075},{"name":"110086","registeredUsers":382858},{"name":"121004","registeredUsers":376910},{"name":"560078","registeredUsers":368213}]},"responseTimestamp":1643295734406}