{"success":true,"code":"SUCCESS","data":{"states":null,"districts":[{"entityName":"udham singh nagar","metric":{"type":"TOTAL","count":1872126,"amount":1.4892172313368738E9}},{"entityName":"haridwar","metric":{"type":"TOTAL","count":1412730,"amount":1.7441270950116456E9}},{"entityName":"dehradun","metric":{"type":"TOTAL","count":1291566,"amount":2.353709229488825E9}},{"entityName":"nainital","metric":{"type":"TOTAL","count":366310,"amount":5.2889275199502397E8}},{"entityName":"pauri garhwal","metric":{"type":"TOTAL","count":154873,"amount":2.5913368345728153E8}},{"entityName":"tehri garhwal","metric":{"type":"TOTAL","count":92784,"amount":1.8853214909953338E8}},{"entityName":"almora","metric":{"type":"TOTAL","count":84510,"amount":1.3314267068267207E8}},{"entityName":"pithoragarh","metric":{"type":"TOTAL","count":67059,"amount":1.2678237871489981E8}},{"entityName":"chamoli","metric":{"type":"TOTAL","count":57245,"amount":1.0989720950624073E8}},{"entityName":"uttarkashi","metric":{"type":"TOTAL","count":43500,"amount":8.579288124604434E7}}],"pincodes":[{"entityName":"263153","metric":{"type":"TOTAL","count":657220,"amount":4.6931616373215765E8}},{"entityName":"249403","metric":{"type":"TOTAL","count":436576,"amount":3.802637030443683E8}},{"entityName":"248001","metric":{"type":"TOTAL","count":401304,"amount":7.665266226810005E8}},{"entityName":"247667","metric":{"type":"TOTAL","count":258438,"amount":4.1442406608344054E8}},{"entityName":"263139","metric":{"type":"TOTAL","count":196891,"amount":2.87655293505677E8}},{"entityName":"244713","metric":{"type":"TOTAL","count":192243,"amount":2.3023563548656127E8}},{"entityName":"263453","metric":{"type":"TOTAL","count":184728,"amount":9.938093781047675E7}},{"entityName":"263148","metric":{"type":"TOTAL","count":163563,"amount":1.3175808111330816E8}},{"entityName":"262403","metric":{"type":"TOTAL","count":141086,"amount":6.037351259702644E7}},{"entityName":"248007","metric":{"type":"TOTAL","count":135145,"amount":2.0273642467337495E8}}]},"responseTimestamp":1630501490407}