{"success":true,"code":"SUCCESS","data":{"states":null,"districts":[{"entityName":"dehradun","metric":{"type":"TOTAL","count":1628356,"amount":3.149635867735813E9}},{"entityName":"haridwar","metric":{"type":"TOTAL","count":1109390,"amount":1.9933311149490423E9}},{"entityName":"udham singh nagar","metric":{"type":"TOTAL","count":964467,"amount":1.3785822271383595E9}},{"entityName":"nainital","metric":{"type":"TOTAL","count":347099,"amount":6.410752537010634E8}},{"entityName":"pauri garhwal","metric":{"type":"TOTAL","count":201286,"amount":3.3094158617840505E8}},{"entityName":"tehri garhwal","metric":{"type":"TOTAL","count":125918,"amount":2.6267778470331165E8}},{"entityName":"almora","metric":{"type":"TOTAL","count":110119,"amount":1.6958833181787175E8}},{"entityName":"pithoragarh","metric":{"type":"TOTAL","count":81162,"amount":1.587724747061255E8}},{"entityName":"chamoli","metric":{"type":"TOTAL","count":71211,"amount":1.4613526066002762E8}},{"entityName":"uttarkashi","metric":{"type":"TOTAL","count":52899,"amount":1.1632646003063229E8}}],"pincodes":[{"entityName":"248001","metric":{"type":"TOTAL","count":620613,"amount":1.2561026648193617E9}},{"entityName":"263153","metric":{"type":"TOTAL","count":326088,"amount":4.211992153932806E8}},{"entityName":"247667","metric":{"type":"TOTAL","count":290332,"amount":5.393486002428769E8}},{"entityName":"249403","metric":{"type":"TOTAL","count":235916,"amount":3.600983934847477E8}},{"entityName":"248007","metric":{"type":"TOTAL","count":190087,"amount":2.5751579690672636E8}},{"entityName":"263139","metric":{"type":"TOTAL","count":182828,"amount":3.340773675765989E8}},{"entityName":"244713","metric":{"type":"TOTAL","count":123414,"amount":2.3262934989156544E8}},{"entityName":"248011","metric":{"type":"TOTAL","count":93449,"amount":1.0975378267832175E8}},{"entityName":"263148","metric":{"type":"TOTAL","count":87402,"amount":1.372730620732267E8}},{"entityName":"247661","metric":{"type":"TOTAL","count":86399,"amount":1.3247565908880918E8}}]},"responseTimestamp":1630501490816}