{"success":true,"code":"SUCCESS","data":{"states":null,"districts":[{"entityName":"dehradun","metric":{"type":"TOTAL","count":2163047,"amount":3.7877617145911207E9}},{"entityName":"haridwar","metric":{"type":"TOTAL","count":1408219,"amount":2.350808805151039E9}},{"entityName":"udham singh nagar","metric":{"type":"TOTAL","count":881091,"amount":1.4488540137749524E9}},{"entityName":"nainital","metric":{"type":"TOTAL","count":410561,"amount":7.035653720754354E8}},{"entityName":"pauri garhwal","metric":{"type":"TOTAL","count":206617,"amount":3.3710567989840025E8}},{"entityName":"tehri garhwal","metric":{"type":"TOTAL","count":139167,"amount":2.6873980673495024E8}},{"entityName":"almora","metric":{"type":"TOTAL","count":110098,"amount":1.6334141500345957E8}},{"entityName":"pithoragarh","metric":{"type":"TOTAL","count":93746,"amount":1.5793839366508043E8}},{"entityName":"chamoli","metric":{"type":"TOTAL","count":88665,"amount":1.5944192961206484E8}},{"entityName":"uttarkashi","metric":{"type":"TOTAL","count":68144,"amount":1.2646899695084272E8}}],"pincodes":[{"entityName":"248001","metric":{"type":"TOTAL","count":767605,"amount":1.540174244947864E9}},{"entityName":"247667","metric":{"type":"TOTAL","count":417517,"amount":7.35593346416783E8}},{"entityName":"248007","metric":{"type":"TOTAL","count":279515,"amount":3.2018542472309196E8}},{"entityName":"263153","metric":{"type":"TOTAL","count":276611,"amount":4.3795160390910804E8}},{"entityName":"249403","metric":{"type":"TOTAL","count":234449,"amount":3.8664780184262353E8}},{"entityName":"263139","metric":{"type":"TOTAL","count":224088,"amount":3.804622486742516E8}},{"entityName":"244713","metric":{"type":"TOTAL","count":142259,"amount":2.532365895388602E8}},{"entityName":"249402","metric":{"type":"TOTAL","count":118343,"amount":1.3443144306880024E8}},{"entityName":"248171","metric":{"type":"TOTAL","count":111154,"amount":1.8325640428404242E8}},{"entityName":"248011","metric":{"type":"TOTAL","count":109599,"amount":1.2791109017625391E8}}]},"responseTimestamp":1630501491136}