{"success":true,"code":"SUCCESS","data":{"states":null,"districts":[{"entityName":"dehradun","metric":{"type":"TOTAL","count":3069497,"amount":4.994340229552402E9}},{"entityName":"haridwar","metric":{"type":"TOTAL","count":1661936,"amount":2.912268373080662E9}},{"entityName":"udham singh nagar","metric":{"type":"TOTAL","count":1067254,"amount":1.8479129110312634E9}},{"entityName":"nainital","metric":{"type":"TOTAL","count":510868,"amount":9.386071325862874E8}},{"entityName":"pauri garhwal","metric":{"type":"TOTAL","count":260210,"amount":4.381166623129741E8}},{"entityName":"tehri garhwal","metric":{"type":"TOTAL","count":175937,"amount":3.315591297280453E8}},{"entityName":"almora","metric":{"type":"TOTAL","count":147270,"amount":2.2654922613870555E8}},{"entityName":"pithoragarh","metric":{"type":"TOTAL","count":112708,"amount":2.0078214905021042E8}},{"entityName":"chamoli","metric":{"type":"TOTAL","count":104404,"amount":2.079057796174841E8}},{"entityName":"uttarkashi","metric":{"type":"TOTAL","count":82965,"amount":1.741412753253441E8}}],"pincodes":[{"entityName":"248001","metric":{"type":"TOTAL","count":1059516,"amount":2.1007454558652391E9}},{"entityName":"247667","metric":{"type":"TOTAL","count":537593,"amount":9.464811364974899E8}},{"entityName":"248007","metric":{"type":"TOTAL","count":461764,"amount":4.245357451600379E8}},{"entityName":"263153","metric":{"type":"TOTAL","count":315214,"amount":5.261908554338092E8}},{"entityName":"263139","metric":{"type":"TOTAL","count":279153,"amount":5.1436654928830165E8}},{"entityName":"249403","metric":{"type":"TOTAL","count":268816,"amount":4.578486082643629E8}},{"entityName":"248011","metric":{"type":"TOTAL","count":195689,"amount":1.719604689592616E8}},{"entityName":"244713","metric":{"type":"TOTAL","count":182713,"amount":3.4660555812948835E8}},{"entityName":"248171","metric":{"type":"TOTAL","count":153580,"amount":2.2037987046129566E8}},{"entityName":"248008","metric":{"type":"TOTAL","count":142759,"amount":2.663418870357869E8}}]},"responseTimestamp":1630501491442}