{"success":true,"code":"SUCCESS","data":{"hoverDataList":[{"name":"shahid bhagat singh nagar district","metric":[{"type":"TOTAL","count":246166,"amount":5.2268157263744915E8}]},{"name":"fazilka district","metric":[{"type":"TOTAL","count":1378018,"amount":3.1118749158745384E9}]},{"name":"barnala district","metric":[{"type":"TOTAL","count":320049,"amount":7.634047484096816E8}]},{"name":"mansa district","metric":[{"type":"TOTAL","count":358173,"amount":9.301299701113764E8}]},{"name":"ludhiana district","metric":[{"type":"TOTAL","count":16104345,"amount":3.0807741534262596E10}]},{"name":"sri muktsar sahib district","metric":[{"type":"TOTAL","count":565139,"amount":1.3876663694370604E9}]},{"name":"patiala district","metric":[{"type":"TOTAL","count":2400121,"amount":5.270148761145614E9}]},{"name":"pathankot district","metric":[{"type":"TOTAL","count":936270,"amount":2.224480978571439E9}]},{"name":"fatehgarh sahib district","metric":[{"type":"TOTAL","count":578476,"amount":1.0820954378984244E9}]},{"name":"rupnagar district","metric":[{"type":"TOTAL","count":643288,"amount":1.2997314479082217E9}]},{"name":"tarn taran district","metric":[{"type":"TOTAL","count":605311,"amount":1.6224611118295758E9}]},{"name":"sas nagar district","metric":[{"type":"TOTAL","count":6040235,"amount":8.96372859889373E9}]},{"name":"sangrur district","metric":[{"type":"TOTAL","count":1015897,"amount":2.422730555689826E9}]},{"name":"jalandhar district","metric":[{"type":"TOTAL","count":2663707,"amount":5.579482421017923E9}]},{"name":"bathinda district","metric":[{"type":"TOTAL","count":1647401,"amount":3.7885512831761484E9}]},{"name":"kapurthala district","metric":[{"type":"TOTAL","count":750543,"amount":1.431884221121972E9}]},{"name":"firozepur district","metric":[{"type":"TOTAL","count":726158,"amount":1.775054774924417E9}]},{"name":"gurdaspur district","metric":[{"type":"TOTAL","count":826384,"amount":2.1344713764741166E9}]},{"name":"amritsar district","metric":[{"type":"TOTAL","count":2859630,"amount":6.53083287710007E9}]},{"name":"faridkot district","metric":[{"type":"TOTAL","count":459444,"amount":1.1398632499626758E9}]},{"name":"hoshiarpur district","metric":[{"type":"TOTAL","count":907847,"amount":1.983363435829631E9}]},{"name":"moga district","metric":[{"type":"TOTAL","count":500887,"amount":1.220181198335445E9}]}]},"responseTimestamp":1634575083841}