{"success":true,"code":"SUCCESS","data":{"hoverDataList":[{"name":"shahid bhagat singh nagar district","metric":[{"type":"TOTAL","count":292751,"amount":6.770381899428892E8}]},{"name":"fazilka district","metric":[{"type":"TOTAL","count":1650972,"amount":4.131028405490648E9}]},{"name":"barnala district","metric":[{"type":"TOTAL","count":384260,"amount":1.0184746110955205E9}]},{"name":"mansa district","metric":[{"type":"TOTAL","count":431397,"amount":1.152855636813005E9}]},{"name":"ludhiana district","metric":[{"type":"TOTAL","count":19553778,"amount":3.929277266087953E10}]},{"name":"sri muktsar sahib district","metric":[{"type":"TOTAL","count":679638,"amount":1.7549179641061363E9}]},{"name":"patiala district","metric":[{"type":"TOTAL","count":2901070,"amount":6.755184061574617E9}]},{"name":"pathankot district","metric":[{"type":"TOTAL","count":1200445,"amount":2.875653268713999E9}]},{"name":"fatehgarh sahib district","metric":[{"type":"TOTAL","count":724497,"amount":1.400988326952087E9}]},{"name":"rupnagar district","metric":[{"type":"TOTAL","count":794332,"amount":1.677659589705927E9}]},{"name":"tarn taran district","metric":[{"type":"TOTAL","count":773669,"amount":2.342100805235133E9}]},{"name":"sas nagar district","metric":[{"type":"TOTAL","count":7503637,"amount":1.1088791931951628E10}]},{"name":"sangrur district","metric":[{"type":"TOTAL","count":1205039,"amount":3.2055530980632915E9}]},{"name":"jalandhar district","metric":[{"type":"TOTAL","count":3218973,"amount":7.030833843587089E9}]},{"name":"bathinda district","metric":[{"type":"TOTAL","count":2056317,"amount":4.674339276828988E9}]},{"name":"kapurthala district","metric":[{"type":"TOTAL","count":1175355,"amount":2.1107138425000901E9}]},{"name":"firozepur district","metric":[{"type":"TOTAL","count":873797,"amount":2.296641050612264E9}]},{"name":"gurdaspur district","metric":[{"type":"TOTAL","count":1063972,"amount":2.953340265967179E9}]},{"name":"amritsar district","metric":[{"type":"TOTAL","count":3576353,"amount":8.60694026965073E9}]},{"name":"faridkot district","metric":[{"type":"TOTAL","count":566020,"amount":1.4517437753929482E9}]},{"name":"hoshiarpur district","metric":[{"type":"TOTAL","count":1126456,"amount":2.635348134766356E9}]},{"name":"moga district","metric":[{"type":"TOTAL","count":606632,"amount":1.5772072321698253E9}]}]},"responseTimestamp":1643295698656}