{"success":true,"code":"SUCCESS","data":{"states":null,"districts":[{"name":"chandigarh","registeredUsers":312887}],"pincodes":[{"name":"160101","registeredUsers":43456},{"name":"160002","registeredUsers":37722},{"name":"160036","registeredUsers":33042},{"name":"160047","registeredUsers":31101},{"name":"160022","registeredUsers":25119},{"name":"160014","registeredUsers":21073},{"name":"160011","registeredUsers":12511},{"name":"160015","registeredUsers":12196},{"name":"160030","registeredUsers":11732},{"name":"160019","registeredUsers":11241}]},"responseTimestamp":1630501498249}