{"success":true,"code":"SUCCESS","data":{"states":null,"districts":[{"name":"chandigarh","registeredUsers":336351}],"pincodes":[{"name":"160101","registeredUsers":47100},{"name":"160002","registeredUsers":40795},{"name":"160036","registeredUsers":35489},{"name":"160047","registeredUsers":33566},{"name":"160022","registeredUsers":26409},{"name":"160014","registeredUsers":23291},{"name":"160011","registeredUsers":13058},{"name":"160015","registeredUsers":12817},{"name":"160030","registeredUsers":12456},{"name":"160019","registeredUsers":11973}]},"responseTimestamp":1630501498615}