{"success":true,"code":"SUCCESS","data":{"states":null,"districts":[{"name":"chandigarh","registeredUsers":362588}],"pincodes":[{"name":"160101","registeredUsers":50901},{"name":"160002","registeredUsers":44149},{"name":"160036","registeredUsers":38339},{"name":"160047","registeredUsers":36323},{"name":"160022","registeredUsers":28178},{"name":"160014","registeredUsers":25601},{"name":"160015","registeredUsers":13598},{"name":"160011","registeredUsers":13532},{"name":"160030","registeredUsers":13346},{"name":"160019","registeredUsers":12815}]},"responseTimestamp":1630501499073}