{"success":true,"code":"SUCCESS","data":{"states":null,"districts":[{"name":"chandigarh","registeredUsers":391402}],"pincodes":[{"name":"160101","registeredUsers":55221},{"name":"160002","registeredUsers":47806},{"name":"160036","registeredUsers":41473},{"name":"160047","registeredUsers":39470},{"name":"160022","registeredUsers":30329},{"name":"160014","registeredUsers":27809},{"name":"160015","registeredUsers":14608},{"name":"160030","registeredUsers":14336},{"name":"160011","registeredUsers":14092},{"name":"160019","registeredUsers":13806}]},"responseTimestamp":1630501499410}