{"success":true,"code":"SUCCESS","data":{"aggregated":{"registeredUsers":7574645,"appOpens":34890301},"usersByDevice":[{"brand":"Xiaomi","count":1819154,"percentage":0.24016359842606486},{"brand":"Samsung","count":1612210,"percentage":0.21284297811976666},{"brand":"Vivo","count":1487567,"percentage":0.19638768549549188},{"brand":"Oppo","count":976688,"percentage":0.12894175238575536},{"brand":"Apple","count":301303,"percentage":0.03977783777325538},{"brand":"Realme","count":281975,"percentage":0.03722616703489075},{"brand":"OnePlus","count":180243,"percentage":0.023795570617500886},{"brand":"Lenovo","count":158443,"percentage":0.0209175479510921},{"brand":"Motorola","count":134995,"percentage":0.017821957332653873},{"brand":"Huawei","count":92218,"percentage":0.012174563956462646},{"brand":"Others","count":529849,"percentage":0.06995034090706562}]},"responseTimestamp":1630501497074}