{"success":true,"code":"SUCCESS","data":{"aggregated":{"registeredUsers":9323799,"appOpens":147973757},"usersByDevice":[{"brand":"Xiaomi","count":2194279,"percentage":0.2353417314122709},{"brand":"Samsung","count":1961599,"percentage":0.21038623848497806},{"brand":"Vivo","count":1944394,"percentage":0.20854096061058372},{"brand":"Oppo","count":1262789,"percentage":0.13543717534022345},{"brand":"Realme","count":362885,"percentage":0.038920294184806},{"brand":"Apple","count":353958,"percentage":0.03796285183753961},{"brand":"OnePlus","count":206534,"percentage":0.02215127117176164},{"brand":"Lenovo","count":169920,"percentage":0.0182243310907925},{"brand":"Motorola","count":147476,"percentage":0.015817157791582593},{"brand":"Huawei","count":111054,"percentage":0.011910810175122823},{"brand":"Others","count":608911,"percentage":0.06530717790033869}]},"responseTimestamp":1630501497913}