{"success":true,"code":"SUCCESS","data":{"states":null,"districts":[{"name":"east khasi hills","registeredUsers":102838},{"name":"west garo hills","registeredUsers":55028},{"name":"ribhoi","registeredUsers":25112},{"name":"east jaintia hills","registeredUsers":18301},{"name":"west jaintia hills","registeredUsers":11952},{"name":"north garo hills","registeredUsers":8795},{"name":"south west garo hills","registeredUsers":8758},{"name":"east garo hills","registeredUsers":8578},{"name":"south garo hills","registeredUsers":7508},{"name":"west khasi hills","registeredUsers":6839}],"pincodes":[{"name":"793001","registeredUsers":25549},{"name":"793002","registeredUsers":14982},{"name":"794001","registeredUsers":12581},{"name":"794104","registeredUsers":12299},{"name":"794105","registeredUsers":12278},{"name":"793011","registeredUsers":11198},{"name":"793101","registeredUsers":11049},{"name":"794101","registeredUsers":9581},{"name":"793210","registeredUsers":9469},{"name":"793150","registeredUsers":8140}]},"responseTimestamp":1651127651677}