{"success":true,"code":"SUCCESS","data":{"states":null,"districts":[{"entityName":"kolkata","metric":{"type":"TOTAL","count":18756562,"amount":3.3530346186636322E10}},{"entityName":"north twenty four parganas","metric":{"type":"TOTAL","count":9836478,"amount":1.2633823318181566E10}},{"entityName":"hooghly","metric":{"type":"TOTAL","count":3231486,"amount":3.828835634458941E9}},{"entityName":"south twenty four parganas","metric":{"type":"TOTAL","count":3069175,"amount":4.200261969458927E9}},{"entityName":"murshidabad","metric":{"type":"TOTAL","count":3036374,"amount":4.375324882318404E9}},{"entityName":"paschim bardhaman","metric":{"type":"TOTAL","count":3018166,"amount":4.1073723802677307E9}},{"entityName":"purba medinipur","metric":{"type":"TOTAL","count":3016163,"amount":4.413323999166389E9}},{"entityName":"paschim medinipur","metric":{"type":"TOTAL","count":2731293,"amount":3.3654702580827594E9}},{"entityName":"nadia","metric":{"type":"TOTAL","count":2617674,"amount":3.333078525009944E9}},{"entityName":"bankura","metric":{"type":"TOTAL","count":2512191,"amount":1.8885064922303813E9}}],"pincodes":[{"entityName":"700009","metric":{"type":"TOTAL","count":13084249,"amount":2.4503076745659294E10}},{"entityName":"700156","metric":{"type":"TOTAL","count":844139,"amount":7.216265631676842E8}},{"entityName":"734006","metric":{"type":"TOTAL","count":662344,"amount":1.4742946292804465E9}},{"entityName":"700036","metric":{"type":"TOTAL","count":658215,"amount":1.0491746624582351E9}},{"entityName":"713208","metric":{"type":"TOTAL","count":643621,"amount":1.0262084869827971E9}},{"entityName":"700091","metric":{"type":"TOTAL","count":606782,"amount":5.787906104300953E8}},{"entityName":"700135","metric":{"type":"TOTAL","count":561084,"amount":5.529315790840931E8}},{"entityName":"700019","metric":{"type":"TOTAL","count":359508,"amount":5.89492874047271E8}},{"entityName":"722101","metric":{"type":"TOTAL","count":298133,"amount":4.1363110232453704E8}},{"entityName":"711101","metric":{"type":"TOTAL","count":288082,"amount":5.275857855735848E8}}]},"responseTimestamp":1630501491914}