{"success":true,"code":"SUCCESS","data":{"states":null,"districts":[{"entityName":"kolkata","metric":{"type":"TOTAL","count":12981198,"amount":2.832083127565245E10}},{"entityName":"north twenty four parganas","metric":{"type":"TOTAL","count":7957303,"amount":1.1928129304115803E10}},{"entityName":"south twenty four parganas","metric":{"type":"TOTAL","count":3450717,"amount":5.442972838147334E9}},{"entityName":"hooghly","metric":{"type":"TOTAL","count":3388361,"amount":4.695101065364115E9}},{"entityName":"purba medinipur","metric":{"type":"TOTAL","count":2954606,"amount":5.035068653193295E9}},{"entityName":"murshidabad","metric":{"type":"TOTAL","count":2954461,"amount":5.450083954846977E9}},{"entityName":"howrah","metric":{"type":"TOTAL","count":2820336,"amount":4.464236054831258E9}},{"entityName":"nadia","metric":{"type":"TOTAL","count":2630360,"amount":4.208804458517461E9}},{"entityName":"paschim medinipur","metric":{"type":"TOTAL","count":2623659,"amount":4.1381228812119293E9}},{"entityName":"paschim bardhaman","metric":{"type":"TOTAL","count":2283471,"amount":3.5941873232869277E9}}],"pincodes":[{"entityName":"700009","metric":{"type":"TOTAL","count":8443615,"amount":2.1120052662569656E10}},{"entityName":"734006","metric":{"type":"TOTAL","count":674986,"amount":1.7522680843033118E9}},{"entityName":"711102","metric":{"type":"TOTAL","count":471844,"amount":1.1259112731797493E9}},{"entityName":"700156","metric":{"type":"TOTAL","count":406946,"amount":4.586271111758908E8}},{"entityName":"700135","metric":{"type":"TOTAL","count":323093,"amount":4.19959648131184E8}},{"entityName":"700006","metric":{"type":"TOTAL","count":230983,"amount":3.8055119293847054E8}},{"entityName":"711101","metric":{"type":"TOTAL","count":230319,"amount":4.121854954938129E8}},{"entityName":"721301","metric":{"type":"TOTAL","count":229129,"amount":4.190651510010152E8}},{"entityName":"700059","metric":{"type":"TOTAL","count":215007,"amount":3.5602369051890475E8}},{"entityName":"700039","metric":{"type":"TOTAL","count":211758,"amount":3.1303845361377126E8}}]},"responseTimestamp":1630501492378}