{"success":true,"code":"SUCCESS","data":{"states":null,"districts":[{"entityName":"kolkata","metric":{"type":"TOTAL","count":20532488,"amount":4.796586418761055E10}},{"entityName":"north twenty four parganas","metric":{"type":"TOTAL","count":10658639,"amount":1.8116407316286606E10}},{"entityName":"howrah","metric":{"type":"TOTAL","count":5455673,"amount":1.1044292828999893E10}},{"entityName":"south twenty four parganas","metric":{"type":"TOTAL","count":4527471,"amount":7.893878132233324E9}},{"entityName":"hooghly","metric":{"type":"TOTAL","count":4366382,"amount":7.181724884281664E9}},{"entityName":"murshidabad","metric":{"type":"TOTAL","count":4140812,"amount":8.701630173801966E9}},{"entityName":"purba medinipur","metric":{"type":"TOTAL","count":4082398,"amount":8.104060674844238E9}},{"entityName":"nadia","metric":{"type":"TOTAL","count":3385474,"amount":6.356294160880415E9}},{"entityName":"paschim medinipur","metric":{"type":"TOTAL","count":3217002,"amount":5.676916986305134E9}},{"entityName":"paschim bardhaman","metric":{"type":"TOTAL","count":2824660,"amount":4.92377813911113E9}}],"pincodes":[{"entityName":"700009","metric":{"type":"TOTAL","count":14161961,"amount":3.5897930520847115E10}},{"entityName":"711102","metric":{"type":"TOTAL","count":2362005,"amount":5.56321155878804E9}},{"entityName":"734006","metric":{"type":"TOTAL","count":914412,"amount":2.5973839353337746E9}},{"entityName":"742133","metric":{"type":"TOTAL","count":717546,"amount":1.80789588517192E9}},{"entityName":"700156","metric":{"type":"TOTAL","count":536803,"amount":6.298186296300576E8}},{"entityName":"700135","metric":{"type":"TOTAL","count":448370,"amount":6.366865839921285E8}},{"entityName":"700091","metric":{"type":"TOTAL","count":344500,"amount":4.564886086284359E8}},{"entityName":"721401","metric":{"type":"TOTAL","count":344395,"amount":8.254701988676729E8}},{"entityName":"700006","metric":{"type":"TOTAL","count":325608,"amount":6.754697675122721E8}},{"entityName":"711101","metric":{"type":"TOTAL","count":316390,"amount":7.08430711850037E8}}]},"responseTimestamp":1630501493260}