{"success":true,"code":"SUCCESS","data":{"states":null,"districts":[{"entityName":"kolkata","metric":{"type":"TOTAL","count":21348317,"amount":4.80430588494187E10}},{"entityName":"north twenty four parganas","metric":{"type":"TOTAL","count":15401013,"amount":2.634297995047347E10}},{"entityName":"howrah","metric":{"type":"TOTAL","count":6331177,"amount":1.2928867889090427E10}},{"entityName":"south twenty four parganas","metric":{"type":"TOTAL","count":5935781,"amount":1.1173760728635761E10}},{"entityName":"hooghly","metric":{"type":"TOTAL","count":5674060,"amount":9.90926697559495E9}},{"entityName":"murshidabad","metric":{"type":"TOTAL","count":5387550,"amount":1.2347537122902393E10}},{"entityName":"purba medinipur","metric":{"type":"TOTAL","count":5289421,"amount":1.1253380562116867E10}},{"entityName":"nadia","metric":{"type":"TOTAL","count":4552049,"amount":9.153167135604681E9}},{"entityName":"paschim medinipur","metric":{"type":"TOTAL","count":4192666,"amount":7.873236339018047E9}},{"entityName":"paschim bardhaman","metric":{"type":"TOTAL","count":3911566,"amount":6.878396003007269E9}}],"pincodes":[{"entityName":"700009","metric":{"type":"TOTAL","count":11305243,"amount":2.8555964654220165E10}},{"entityName":"711102","metric":{"type":"TOTAL","count":2098543,"amount":4.825537903729287E9}},{"entityName":"734006","metric":{"type":"TOTAL","count":1057652,"amount":2.8177840069119434E9}},{"entityName":"700156","metric":{"type":"TOTAL","count":846700,"amount":9.531325058998853E8}},{"entityName":"742133","metric":{"type":"TOTAL","count":681432,"amount":1.830248068135723E9}},{"entityName":"700135","metric":{"type":"TOTAL","count":649716,"amount":9.574924337561224E8}},{"entityName":"700091","metric":{"type":"TOTAL","count":625507,"amount":7.32303193204236E8}},{"entityName":"700006","metric":{"type":"TOTAL","count":514044,"amount":1.0985397890905113E9}},{"entityName":"711101","metric":{"type":"TOTAL","count":506057,"amount":1.1701732677288074E9}},{"entityName":"700039","metric":{"type":"TOTAL","count":410835,"amount":7.513177795066187E8}}]},"responseTimestamp":1630501493697}