{"success":true,"code":"SUCCESS","data":{"hoverDataList":[{"name":"puducherry","metric":[{"type":"TOTAL","count":3309432,"amount":5.899309571743641E9}]},{"name":"tamil nadu","metric":[{"type":"TOTAL","count":136556674,"amount":2.4866814387365317E11}]},{"name":"uttar pradesh","metric":[{"type":"TOTAL","count":204499547,"amount":3.962875875775575E11}]},{"name":"madhya pradesh","metric":[{"type":"TOTAL","count":201998498,"amount":3.435339543823015E11}]},{"name":"andhra pradesh","metric":[{"type":"TOTAL","count":289747970,"amount":6.724446701765881E11}]},{"name":"tripura","metric":[{"type":"TOTAL","count":1511423,"amount":3.335341569793424E9}]},{"name":"lakshadweep","metric":[{"type":"TOTAL","count":9085,"amount":2.7042782914081153E7}]},{"name":"manipur","metric":[{"type":"TOTAL","count":2303535,"amount":7.070287514479244E9}]},{"name":"maharashtra","metric":[{"type":"TOTAL","count":517860240,"amount":7.698873521532483E11}]},{"name":"dadra & nagar haveli & daman & diu","metric":[{"type":"TOTAL","count":1925244,"amount":2.9656329111935043E9}]},{"name":"meghalaya","metric":[{"type":"TOTAL","count":747646,"amount":2.0555152779898345E9}]},{"name":"andaman & nicobar islands","metric":[{"type":"TOTAL","count":244752,"amount":7.837065673897561E8}]},{"name":"haryana","metric":[{"type":"TOTAL","count":90252784,"amount":1.689383010824288E11}]},{"name":"rajasthan","metric":[{"type":"TOTAL","count":252730919,"amount":4.9149258165763354E11}]},{"name":"ladakh","metric":[{"type":"TOTAL","count":275415,"amount":9.834198132468786E8}]},{"name":"punjab","metric":[{"type":"TOTAL","count":26770835,"amount":5.8690887091106735E10}]},{"name":"assam","metric":[{"type":"TOTAL","count":19512060,"amount":5.132646454612217E10}]},{"name":"jharkhand","metric":[{"type":"TOTAL","count":44621663,"amount":8.374935312313824E10}]},{"name":"odisha","metric":[{"type":"TOTAL","count":111460358,"amount":2.1339773618833783E11}]},{"name":"bihar","metric":[{"type":"TOTAL","count":114932477,"amount":2.809736497012259E11}]},{"name":"kerala","metric":[{"type":"TOTAL","count":42316342,"amount":6.926097016189497E10}]},{"name":"karnataka","metric":[{"type":"TOTAL","count":523797492,"amount":7.549953574123948E11}]},{"name":"chandigarh","metric":[{"type":"TOTAL","count":3970237,"amount":7.596420859545994E9}]},{"name":"telangana","metric":[{"type":"TOTAL","count":412572110,"amount":7.993592640465657E11}]},{"name":"himachal pradesh","metric":[{"type":"TOTAL","count":7614029,"amount":1.4120546909487547E10}]},{"name":"west bengal","metric":[{"type":"TOTAL","count":118254052,"amount":2.429372074755198E11}]},{"name":"gujarat","metric":[{"type":"TOTAL","count":94774565,"amount":1.8370078071344968E11}]},{"name":"sikkim","metric":[{"type":"TOTAL","count":800189,"amount":2.2176677268407273E9}]},{"name":"nagaland","metric":[{"type":"TOTAL","count":975897,"amount":3.107450484613187E9}]},{"name":"mizoram","metric":[{"type":"TOTAL","count":329575,"amount":1.1011055869459367E9}]},{"name":"chhattisgarh","metric":[{"type":"TOTAL","count":39436437,"amount":6.940984326155008E10}]},{"name":"jammu & kashmir","metric":[{"type":"TOTAL","count":6997570,"amount":1.7138349893151793E10}]},{"name":"goa","metric":[{"type":"TOTAL","count":5331549,"amount":9.757242879021431E9}]},{"name":"arunachal pradesh","metric":[{"type":"TOTAL","count":1177456,"amount":3.8137790790166435E9}]},{"name":"delhi","metric":[{"type":"TOTAL","count":157359004,"amount":2.6692834504349225E11}]},{"name":"uttarakhand","metric":[{"type":"TOTAL","count":20608402,"amount":3.628818939989833E10}]}]},"responseTimestamp":1630502909437}