{"success":true,"code":"SUCCESS","data":{"hoverDataList":[{"name":"puducherry","metric":[{"type":"TOTAL","count":3751387,"amount":6.498834696543897E9}]},{"name":"tamil nadu","metric":[{"type":"TOTAL","count":146158442,"amount":2.6348734102654623E11}]},{"name":"uttar pradesh","metric":[{"type":"TOTAL","count":241949131,"amount":4.8217248916639343E11}]},{"name":"madhya pradesh","metric":[{"type":"TOTAL","count":223314680,"amount":4.25500768035631E11}]},{"name":"andhra pradesh","metric":[{"type":"TOTAL","count":352767134,"amount":8.507374991082986E11}]},{"name":"tripura","metric":[{"type":"TOTAL","count":1744429,"amount":3.468154361036266E9}]},{"name":"lakshadweep","metric":[{"type":"TOTAL","count":11384,"amount":2.7383463657951534E7}]},{"name":"manipur","metric":[{"type":"TOTAL","count":3086275,"amount":7.889827962396657E9}]},{"name":"maharashtra","metric":[{"type":"TOTAL","count":573616486,"amount":9.151150556237152E11}]},{"name":"dadra & nagar haveli & daman & diu","metric":[{"type":"TOTAL","count":2125083,"amount":3.157668461418905E9}]},{"name":"meghalaya","metric":[{"type":"TOTAL","count":909594,"amount":2.1936172548905916E9}]},{"name":"andaman & nicobar islands","metric":[{"type":"TOTAL","count":341414,"amount":8.991470161122956E8}]},{"name":"haryana","metric":[{"type":"TOTAL","count":105680856,"amount":2.003573542386818E11}]},{"name":"rajasthan","metric":[{"type":"TOTAL","count":287477039,"amount":5.617027651692324E11}]},{"name":"ladakh","metric":[{"type":"TOTAL","count":399716,"amount":1.4272590954703174E9}]},{"name":"punjab","metric":[{"type":"TOTAL","count":32171248,"amount":6.95310585626159E10}]},{"name":"assam","metric":[{"type":"TOTAL","count":25432905,"amount":5.919247337666449E10}]},{"name":"jharkhand","metric":[{"type":"TOTAL","count":54002145,"amount":1.0443264331145735E11}]},{"name":"odisha","metric":[{"type":"TOTAL","count":131824337,"amount":2.4586411747727853E11}]},{"name":"bihar","metric":[{"type":"TOTAL","count":155603622,"amount":3.7458025518658875E11}]},{"name":"kerala","metric":[{"type":"TOTAL","count":47191033,"amount":7.422680643615614E10}]},{"name":"karnataka","metric":[{"type":"TOTAL","count":530649046,"amount":8.37887151230051E11}]},{"name":"chandigarh","metric":[{"type":"TOTAL","count":4417547,"amount":8.4176739399361E9}]},{"name":"telangana","metric":[{"type":"TOTAL","count":495867544,"amount":1.0279583327975902E12}]},{"name":"himachal pradesh","metric":[{"type":"TOTAL","count":9483902,"amount":1.6495634539809265E10}]},{"name":"west bengal","metric":[{"type":"TOTAL","count":141897437,"amount":2.794348110585615E11}]},{"name":"gujarat","metric":[{"type":"TOTAL","count":111841396,"amount":2.101620545521156E11}]},{"name":"sikkim","metric":[{"type":"TOTAL","count":976714,"amount":2.4248995796753E9}]},{"name":"nagaland","metric":[{"type":"TOTAL","count":1130791,"amount":3.156293963781851E9}]},{"name":"mizoram","metric":[{"type":"TOTAL","count":394340,"amount":1.1228744733020918E9}]},{"name":"chhattisgarh","metric":[{"type":"TOTAL","count":44689420,"amount":7.872877125922594E10}]},{"name":"jammu & kashmir","metric":[{"type":"TOTAL","count":10027819,"amount":2.2813755428591625E10}]},{"name":"goa","metric":[{"type":"TOTAL","count":4710135,"amount":8.012853587075999E9}]},{"name":"arunachal pradesh","metric":[{"type":"TOTAL","count":1568338,"amount":4.456425616994377E9}]},{"name":"delhi","metric":[{"type":"TOTAL","count":170157264,"amount":2.819410976845416E11}]},{"name":"uttarakhand","metric":[{"type":"TOTAL","count":24000432,"amount":4.099081787483847E10}]}]},"responseTimestamp":1630502909436}