{"success":true,"code":"SUCCESS","data":{"hoverDataList":[{"name":"puducherry","metric":[{"type":"TOTAL","count":6368810,"amount":1.0423651801230518E10}]},{"name":"tamil nadu","metric":[{"type":"TOTAL","count":259155976,"amount":4.4372395259479407E11}]},{"name":"uttar pradesh","metric":[{"type":"TOTAL","count":406157932,"amount":7.738909700721896E11}]},{"name":"madhya pradesh","metric":[{"type":"TOTAL","count":404308084,"amount":6.56887492404479E11}]},{"name":"andhra pradesh","metric":[{"type":"TOTAL","count":522254003,"amount":1.1562644470839226E12}]},{"name":"tripura","metric":[{"type":"TOTAL","count":2520693,"amount":5.496929464299448E9}]},{"name":"lakshadweep","metric":[{"type":"TOTAL","count":15470,"amount":5.0998185528381005E7}]},{"name":"manipur","metric":[{"type":"TOTAL","count":4687439,"amount":1.2658472038211857E10}]},{"name":"maharashtra","metric":[{"type":"TOTAL","count":1010731502,"amount":1.47535847312829E12}]},{"name":"dadra & nagar haveli & daman & diu","metric":[{"type":"TOTAL","count":4157085,"amount":5.5658393863306675E9}]},{"name":"meghalaya","metric":[{"type":"TOTAL","count":1440193,"amount":3.8487654001861496E9}]},{"name":"andaman & nicobar islands","metric":[{"type":"TOTAL","count":636123,"amount":1.9326101013236554E9}]},{"name":"haryana","metric":[{"type":"TOTAL","count":169686975,"amount":3.092405993004638E11}]},{"name":"rajasthan","metric":[{"type":"TOTAL","count":487621597,"amount":9.039344185442667E11}]},{"name":"ladakh","metric":[{"type":"TOTAL","count":630187,"amount":2.1535351387802677E9}]},{"name":"punjab","metric":[{"type":"TOTAL","count":52359360,"amount":1.1071012624199957E11}]},{"name":"assam","metric":[{"type":"TOTAL","count":46020361,"amount":1.0418496789321591E11}]},{"name":"jharkhand","metric":[{"type":"TOTAL","count":96009042,"amount":1.660171190037058E11}]},{"name":"odisha","metric":[{"type":"TOTAL","count":233925366,"amount":3.8525104968991846E11}]},{"name":"bihar","metric":[{"type":"TOTAL","count":245126945,"amount":5.193716140687477E11}]},{"name":"kerala","metric":[{"type":"TOTAL","count":81823741,"amount":1.2334213694336395E11}]},{"name":"karnataka","metric":[{"type":"TOTAL","count":931725438,"amount":1.3754713243498777E12}]},{"name":"chandigarh","metric":[{"type":"TOTAL","count":7898903,"amount":1.437358351061845E10}]},{"name":"telangana","metric":[{"type":"TOTAL","count":775989773,"amount":1.4637581895009146E12}]},{"name":"himachal pradesh","metric":[{"type":"TOTAL","count":14666864,"amount":2.6136220500625923E10}]},{"name":"west bengal","metric":[{"type":"TOTAL","count":225029560,"amount":4.62218037262097E11}]},{"name":"gujarat","metric":[{"type":"TOTAL","count":182987325,"amount":3.4238258005362726E11}]},{"name":"sikkim","metric":[{"type":"TOTAL","count":1584345,"amount":4.1967832616358047E9}]},{"name":"nagaland","metric":[{"type":"TOTAL","count":1631483,"amount":4.939083784136465E9}]},{"name":"mizoram","metric":[{"type":"TOTAL","count":553329,"amount":1.7706657415230405E9}]},{"name":"chhattisgarh","metric":[{"type":"TOTAL","count":84717494,"amount":1.3639911051881381E11}]},{"name":"jammu & kashmir","metric":[{"type":"TOTAL","count":16790628,"amount":3.8926237425771454E10}]},{"name":"goa","metric":[{"type":"TOTAL","count":11088759,"amount":1.862725711586965E10}]},{"name":"arunachal pradesh","metric":[{"type":"TOTAL","count":2390598,"amount":6.943510352611343E9}]},{"name":"delhi","metric":[{"type":"TOTAL","count":292683359,"amount":4.886953140623906E11}]},{"name":"uttarakhand","metric":[{"type":"TOTAL","count":40361280,"amount":6.6148108159422195E10}]}]},"responseTimestamp":1643295673023}