{"success":true,"code":"SUCCESS","data":{"states":null,"districts":[{"entityName":"khordha","metric":{"type":"TOTAL","count":1013916,"amount":1.0645654824430823E9}},{"entityName":"cuttack","metric":{"type":"TOTAL","count":487588,"amount":3.9139415155179805E8}},{"entityName":"baleshwar","metric":{"type":"TOTAL","count":469068,"amount":3.062235091455674E8}},{"entityName":"ganjam","metric":{"type":"TOTAL","count":399549,"amount":3.793580262266699E8}},{"entityName":"jajapur","metric":{"type":"TOTAL","count":362382,"amount":2.0437366627913064E8}},{"entityName":"bhadrak","metric":{"type":"TOTAL","count":279644,"amount":1.8737501425093257E8}},{"entityName":"puri","metric":{"type":"TOTAL","count":279071,"amount":1.73702320317419E8}},{"entityName":"kendujhar","metric":{"type":"TOTAL","count":259941,"amount":1.9624262759467983E8}},{"entityName":"jagatsinghapur","metric":{"type":"TOTAL","count":226525,"amount":1.1977099143254161E8}},{"entityName":"mayurbhanj","metric":{"type":"TOTAL","count":208105,"amount":1.5178638920530617E8}}],"pincodes":[{"entityName":"751002","metric":{"type":"TOTAL","count":97309,"amount":1.1161298162039936E8}},{"entityName":"754141","metric":{"type":"TOTAL","count":74247,"amount":3.2347335513799068E7}},{"entityName":"751024","metric":{"type":"TOTAL","count":73233,"amount":7.664407237523933E7}},{"entityName":"751012","metric":{"type":"TOTAL","count":66712,"amount":6.1661602801318005E7}},{"entityName":"756001","metric":{"type":"TOTAL","count":65852,"amount":5.991413323360729E7}},{"entityName":"751003","metric":{"type":"TOTAL","count":49618,"amount":5.7059620143171236E7}},{"entityName":"751013","metric":{"type":"TOTAL","count":49207,"amount":4.608579324190359E7}},{"entityName":"755019","metric":{"type":"TOTAL","count":45268,"amount":3.7683720144611925E7}},{"entityName":"751021","metric":{"type":"TOTAL","count":44145,"amount":4.8530515611404E7}},{"entityName":"755026","metric":{"type":"TOTAL","count":41768,"amount":3.627689580628476E7}}]},"responseTimestamp":1630501487333}