{"success":true,"code":"SUCCESS","data":{"states":null,"districts":[{"entityName":"khordha","metric":{"type":"TOTAL","count":1344202,"amount":1.738879066970015E9}},{"entityName":"baleshwar","metric":{"type":"TOTAL","count":711772,"amount":6.281765658703398E8}},{"entityName":"cuttack","metric":{"type":"TOTAL","count":703794,"amount":7.035321927454895E8}},{"entityName":"ganjam","metric":{"type":"TOTAL","count":516556,"amount":6.593175530568262E8}},{"entityName":"jajapur","metric":{"type":"TOTAL","count":516443,"amount":3.7491559636223686E8}},{"entityName":"bhadrak","metric":{"type":"TOTAL","count":401149,"amount":3.7060155117362005E8}},{"entityName":"puri","metric":{"type":"TOTAL","count":399081,"amount":3.177538822036277E8}},{"entityName":"kendujhar","metric":{"type":"TOTAL","count":354756,"amount":3.960958229971422E8}},{"entityName":"jagatsinghapur","metric":{"type":"TOTAL","count":352035,"amount":2.1332122030559194E8}},{"entityName":"mayurbhanj","metric":{"type":"TOTAL","count":309322,"amount":3.088043587495179E8}}],"pincodes":[{"entityName":"751002","metric":{"type":"TOTAL","count":122383,"amount":1.8428105579165035E8}},{"entityName":"754141","metric":{"type":"TOTAL","count":110844,"amount":5.362097944013451E7}},{"entityName":"756001","metric":{"type":"TOTAL","count":105934,"amount":1.1599195217633377E8}},{"entityName":"751012","metric":{"type":"TOTAL","count":97982,"amount":1.0246472411364329E8}},{"entityName":"751024","metric":{"type":"TOTAL","count":88179,"amount":1.1534223149799788E8}},{"entityName":"751013","metric":{"type":"TOTAL","count":68665,"amount":7.594720325731838E7}},{"entityName":"751003","metric":{"type":"TOTAL","count":67639,"amount":8.8205190577563E7}},{"entityName":"755019","metric":{"type":"TOTAL","count":60661,"amount":6.95592471125069E7}},{"entityName":"751010","metric":{"type":"TOTAL","count":56374,"amount":8.302798000708479E7}},{"entityName":"751006","metric":{"type":"TOTAL","count":56337,"amount":9.689382248857293E7}}]},"responseTimestamp":1630501487791}