{"success":true,"code":"SUCCESS","data":{"states":null,"districts":[{"entityName":"khordha","metric":{"type":"TOTAL","count":5333443,"amount":4.389717266977921E9}},{"entityName":"baleshwar","metric":{"type":"TOTAL","count":3746440,"amount":2.4805384953597507E9}},{"entityName":"cuttack","metric":{"type":"TOTAL","count":3025622,"amount":2.048374280000453E9}},{"entityName":"jajapur","metric":{"type":"TOTAL","count":1897103,"amount":1.2172052909252758E9}},{"entityName":"ganjam","metric":{"type":"TOTAL","count":1634313,"amount":1.4887582614624352E9}},{"entityName":"dhenkanal","metric":{"type":"TOTAL","count":1546536,"amount":8.933258229390367E8}},{"entityName":"puri","metric":{"type":"TOTAL","count":1434318,"amount":9.486511816266804E8}},{"entityName":"bhadrak","metric":{"type":"TOTAL","count":1431437,"amount":1.1059392407227635E9}},{"entityName":"kendujhar","metric":{"type":"TOTAL","count":1247010,"amount":1.0079912076659348E9}},{"entityName":"nayagarh","metric":{"type":"TOTAL","count":1140437,"amount":6.724310752136058E8}}],"pincodes":[{"entityName":"756001","metric":{"type":"TOTAL","count":816844,"amount":5.1628957479545754E8}},{"entityName":"751012","metric":{"type":"TOTAL","count":457211,"amount":3.212518478011465E8}},{"entityName":"756003","metric":{"type":"TOTAL","count":409444,"amount":2.188442823346122E8}},{"entityName":"751013","metric":{"type":"TOTAL","count":321104,"amount":2.3212051425363162E8}},{"entityName":"759015","metric":{"type":"TOTAL","count":300325,"amount":1.399079395902118E8}},{"entityName":"756045","metric":{"type":"TOTAL","count":298872,"amount":1.9848944176113662E8}},{"entityName":"751002","metric":{"type":"TOTAL","count":289296,"amount":3.236411076078194E8}},{"entityName":"751003","metric":{"type":"TOTAL","count":284934,"amount":2.32739503820182E8}},{"entityName":"752106","metric":{"type":"TOTAL","count":277130,"amount":1.5309492923630747E8}},{"entityName":"752054","metric":{"type":"TOTAL","count":276346,"amount":1.6940637890583152E8}}]},"responseTimestamp":1630501489147}