{"success":true,"code":"SUCCESS","data":{"states":null,"districts":[{"entityName":"khordha","metric":{"type":"TOTAL","count":4036038,"amount":4.756776453593592E9}},{"entityName":"baleshwar","metric":{"type":"TOTAL","count":1996845,"amount":1.8196344435278254E9}},{"entityName":"cuttack","metric":{"type":"TOTAL","count":1823683,"amount":1.9004698003941858E9}},{"entityName":"ganjam","metric":{"type":"TOTAL","count":1402146,"amount":1.7339006216234186E9}},{"entityName":"jajapur","metric":{"type":"TOTAL","count":1228698,"amount":1.1106223972154815E9}},{"entityName":"puri","metric":{"type":"TOTAL","count":1076748,"amount":9.198527994930115E8}},{"entityName":"bhadrak","metric":{"type":"TOTAL","count":1048520,"amount":1.0408362920215917E9}},{"entityName":"kendujhar","metric":{"type":"TOTAL","count":774382,"amount":9.511932748831768E8}},{"entityName":"dhenkanal","metric":{"type":"TOTAL","count":736715,"amount":6.06485615306731E8}},{"entityName":"jagatsinghapur","metric":{"type":"TOTAL","count":729403,"amount":5.885611015869067E8}}],"pincodes":[{"entityName":"756001","metric":{"type":"TOTAL","count":363976,"amount":3.253536866589139E8}},{"entityName":"751012","metric":{"type":"TOTAL","count":307567,"amount":2.9496804548009217E8}},{"entityName":"751002","metric":{"type":"TOTAL","count":274902,"amount":4.4321609559195787E8}},{"entityName":"751024","metric":{"type":"TOTAL","count":266913,"amount":2.963958035128428E8}},{"entityName":"751013","metric":{"type":"TOTAL","count":238813,"amount":2.3420308029902935E8}},{"entityName":"751003","metric":{"type":"TOTAL","count":201127,"amount":2.3954929990204412E8}},{"entityName":"751021","metric":{"type":"TOTAL","count":192247,"amount":2.054463995780855E8}},{"entityName":"751007","metric":{"type":"TOTAL","count":189326,"amount":2.4176082777595705E8}},{"entityName":"755026","metric":{"type":"TOTAL","count":187512,"amount":1.7266557185427043E8}},{"entityName":"751010","metric":{"type":"TOTAL","count":166553,"amount":2.1452104886589426E8}}]},"responseTimestamp":1630501489993}