{"success":true,"code":"SUCCESS","data":{"states":null,"districts":[{"entityName":"jaipur","metric":{"type":"TOTAL","count":27449382,"amount":4.605690721676753E10}},{"entityName":"alwar","metric":{"type":"TOTAL","count":2451727,"amount":4.4307199004858055E9}},{"entityName":"jodhpur","metric":{"type":"TOTAL","count":1733269,"amount":3.7000490286222835E9}},{"entityName":"kota","metric":{"type":"TOTAL","count":1571917,"amount":2.1851059673376136E9}},{"entityName":"bhilwara","metric":{"type":"TOTAL","count":1359790,"amount":2.5147748036248965E9}},{"entityName":"sikar","metric":{"type":"TOTAL","count":1198479,"amount":2.6245709988268456E9}},{"entityName":"jhunjhunu","metric":{"type":"TOTAL","count":1128965,"amount":2.3640894026112127E9}},{"entityName":"ajmer","metric":{"type":"TOTAL","count":1078977,"amount":2.1534538554028177E9}},{"entityName":"dausa","metric":{"type":"TOTAL","count":1063146,"amount":1.6446097030675397E9}},{"entityName":"udaipur","metric":{"type":"TOTAL","count":1007076,"amount":1.7248956387887383E9}}],"pincodes":[{"entityName":"302001","metric":{"type":"TOTAL","count":14130072,"amount":2.6047079270713707E10}},{"entityName":"302015","metric":{"type":"TOTAL","count":961632,"amount":1.0899910536913998E9}},{"entityName":"302017","metric":{"type":"TOTAL","count":894996,"amount":1.0195253214251313E9}},{"entityName":"302012","metric":{"type":"TOTAL","count":890906,"amount":1.5417755921051295E9}},{"entityName":"302029","metric":{"type":"TOTAL","count":746005,"amount":9.820690675325654E8}},{"entityName":"302020","metric":{"type":"TOTAL","count":734567,"amount":9.993645925683161E8}},{"entityName":"302022","metric":{"type":"TOTAL","count":622825,"amount":6.929173255691572E8}},{"entityName":"311001","metric":{"type":"TOTAL","count":580827,"amount":1.0849805658966331E9}},{"entityName":"302018","metric":{"type":"TOTAL","count":540137,"amount":6.510254237486764E8}},{"entityName":"302033","metric":{"type":"TOTAL","count":481947,"amount":5.335579116922488E8}}]},"responseTimestamp":1630501490736}