{"success":true,"code":"SUCCESS","data":{"states":null,"districts":[{"entityName":"jaipur","metric":{"type":"TOTAL","count":44335592,"amount":8.178214476248987E10}},{"entityName":"alwar","metric":{"type":"TOTAL","count":4269770,"amount":7.746529382883535E9}},{"entityName":"jodhpur","metric":{"type":"TOTAL","count":3216115,"amount":6.915335471430582E9}},{"entityName":"kota","metric":{"type":"TOTAL","count":2899819,"amount":3.8136220795192366E9}},{"entityName":"bhilwara","metric":{"type":"TOTAL","count":2464660,"amount":4.716195173981495E9}},{"entityName":"udaipur","metric":{"type":"TOTAL","count":2311396,"amount":3.3137362159652596E9}},{"entityName":"sikar","metric":{"type":"TOTAL","count":2248784,"amount":5.037411453274343E9}},{"entityName":"ajmer","metric":{"type":"TOTAL","count":2025212,"amount":4.1046411285320387E9}},{"entityName":"dausa","metric":{"type":"TOTAL","count":1869433,"amount":3.0459180341072187E9}},{"entityName":"jhunjhunu","metric":{"type":"TOTAL","count":1869375,"amount":4.227582982791309E9}}],"pincodes":[{"entityName":"302001","metric":{"type":"TOTAL","count":17153003,"amount":4.12207439221253E10}},{"entityName":"302016","metric":{"type":"TOTAL","count":2336054,"amount":4.842974163826869E9}},{"entityName":"302017","metric":{"type":"TOTAL","count":1757873,"amount":1.8003144400863743E9}},{"entityName":"302015","metric":{"type":"TOTAL","count":1739574,"amount":1.8269085875883286E9}},{"entityName":"302012","metric":{"type":"TOTAL","count":1727597,"amount":2.9486860587849503E9}},{"entityName":"302020","metric":{"type":"TOTAL","count":1516400,"amount":1.8997521880615728E9}},{"entityName":"302029","metric":{"type":"TOTAL","count":1434616,"amount":1.7899272504976356E9}},{"entityName":"311001","metric":{"type":"TOTAL","count":1121852,"amount":2.021733041256151E9}},{"entityName":"302018","metric":{"type":"TOTAL","count":1085573,"amount":1.1810958645716562E9}},{"entityName":"302022","metric":{"type":"TOTAL","count":1075217,"amount":1.2304851535041475E9}}]},"responseTimestamp":1630501491435}