{"success":true,"code":"SUCCESS","data":{"states":null,"districts":[{"name":"north twenty four parganas","registeredUsers":3224459},{"name":"kolkata","registeredUsers":2340343},{"name":"south twenty four parganas","registeredUsers":1569037},{"name":"murshidabad","registeredUsers":1524507},{"name":"hooghly","registeredUsers":1356282},{"name":"howrah","registeredUsers":1218931},{"name":"nadia","registeredUsers":1164783},{"name":"purba medinipur","registeredUsers":1155279},{"name":"paschim medinipur","registeredUsers":1048100},{"name":"purba bardhaman","registeredUsers":962974}],"pincodes":[{"name":"711101","registeredUsers":139738},{"name":"700006","registeredUsers":119101},{"name":"700135","registeredUsers":106987},{"name":"700156","registeredUsers":98734},{"name":"700039","registeredUsers":93674},{"name":"700015","registeredUsers":93175},{"name":"742304","registeredUsers":91059},{"name":"721101","registeredUsers":90324},{"name":"700091","registeredUsers":88432},{"name":"700150","registeredUsers":87552}]},"responseTimestamp":1651127675998}