{"success":true,"code":"SUCCESS","data":{"states":null,"districts":[{"entityName":"east khasi hills","metric":{"type":"TOTAL","count":101662,"amount":2.0135208270276013E8}},{"entityName":"west garo hills","metric":{"type":"TOTAL","count":30087,"amount":5.8548564168713726E7}},{"entityName":"ribhoi","metric":{"type":"TOTAL","count":27304,"amount":5.581343616699862E7}},{"entityName":"east jaintia hills","metric":{"type":"TOTAL","count":25054,"amount":4.6007520563187E7}},{"entityName":"west jaintia hills","metric":{"type":"TOTAL","count":5411,"amount":7594602.551824972}},{"entityName":"south west garo hills","metric":{"type":"TOTAL","count":3819,"amount":4558241.545395774}},{"entityName":"north garo hills","metric":{"type":"TOTAL","count":3816,"amount":4016398.1062618718}},{"entityName":"west khasi hills","metric":{"type":"TOTAL","count":3646,"amount":5045464.405482588}},{"entityName":"east garo hills","metric":{"type":"TOTAL","count":3529,"amount":6495149.290021526}},{"entityName":"south garo hills","metric":{"type":"TOTAL","count":3146,"amount":7486873.33081286}}],"pincodes":[{"entityName":"793002","metric":{"type":"TOTAL","count":28260,"amount":4.761406646344929E7}},{"entityName":"793001","metric":{"type":"TOTAL","count":20618,"amount":4.6460197115998454E7}},{"entityName":"793210","metric":{"type":"TOTAL","count":14958,"amount":2.8395154112301648E7}},{"entityName":"793101","metric":{"type":"TOTAL","count":14090,"amount":2.909292143792212E7}},{"entityName":"794105","metric":{"type":"TOTAL","count":8432,"amount":1.6562926603982098E7}},{"entityName":"793200","metric":{"type":"TOTAL","count":7527,"amount":9756768.050656514}},{"entityName":"793011","metric":{"type":"TOTAL","count":6472,"amount":1.2712694051971633E7}},{"entityName":"794001","metric":{"type":"TOTAL","count":6386,"amount":1.0540968328886278E7}},{"entityName":"793007","metric":{"type":"TOTAL","count":6077,"amount":1.3402205496753056E7}},{"entityName":"793004","metric":{"type":"TOTAL","count":5923,"amount":1.4086152172613684E7}}]},"responseTimestamp":1630501490252}