{"success":true,"code":"SUCCESS","data":{"states":null,"districts":[{"entityName":"east khasi hills","metric":{"type":"TOTAL","count":126665,"amount":2.7470198060370815E8}},{"entityName":"west garo hills","metric":{"type":"TOTAL","count":32077,"amount":7.070185243602182E7}},{"entityName":"ribhoi","metric":{"type":"TOTAL","count":27488,"amount":6.162517751082603E7}},{"entityName":"east jaintia hills","metric":{"type":"TOTAL","count":21325,"amount":4.362421735616365E7}},{"entityName":"west jaintia hills","metric":{"type":"TOTAL","count":5226,"amount":9713762.898637522}},{"entityName":"south west garo hills","metric":{"type":"TOTAL","count":4563,"amount":6981663.150095232}},{"entityName":"east garo hills","metric":{"type":"TOTAL","count":3926,"amount":6785815.738085165}},{"entityName":"north garo hills","metric":{"type":"TOTAL","count":3804,"amount":4329558.19180281}},{"entityName":"south garo hills","metric":{"type":"TOTAL","count":3048,"amount":7076537.051932728}},{"entityName":"west khasi hills","metric":{"type":"TOTAL","count":3012,"amount":4711717.239687435}}],"pincodes":[{"entityName":"793002","metric":{"type":"TOTAL","count":49250,"amount":9.05049862351276E7}},{"entityName":"793001","metric":{"type":"TOTAL","count":22222,"amount":5.587723538842714E7}},{"entityName":"793210","metric":{"type":"TOTAL","count":14510,"amount":2.8610121083926223E7}},{"entityName":"793101","metric":{"type":"TOTAL","count":13302,"amount":2.985197583860094E7}},{"entityName":"794105","metric":{"type":"TOTAL","count":7819,"amount":1.740783641502534E7}},{"entityName":"794001","metric":{"type":"TOTAL","count":7062,"amount":1.3833419885263652E7}},{"entityName":"793011","metric":{"type":"TOTAL","count":6978,"amount":1.4917142694549624E7}},{"entityName":"794101","metric":{"type":"TOTAL","count":6715,"amount":1.4757332885197297E7}},{"entityName":"793007","metric":{"type":"TOTAL","count":6190,"amount":1.6088134955487823E7}},{"entityName":"794104","metric":{"type":"TOTAL","count":6158,"amount":1.4243341373156477E7}}]},"responseTimestamp":1630501490659}