{"success":true,"code":"SUCCESS","data":{"states":null,"districts":[{"entityName":"east khasi hills","metric":{"type":"TOTAL","count":156970,"amount":3.441295034634751E8}},{"entityName":"west garo hills","metric":{"type":"TOTAL","count":45652,"amount":9.03908513262687E7}},{"entityName":"ribhoi","metric":{"type":"TOTAL","count":36292,"amount":7.397931803570686E7}},{"entityName":"east jaintia hills","metric":{"type":"TOTAL","count":28604,"amount":5.009091658164E7}},{"entityName":"west jaintia hills","metric":{"type":"TOTAL","count":8947,"amount":1.129243423987686E7}},{"entityName":"south west garo hills","metric":{"type":"TOTAL","count":6405,"amount":9676872.049848383}},{"entityName":"north garo hills","metric":{"type":"TOTAL","count":6329,"amount":7479871.090316384}},{"entityName":"east garo hills","metric":{"type":"TOTAL","count":5970,"amount":8134689.123280492}},{"entityName":"south garo hills","metric":{"type":"TOTAL","count":4768,"amount":7846736.258536675}},{"entityName":"west khasi hills","metric":{"type":"TOTAL","count":4604,"amount":6779362.1133165285}}],"pincodes":[{"entityName":"793002","metric":{"type":"TOTAL","count":47462,"amount":1.1169486389359623E8}},{"entityName":"793001","metric":{"type":"TOTAL","count":31145,"amount":6.831658531334187E7}},{"entityName":"793210","metric":{"type":"TOTAL","count":18397,"amount":3.3108395850708216E7}},{"entityName":"793101","metric":{"type":"TOTAL","count":17736,"amount":3.6297169543067396E7}},{"entityName":"794001","metric":{"type":"TOTAL","count":10853,"amount":1.932224179897889E7}},{"entityName":"793011","metric":{"type":"TOTAL","count":10365,"amount":2.1827382404884834E7}},{"entityName":"794101","metric":{"type":"TOTAL","count":9799,"amount":2.233279839088451E7}},{"entityName":"794105","metric":{"type":"TOTAL","count":9656,"amount":2.0429507431409057E7}},{"entityName":"793007","metric":{"type":"TOTAL","count":9022,"amount":2.1023651244849797E7}},{"entityName":"793004","metric":{"type":"TOTAL","count":7815,"amount":1.661836882972683E7}}]},"responseTimestamp":1630501490981}