{"success":true,"code":"SUCCESS","data":{"states":null,"districts":[{"entityName":"east khasi hills","metric":{"type":"TOTAL","count":189936,"amount":4.136498200310261E8}},{"entityName":"west garo hills","metric":{"type":"TOTAL","count":51137,"amount":1.040632981853754E8}},{"entityName":"ribhoi","metric":{"type":"TOTAL","count":42953,"amount":9.06229182855494E7}},{"entityName":"east jaintia hills","metric":{"type":"TOTAL","count":31575,"amount":6.161565249744396E7}},{"entityName":"west jaintia hills","metric":{"type":"TOTAL","count":11750,"amount":1.6126169373071242E7}},{"entityName":"north garo hills","metric":{"type":"TOTAL","count":8449,"amount":1.1018090113242699E7}},{"entityName":"east garo hills","metric":{"type":"TOTAL","count":7811,"amount":1.15239241048165E7}},{"entityName":"south west garo hills","metric":{"type":"TOTAL","count":7301,"amount":1.172216347943544E7}},{"entityName":"south garo hills","metric":{"type":"TOTAL","count":7020,"amount":9901296.404344358}},{"entityName":"west khasi hills","metric":{"type":"TOTAL","count":5296,"amount":8007467.1825601505}}],"pincodes":[{"entityName":"793002","metric":{"type":"TOTAL","count":64202,"amount":1.4184026003395098E8}},{"entityName":"793001","metric":{"type":"TOTAL","count":41000,"amount":8.589462964508921E7}},{"entityName":"793210","metric":{"type":"TOTAL","count":20905,"amount":3.758696052058244E7}},{"entityName":"793101","metric":{"type":"TOTAL","count":20737,"amount":4.608309450099954E7}},{"entityName":"793011","metric":{"type":"TOTAL","count":11705,"amount":2.353458517065487E7}},{"entityName":"794001","metric":{"type":"TOTAL","count":11569,"amount":2.2619785416373406E7}},{"entityName":"794105","metric":{"type":"TOTAL","count":11417,"amount":2.50597016232675E7}},{"entityName":"794101","metric":{"type":"TOTAL","count":10833,"amount":2.3317622526411656E7}},{"entityName":"793007","metric":{"type":"TOTAL","count":10180,"amount":2.0840088265794054E7}},{"entityName":"793103","metric":{"type":"TOTAL","count":9225,"amount":2.241588032574488E7}}]},"responseTimestamp":1630501491387}