{"success":true,"code":"SUCCESS","data":{"hoverData":{"udham singh nagar district":{"registeredUsers":492646,"appOpens":9428732},"haridwar district":{"registeredUsers":580532,"appOpens":13357801},"almora district":{"registeredUsers":87354,"appOpens":1315830},"pithoragarh district":{"registeredUsers":72579,"appOpens":1110149},"rudraprayag district":{"registeredUsers":36234,"appOpens":579475},"pauri garhwal district":{"registeredUsers":133484,"appOpens":2364521},"bageshwar district":{"registeredUsers":34317,"appOpens":507210},"champawat district":{"registeredUsers":39747,"appOpens":598839},"nainital district":{"registeredUsers":269308,"appOpens":5003855},"dehradun district":{"registeredUsers":840361,"appOpens":21152787},"chamoli district":{"registeredUsers":62779,"appOpens":1060621},"uttarkashi district":{"registeredUsers":50696,"appOpens":877255},"tehri garhwal district":{"registeredUsers":102085,"appOpens":1925185}}},"responseTimestamp":1630502912082}