{"success":true,"code":"SUCCESS","data":{"hoverData":{"udham singh nagar district":{"registeredUsers":528392,"appOpens":8809699},"haridwar district":{"registeredUsers":622292,"appOpens":11391535},"almora district":{"registeredUsers":94196,"appOpens":6054321},"pithoragarh district":{"registeredUsers":78079,"appOpens":3600450},"rudraprayag district":{"registeredUsers":39076,"appOpens":1847004},"pauri garhwal district":{"registeredUsers":143460,"appOpens":7332076},"bageshwar district":{"registeredUsers":36947,"appOpens":2273384},"champawat district":{"registeredUsers":42748,"appOpens":2436509},"nainital district":{"registeredUsers":288162,"appOpens":6729824},"dehradun district":{"registeredUsers":898504,"appOpens":15857272},"chamoli district":{"registeredUsers":67712,"appOpens":3678939},"uttarkashi district":{"registeredUsers":54582,"appOpens":2940062},"tehri garhwal district":{"registeredUsers":109890,"appOpens":5428961}}},"responseTimestamp":1630502912107}