{"success":true,"code":"SUCCESS","data":{"hoverData":{"udham singh nagar district":{"registeredUsers":568881,"appOpens":11164838},"haridwar district":{"registeredUsers":669249,"appOpens":14435498},"almora district":{"registeredUsers":102118,"appOpens":5454284},"pithoragarh district":{"registeredUsers":84476,"appOpens":3786013},"rudraprayag district":{"registeredUsers":42317,"appOpens":1937591},"pauri garhwal district":{"registeredUsers":155054,"appOpens":7889492},"bageshwar district":{"registeredUsers":40083,"appOpens":2160085},"champawat district":{"registeredUsers":46279,"appOpens":2383548},"nainital district":{"registeredUsers":309820,"appOpens":8514293},"dehradun district":{"registeredUsers":963594,"appOpens":20465729},"chamoli district":{"registeredUsers":73432,"appOpens":4144214},"uttarkashi district":{"registeredUsers":59174,"appOpens":3114485},"tehri garhwal district":{"registeredUsers":119032,"appOpens":5436460}}},"responseTimestamp":1634575175414}