{"success":true,"code":"SUCCESS","data":{"hoverData":{"udham singh nagar district":{"registeredUsers":609138,"appOpens":19017549},"haridwar district":{"registeredUsers":716044,"appOpens":24859412},"almora district":{"registeredUsers":109803,"appOpens":2758732},"pithoragarh district":{"registeredUsers":90791,"appOpens":2356602},"rudraprayag district":{"registeredUsers":45433,"appOpens":1457596},"pauri garhwal district":{"registeredUsers":166482,"appOpens":4803777},"bageshwar district":{"registeredUsers":43111,"appOpens":1060682},"champawat district":{"registeredUsers":49852,"appOpens":1314376},"nainital district":{"registeredUsers":330999,"appOpens":9395358},"dehradun district":{"registeredUsers":1028085,"appOpens":36320772},"chamoli district":{"registeredUsers":78848,"appOpens":2262358},"uttarkashi district":{"registeredUsers":63536,"appOpens":1756540},"tehri garhwal district":{"registeredUsers":127893,"appOpens":3564600}}},"responseTimestamp":1643295790516}