{"success":true,"code":"SUCCESS","data":{"states":[{"entityName":"karnataka","metric":{"type":"TOTAL","count":115401604,"amount":1.637020242260841E11}},{"entityName":"maharashtra","metric":{"type":"TOTAL","count":101149853,"amount":1.5329447008805945E11}},{"entityName":"telangana","metric":{"type":"TOTAL","count":89610379,"amount":1.5567644318243457E11}},{"entityName":"uttar pradesh","metric":{"type":"TOTAL","count":58883500,"amount":9.891751937067831E10}},{"entityName":"delhi","metric":{"type":"TOTAL","count":57171512,"amount":8.170681606362862E10}},{"entityName":"andhra pradesh","metric":{"type":"TOTAL","count":56409015,"amount":1.1363451875822931E11}},{"entityName":"rajasthan","metric":{"type":"TOTAL","count":50009286,"amount":8.910731317266756E10}},{"entityName":"west bengal","metric":{"type":"TOTAL","count":47023535,"amount":5.710569111911844E10}},{"entityName":"madhya pradesh","metric":{"type":"TOTAL","count":40846013,"amount":6.833456638056182E10}},{"entityName":"tamil nadu","metric":{"type":"TOTAL","count":32171737,"amount":6.420767602575553E10}}],"districts":[{"entityName":"bengaluru urban","metric":{"type":"TOTAL","count":89148659,"amount":1.1338991048589922E11}},{"entityName":"pune","metric":{"type":"TOTAL","count":44795652,"amount":5.83988085921738E10}},{"entityName":"hyderabad","metric":{"type":"TOTAL","count":43511186,"amount":7.39493774530185E10}},{"entityName":"jaipur","metric":{"type":"TOTAL","count":27449382,"amount":4.605690721676753E10}},{"entityName":"new delhi","metric":{"type":"TOTAL","count":23313548,"amount":3.6146671717918365E10}},{"entityName":"rangareddy","metric":{"type":"TOTAL","count":16348519,"amount":2.5359412038382965E10}},{"entityName":"patna","metric":{"type":"TOTAL","count":13421445,"amount":2.6125484618416542E10}},{"entityName":"khordha","metric":{"type":"TOTAL","count":13339889,"amount":1.9006076643493904E10}},{"entityName":"kolkata","metric":{"type":"TOTAL","count":13259522,"amount":1.726084890077318E10}},{"entityName":"lucknow","metric":{"type":"TOTAL","count":12624404,"amount":2.242646267494428E10}}],"pincodes":[{"entityName":"560001","metric":{"type":"TOTAL","count":27169035,"amount":4.00266815390066E10}},{"entityName":"500012","metric":{"type":"TOTAL","count":23303184,"amount":4.270992075479193E10}},{"entityName":"411006","metric":{"type":"TOTAL","count":22544991,"amount":3.4073354893758354E10}},{"entityName":"110011","metric":{"type":"TOTAL","count":20001452,"amount":3.136632674768567E10}},{"entityName":"302001","metric":{"type":"TOTAL","count":14130072,"amount":2.604707927071371E10}},{"entityName":"700009","metric":{"type":"TOTAL","count":9694969,"amount":1.2068405239946836E10}},{"entityName":"800015","metric":{"type":"TOTAL","count":9362673,"amount":1.9331794343882797E10}},{"entityName":"226004","metric":{"type":"TOTAL","count":8966947,"amount":1.6438621373818607E10}},{"entityName":"751002","metric":{"type":"TOTAL","count":8318660,"amount":1.2733845249989027E10}},{"entityName":"600003","metric":{"type":"TOTAL","count":6992850,"amount":1.370060431848539E10}}]},"responseTimestamp":1630501482108}