{"success":true,"code":"SUCCESS","data":{"states":[{"entityName":"karnataka","metric":{"type":"TOTAL","count":170733735,"amount":2.1453672043818292E11}},{"entityName":"maharashtra","metric":{"type":"TOTAL","count":148735581,"amount":1.9961750674494272E11}},{"entityName":"telangana","metric":{"type":"TOTAL","count":121495376,"amount":2.0193002113042365E11}},{"entityName":"andhra pradesh","metric":{"type":"TOTAL","count":76288614,"amount":1.3944794425478943E11}},{"entityName":"delhi","metric":{"type":"TOTAL","count":69537876,"amount":1.0319681204645712E11}},{"entityName":"uttar pradesh","metric":{"type":"TOTAL","count":68623959,"amount":1.1126813747502844E11}},{"entityName":"rajasthan","metric":{"type":"TOTAL","count":67303617,"amount":1.1246829003192343E11}},{"entityName":"west bengal","metric":{"type":"TOTAL","count":66444829,"amount":7.054053261682985E10}},{"entityName":"madhya pradesh","metric":{"type":"TOTAL","count":53610411,"amount":7.767632149122867E10}},{"entityName":"odisha","metric":{"type":"TOTAL","count":41422272,"amount":5.7304577359217094E10}}],"districts":[{"entityName":"bengaluru urban","metric":{"type":"TOTAL","count":131234422,"amount":1.5024427564179712E11}},{"entityName":"pune","metric":{"type":"TOTAL","count":67093416,"amount":7.812886895839702E10}},{"entityName":"hyderabad","metric":{"type":"TOTAL","count":55159072,"amount":9.636518275125804E10}},{"entityName":"jaipur","metric":{"type":"TOTAL","count":36334520,"amount":5.840210336067965E10}},{"entityName":"new delhi","metric":{"type":"TOTAL","count":24687138,"amount":4.328805734192169E10}},{"entityName":"rangareddy","metric":{"type":"TOTAL","count":23655175,"amount":3.3663962263155968E10}},{"entityName":"khordha","metric":{"type":"TOTAL","count":18364742,"amount":2.550965690249331E10}},{"entityName":"medchal malkajgiri","metric":{"type":"TOTAL","count":17492750,"amount":2.3256556346306458E10}},{"entityName":"visakhapatnam","metric":{"type":"TOTAL","count":16694947,"amount":2.6944837120046288E10}},{"entityName":"kolkata","metric":{"type":"TOTAL","count":16306691,"amount":2.1451201632248753E10}}],"pincodes":[{"entityName":"560001","metric":{"type":"TOTAL","count":34182229,"amount":4.982370232109828E10}},{"entityName":"500012","metric":{"type":"TOTAL","count":27360144,"amount":5.5516914964120514E10}},{"entityName":"411006","metric":{"type":"TOTAL","count":25995035,"amount":4.2031275308282005E10}},{"entityName":"110011","metric":{"type":"TOTAL","count":20159577,"amount":3.696894800460185E10}},{"entityName":"302001","metric":{"type":"TOTAL","count":15037317,"amount":3.1903765546790287E10}},{"entityName":"700009","metric":{"type":"TOTAL","count":11494363,"amount":1.4573984421133255E10}},{"entityName":"751002","metric":{"type":"TOTAL","count":9990982,"amount":1.6300297217157505E10}},{"entityName":"800015","metric":{"type":"TOTAL","count":8554034,"amount":2.145165938223745E10}},{"entityName":"400008","metric":{"type":"TOTAL","count":7234595,"amount":1.4467758895186302E10}},{"entityName":"226004","metric":{"type":"TOTAL","count":6687157,"amount":1.71103829466282E10}}]},"responseTimestamp":1630501482108}