{"success":true,"code":"SUCCESS","data":{"states":[{"entityName":"karnataka","metric":{"type":"TOTAL","count":237796252,"amount":2.950471434472384E11}},{"entityName":"maharashtra","metric":{"type":"TOTAL","count":201260620,"amount":2.7299442879956488E11}},{"entityName":"telangana","metric":{"type":"TOTAL","count":163572258,"amount":2.807467655477425E11}},{"entityName":"andhra pradesh","metric":{"type":"TOTAL","count":107218103,"amount":2.0094831548880518E11}},{"entityName":"west bengal","metric":{"type":"TOTAL","count":96805838,"amount":8.820361025464601E10}},{"entityName":"uttar pradesh","metric":{"type":"TOTAL","count":86905005,"amount":1.455389265073059E11}},{"entityName":"rajasthan","metric":{"type":"TOTAL","count":85074242,"amount":1.5945241004968317E11}},{"entityName":"delhi","metric":{"type":"TOTAL","count":80744997,"amount":1.2902446742489066E11}},{"entityName":"madhya pradesh","metric":{"type":"TOTAL","count":68131989,"amount":1.046879267908659E11}},{"entityName":"odisha","metric":{"type":"TOTAL","count":64995633,"amount":7.976937363204843E10}}],"districts":[{"entityName":"bengaluru urban","metric":{"type":"TOTAL","count":180458808,"amount":1.999667084468142E11}},{"entityName":"pune","metric":{"type":"TOTAL","count":91666565,"amount":1.032706448681607E11}},{"entityName":"hyderabad","metric":{"type":"TOTAL","count":72987282,"amount":1.302304156293025E11}},{"entityName":"jaipur","metric":{"type":"TOTAL","count":44335592,"amount":8.178214476248987E10}},{"entityName":"rangareddy","metric":{"type":"TOTAL","count":31237803,"amount":4.4757331443568375E10}},{"entityName":"new delhi","metric":{"type":"TOTAL","count":29048107,"amount":5.439842788776768E10}},{"entityName":"khordha","metric":{"type":"TOTAL","count":27477393,"amount":3.4227232121528633E10}},{"entityName":"visakhapatnam","metric":{"type":"TOTAL","count":23594874,"amount":3.9133296330044624E10}},{"entityName":"medchal malkajgiri","metric":{"type":"TOTAL","count":22999944,"amount":3.1417907129793076E10}},{"entityName":"kolkata","metric":{"type":"TOTAL","count":21917627,"amount":2.647574891832508E10}}],"pincodes":[{"entityName":"560001","metric":{"type":"TOTAL","count":48600127,"amount":6.72041077917798E10}},{"entityName":"411006","metric":{"type":"TOTAL","count":32779718,"amount":5.1360244641273315E10}},{"entityName":"500012","metric":{"type":"TOTAL","count":32637373,"amount":6.724422597171475E10}},{"entityName":"110011","metric":{"type":"TOTAL","count":22861243,"amount":4.482705814979611E10}},{"entityName":"302001","metric":{"type":"TOTAL","count":17153003,"amount":4.12207439221253E10}},{"entityName":"700009","metric":{"type":"TOTAL","count":16310685,"amount":1.842909474325623E10}},{"entityName":"751002","metric":{"type":"TOTAL","count":13743261,"amount":1.96694519117042E10}},{"entityName":"400008","metric":{"type":"TOTAL","count":10498727,"amount":2.2289347327905037E10}},{"entityName":"800015","metric":{"type":"TOTAL","count":10441675,"amount":2.622817343746787E10}},{"entityName":"600003","metric":{"type":"TOTAL","count":10008230,"amount":2.1375916666727257E10}}]},"responseTimestamp":1630501482109}