{"success":true,"code":"SUCCESS","data":{"states":[{"name":"maharashtra","registeredUsers":13381602},{"name":"uttar pradesh","registeredUsers":10341964},{"name":"karnataka","registeredUsers":8315802},{"name":"andhra pradesh","registeredUsers":6857409},{"name":"telangana","registeredUsers":6529679},{"name":"rajasthan","registeredUsers":6358738},{"name":"west bengal","registeredUsers":6279278},{"name":"gujarat","registeredUsers":5579040},{"name":"madhya pradesh","registeredUsers":5365442},{"name":"tamil nadu","registeredUsers":5199878}],"districts":[{"name":"bengaluru urban","registeredUsers":4126734},{"name":"pune","registeredUsers":2498852},{"name":"jaipur","registeredUsers":1733893},{"name":"mumbai suburban","registeredUsers":1578487},{"name":"thane","registeredUsers":1473811},{"name":"hyderabad","registeredUsers":1336872},{"name":"rangareddy","registeredUsers":1217664},{"name":"ahmadabad","registeredUsers":1212636},{"name":"medchal malkajgiri","registeredUsers":1056739},{"name":"surat","registeredUsers":998807}],"pincodes":[{"name":"201301","registeredUsers":250205},{"name":"110059","registeredUsers":206537},{"name":"560068","registeredUsers":201605},{"name":"110092","registeredUsers":177133},{"name":"500072","registeredUsers":175163},{"name":"122001","registeredUsers":163556},{"name":"560037","registeredUsers":137280},{"name":"800001","registeredUsers":134254},{"name":"110086","registeredUsers":133412},{"name":"110085","registeredUsers":132600}]},"responseTimestamp":1630501482795}