{"success":true,"code":"SUCCESS","data":{"states":null,"districts":[{"entityName":"chennai","metric":{"type":"TOTAL","count":21747309,"amount":4.0923609646495E10}},{"entityName":"chengalpattu","metric":{"type":"TOTAL","count":8891884,"amount":1.0378205348593527E10}},{"entityName":"coimbatore","metric":{"type":"TOTAL","count":6238270,"amount":1.1125605562452183E10}},{"entityName":"thiruvallur","metric":{"type":"TOTAL","count":5190597,"amount":8.255497494992451E9}},{"entityName":"kancheepuram","metric":{"type":"TOTAL","count":3618880,"amount":5.144042351014135E9}},{"entityName":"tiruppur","metric":{"type":"TOTAL","count":1918620,"amount":3.829323477068222E9}},{"entityName":"salem","metric":{"type":"TOTAL","count":1816883,"amount":3.9389658552653995E9}},{"entityName":"krishnagiri","metric":{"type":"TOTAL","count":1806032,"amount":3.381602583567412E9}},{"entityName":"madurai","metric":{"type":"TOTAL","count":1334450,"amount":2.6675071967747316E9}},{"entityName":"vellore","metric":{"type":"TOTAL","count":1236004,"amount":1.7936020131346076E9}}],"pincodes":[{"entityName":"600003","metric":{"type":"TOTAL","count":14352747,"amount":2.9310364582884754E10}},{"entityName":"641018","metric":{"type":"TOTAL","count":2111071,"amount":5.210013493294355E9}},{"entityName":"600119","metric":{"type":"TOTAL","count":1064670,"amount":1.1281633807142224E9}},{"entityName":"600097","metric":{"type":"TOTAL","count":924315,"amount":9.97907165891912E8}},{"entityName":"600130","metric":{"type":"TOTAL","count":718114,"amount":7.87939417523159E8}},{"entityName":"600100","metric":{"type":"TOTAL","count":658195,"amount":8.585384481417917E8}},{"entityName":"600096","metric":{"type":"TOTAL","count":549025,"amount":6.416426424866289E8}},{"entityName":"600042","metric":{"type":"TOTAL","count":521888,"amount":6.435664227428123E8}},{"entityName":"602105","metric":{"type":"TOTAL","count":519858,"amount":5.948973310955238E8}},{"entityName":"636006","metric":{"type":"TOTAL","count":464201,"amount":1.203247531510053E9}}]},"responseTimestamp":1630501491824}