{"success":true,"code":"SUCCESS","data":{"states":null,"districts":[{"entityName":"chennai","metric":{"type":"TOTAL","count":12611208,"amount":2.9147317644503105E10}},{"entityName":"coimbatore","metric":{"type":"TOTAL","count":4598586,"amount":9.331489602732159E9}},{"entityName":"chengalpattu","metric":{"type":"TOTAL","count":3911793,"amount":5.672393784752347E9}},{"entityName":"thiruvallur","metric":{"type":"TOTAL","count":3872452,"amount":6.511946063874299E9}},{"entityName":"kancheepuram","metric":{"type":"TOTAL","count":2203060,"amount":3.393883768084098E9}},{"entityName":"salem","metric":{"type":"TOTAL","count":1996687,"amount":3.860454261651264E9}},{"entityName":"krishnagiri","metric":{"type":"TOTAL","count":1815882,"amount":2.926042853456265E9}},{"entityName":"tiruppur","metric":{"type":"TOTAL","count":1672101,"amount":2.9115114838182716E9}},{"entityName":"madurai","metric":{"type":"TOTAL","count":1479517,"amount":2.674909377665058E9}},{"entityName":"tiruchirappalli","metric":{"type":"TOTAL","count":1239752,"amount":2.2593531982312646E9}}],"pincodes":[{"entityName":"600003","metric":{"type":"TOTAL","count":8641869,"amount":2.2394007817575096E10}},{"entityName":"641018","metric":{"type":"TOTAL","count":1711806,"amount":4.858715192665498E9}},{"entityName":"636006","metric":{"type":"TOTAL","count":436554,"amount":1.1925976887090073E9}},{"entityName":"600100","metric":{"type":"TOTAL","count":366181,"amount":5.398080996082759E8}},{"entityName":"635109","metric":{"type":"TOTAL","count":344887,"amount":5.3673527425252926E8}},{"entityName":"600119","metric":{"type":"TOTAL","count":318150,"amount":4.100332879929408E8}},{"entityName":"635126","metric":{"type":"TOTAL","count":311070,"amount":5.261356561687701E8}},{"entityName":"600097","metric":{"type":"TOTAL","count":290595,"amount":3.6045120647577035E8}},{"entityName":"602105","metric":{"type":"TOTAL","count":255659,"amount":3.2879741664725065E8}},{"entityName":"641602","metric":{"type":"TOTAL","count":248113,"amount":4.5869960140400076E8}}]},"responseTimestamp":1630501492373}