{"success":true,"code":"SUCCESS","data":{"states":null,"districts":[{"entityName":"chennai","metric":{"type":"TOTAL","count":17354210,"amount":3.986887338245007E10}},{"entityName":"coimbatore","metric":{"type":"TOTAL","count":6742559,"amount":1.3861133095484821E10}},{"entityName":"thiruvallur","metric":{"type":"TOTAL","count":5496010,"amount":1.029542211334424E10}},{"entityName":"chengalpattu","metric":{"type":"TOTAL","count":5205491,"amount":7.909757202294512E9}},{"entityName":"kancheepuram","metric":{"type":"TOTAL","count":3333347,"amount":5.572087481284176E9}},{"entityName":"salem","metric":{"type":"TOTAL","count":3016579,"amount":6.990924402004694E9}},{"entityName":"krishnagiri","metric":{"type":"TOTAL","count":2701216,"amount":4.989224721359926E9}},{"entityName":"tiruppur","metric":{"type":"TOTAL","count":2654998,"amount":5.542739051315315E9}},{"entityName":"madurai","metric":{"type":"TOTAL","count":2157858,"amount":4.867134340423642E9}},{"entityName":"erode","metric":{"type":"TOTAL","count":1662818,"amount":3.5806073686476803E9}}],"pincodes":[{"entityName":"600003","metric":{"type":"TOTAL","count":11269288,"amount":2.8801727693914406E10}},{"entityName":"641018","metric":{"type":"TOTAL","count":2261155,"amount":6.118709428796043E9}},{"entityName":"636006","metric":{"type":"TOTAL","count":1015825,"amount":2.794983704570053E9}},{"entityName":"635109","metric":{"type":"TOTAL","count":598811,"amount":1.002653790519563E9}},{"entityName":"600100","metric":{"type":"TOTAL","count":514489,"amount":7.683495931809273E8}},{"entityName":"635126","metric":{"type":"TOTAL","count":512840,"amount":8.186693175640285E8}},{"entityName":"625001","metric":{"type":"TOTAL","count":453384,"amount":1.2237329912024899E9}},{"entityName":"641602","metric":{"type":"TOTAL","count":448547,"amount":1.0090836290274758E9}},{"entityName":"602105","metric":{"type":"TOTAL","count":446062,"amount":6.302674091499232E8}},{"entityName":"638001","metric":{"type":"TOTAL","count":397031,"amount":1.1138993822844071E9}}]},"responseTimestamp":1630501493174}