{"success":true,"code":"SUCCESS","data":{"states":null,"districts":[{"entityName":"chennai","metric":{"type":"TOTAL","count":24172148,"amount":4.6230345977314285E10}},{"entityName":"coimbatore","metric":{"type":"TOTAL","count":10473572,"amount":1.872339796128515E10}},{"entityName":"thiruvallur","metric":{"type":"TOTAL","count":10184454,"amount":1.7303936393299397E10}},{"entityName":"chengalpattu","metric":{"type":"TOTAL","count":10168033,"amount":1.3669246947729094E10}},{"entityName":"kancheepuram","metric":{"type":"TOTAL","count":6509711,"amount":9.795433898261469E9}},{"entityName":"krishnagiri","metric":{"type":"TOTAL","count":5011992,"amount":9.044884706251482E9}},{"entityName":"salem","metric":{"type":"TOTAL","count":4407759,"amount":9.865912487837538E9}},{"entityName":"tiruppur","metric":{"type":"TOTAL","count":4364806,"amount":8.662796446594257E9}},{"entityName":"madurai","metric":{"type":"TOTAL","count":3222620,"amount":7.010358411213523E9}},{"entityName":"erode","metric":{"type":"TOTAL","count":2534766,"amount":5.126731992032161E9}}],"pincodes":[{"entityName":"600003","metric":{"type":"TOTAL","count":11690163,"amount":2.611445725684628E10}},{"entityName":"641018","metric":{"type":"TOTAL","count":2424429,"amount":5.568050172039789E9}},{"entityName":"636006","metric":{"type":"TOTAL","count":1174582,"amount":2.889128960595086E9}},{"entityName":"635109","metric":{"type":"TOTAL","count":1165466,"amount":1.8450883845167162E9}},{"entityName":"635126","metric":{"type":"TOTAL","count":1017235,"amount":1.5219539293793557E9}},{"entityName":"600100","metric":{"type":"TOTAL","count":992411,"amount":1.308127036490784E9}},{"entityName":"602105","metric":{"type":"TOTAL","count":940801,"amount":1.1556054814166443E9}},{"entityName":"641602","metric":{"type":"TOTAL","count":761944,"amount":1.6275837457923462E9}},{"entityName":"600056","metric":{"type":"TOTAL","count":739273,"amount":1.1098533524073906E9}},{"entityName":"600042","metric":{"type":"TOTAL","count":710121,"amount":9.042019887445955E8}}]},"responseTimestamp":1630501493522}