{"success":true,"code":"SUCCESS","data":{"states":null,"districts":[{"name":"gurugram","registeredUsers":2929873},{"name":"faridabad","registeredUsers":1654074},{"name":"hisar","registeredUsers":689980},{"name":"sonipat","registeredUsers":626016},{"name":"rewari","registeredUsers":595001},{"name":"panipat","registeredUsers":556104},{"name":"karnal","registeredUsers":527415},{"name":"jhajjar","registeredUsers":445888},{"name":"palwal","registeredUsers":441872},{"name":"rohtak","registeredUsers":432623}],"pincodes":[{"name":"122001","registeredUsers":465984},{"name":"121004","registeredUsers":400283},{"name":"121003","registeredUsers":321859},{"name":"121001","registeredUsers":308144},{"name":"122006","registeredUsers":255061},{"name":"122002","registeredUsers":242575},{"name":"121102","registeredUsers":239809},{"name":"124001","registeredUsers":225735},{"name":"123401","registeredUsers":225100},{"name":"122004","registeredUsers":212387}]},"responseTimestamp":1651127652655}