{"success":true,"code":"SUCCESS","data":{"hoverData":{"jalgaon district":{"registeredUsers":1156268,"appOpens":72850684},"latur district":{"registeredUsers":764670,"appOpens":56012514},"thane district":{"registeredUsers":5196050,"appOpens":36680314},"bhandara district":{"registeredUsers":317709,"appOpens":17152369},"nandurbar district":{"registeredUsers":266795,"appOpens":27838113},"chandrapur district":{"registeredUsers":570979,"appOpens":46226115},"kolhapur district":{"registeredUsers":1357916,"appOpens":44102892},"solapur district":{"registeredUsers":1565902,"appOpens":178663433},"mumbai district":{"registeredUsers":1873643,"appOpens":6937597},"sindhudurg district":{"registeredUsers":208291,"appOpens":14208273},"dhule district":{"registeredUsers":517310,"appOpens":42627770},"wardha district":{"registeredUsers":368011,"appOpens":28821210},"parbhani district":{"registeredUsers":450092,"appOpens":48613776},"mumbai suburban district":{"registeredUsers":5017556,"appOpens":20523596},"hingoli district":{"registeredUsers":247201,"appOpens":28802775},"ratnagiri district":{"registeredUsers":366636,"appOpens":22168726},"nanded district":{"registeredUsers":818876,"appOpens":75402365},"osmanabad district":{"registeredUsers":479545,"appOpens":78950852},"nagpur district":{"registeredUsers":2286011,"appOpens":62584115},"buldhana district":{"registeredUsers":698097,"appOpens":72532489},"nashik district":{"registeredUsers":2661739,"appOpens":123708845},"akola district":{"registeredUsers":473498,"appOpens":34414449},"yavatmal district":{"registeredUsers":548600,"appOpens":60532112},"aurangabad district":{"registeredUsers":1894797,"appOpens":102754741},"amravati district":{"registeredUsers":868057,"appOpens":58399645},"washim district":{"registeredUsers":266019,"appOpens":33931899},"sangli district":{"registeredUsers":921182,"appOpens":74801129},"gadchiroli district":{"registeredUsers":186967,"appOpens":21889562},"raigad district":{"registeredUsers":1544883,"appOpens":32504167},"palghar district":{"registeredUsers":1601518,"appOpens":33545649},"jalna district":{"registeredUsers":547672,"appOpens":64639245},"gondia district":{"registeredUsers":296361,"appOpens":20628768},"ahmednagar district":{"registeredUsers":1749682,"appOpens":162352399},"pune district":{"registeredUsers":8331582,"appOpens":196168807},"beed district":{"registeredUsers":717334,"appOpens":87680370},"satara district":{"registeredUsers":1090181,"appOpens":68117749}}},"responseTimestamp":1651127645621}