{"success":true,"code":"SUCCESS","data":{"hoverData":{"serchhip district":{"registeredUsers":1992,"appOpens":32938},"aizawl district":{"registeredUsers":25253,"appOpens":311082},"lunglei district":{"registeredUsers":5778,"appOpens":88472},"mamit district":{"registeredUsers":2379,"appOpens":47970},"lawngtlai district":{"registeredUsers":3996,"appOpens":63102},"kolasib district":{"registeredUsers":3360,"appOpens":54171},"champhai district":{"registeredUsers":2448,"appOpens":27677},"saiha district":{"registeredUsers":1293,"appOpens":19271}}},"responseTimestamp":1630502911870}