{"success":true,"code":"SUCCESS","data":{"hoverData":{"serchhip district":{"registeredUsers":2379,"appOpens":36361},"aizawl district":{"registeredUsers":29637,"appOpens":335207},"lunglei district":{"registeredUsers":7006,"appOpens":108200},"mamit district":{"registeredUsers":2911,"appOpens":57414},"lawngtlai district":{"registeredUsers":4977,"appOpens":86175},"kolasib district":{"registeredUsers":4022,"appOpens":58398},"champhai district":{"registeredUsers":3052,"appOpens":33178},"saiha district":{"registeredUsers":1590,"appOpens":24375}}},"responseTimestamp":1630502911918}