{"success":true,"code":"SUCCESS","data":{"hoverData":{"serchhip district":{"registeredUsers":2871,"appOpens":42356},"aizawl district":{"registeredUsers":36225,"appOpens":447023},"lunglei district":{"registeredUsers":8442,"appOpens":125325},"mamit district":{"registeredUsers":3597,"appOpens":63884},"lawngtlai district":{"registeredUsers":6412,"appOpens":113452},"kolasib district":{"registeredUsers":4923,"appOpens":62203},"champhai district":{"registeredUsers":3883,"appOpens":43126},"saiha district":{"registeredUsers":1962,"appOpens":27496}}},"responseTimestamp":1630502911942}