{"success":true,"code":"SUCCESS","data":{"hoverData":{"serchhip district":{"registeredUsers":3313,"appOpens":52819},"aizawl district":{"registeredUsers":41500,"appOpens":529828},"lunglei district":{"registeredUsers":9794,"appOpens":152987},"mamit district":{"registeredUsers":4083,"appOpens":71430},"lawngtlai district":{"registeredUsers":7618,"appOpens":129218},"kolasib district":{"registeredUsers":5599,"appOpens":74081},"champhai district":{"registeredUsers":4550,"appOpens":52622},"saiha district":{"registeredUsers":2274,"appOpens":33197}}},"responseTimestamp":1630502911986}