{"success":true,"code":"SUCCESS","data":{"aggregated":{"registeredUsers":46877867,"appOpens":0},"usersByDevice":[{"brand":"Xiaomi","count":11926334,"percentage":0.25441289809538475},{"brand":"Samsung","count":9609401,"percentage":0.204988017052909},{"brand":"Vivo","count":5894293,"percentage":0.1257372269092363},{"brand":"Oppo","count":4479351,"percentage":0.09555364368434255},{"brand":"Realme","count":2376866,"percentage":0.05070337351313361},{"brand":"Apple","count":1825153,"percentage":0.03893421601285741},{"brand":"Motorola","count":1593250,"percentage":0.033987254582210406},{"brand":"OnePlus","count":1536418,"percentage":0.03277491273227086},{"brand":"Lenovo","count":1246507,"percentage":0.026590522986039446},{"brand":"Huawei","count":808774,"percentage":0.01725279010668297},{"brand":"Others","count":5581520,"percentage":0.1190651443249327}]},"responseTimestamp":1630501482414}