{"success":true,"code":"SUCCESS","data":{"aggregated":{"registeredUsers":80010952,"appOpens":0},"usersByDevice":[{"brand":"Xiaomi","count":20859459,"percentage":0.2607075466368654},{"brand":"Samsung","count":16228372,"percentage":0.20282688299971735},{"brand":"Vivo","count":11118842,"percentage":0.13896650048608344},{"brand":"Oppo","count":8103650,"percentage":0.10128175952712073},{"brand":"Realme","count":3962596,"percentage":0.04952566993578579},{"brand":"Apple","count":2774989,"percentage":0.034682614450081785},{"brand":"Motorola","count":2529272,"percentage":0.03161157237574176},{"brand":"OnePlus","count":2231557,"percentage":0.027890644270799327},{"brand":"Lenovo","count":1857680,"percentage":0.023217821480239355},{"brand":"Huawei","count":1444125,"percentage":0.018049091579362787},{"brand":"Others","count":8900410,"percentage":0.11123989625820226}]},"responseTimestamp":1630501482418}