{"success":true,"code":"SUCCESS","data":{"aggregated":{"registeredUsers":102262055,"appOpens":0},"usersByDevice":[{"brand":"Xiaomi","count":26709586,"percentage":0.2611876516661043},{"brand":"Samsung","count":20740259,"percentage":0.2028148075060686},{"brand":"Vivo","count":14966905,"percentage":0.14635834376690357},{"brand":"Oppo","count":10754040,"percentage":0.10516158706178944},{"brand":"Realme","count":4997725,"percentage":0.04887174426526046},{"brand":"Apple","count":3435529,"percentage":0.03359534482267152},{"brand":"Motorola","count":3089947,"percentage":0.030215968180964094},{"brand":"OnePlus","count":2668868,"percentage":0.026098321611080475},{"brand":"Lenovo","count":2257295,"percentage":0.022073632296945332},{"brand":"Huawei","count":1899667,"percentage":0.01857646025204559},{"brand":"Others","count":10742234,"percentage":0.10504613857016662}]},"responseTimestamp":1630501482419}