{"success":true,"code":"SUCCESS","data":{"states":null,"districts":[{"name":"jaipur","registeredUsers":5133527},{"name":"alwar","registeredUsers":1570711},{"name":"jodhpur","registeredUsers":1370206},{"name":"sikar","registeredUsers":1017503},{"name":"ajmer","registeredUsers":947827},{"name":"nagaur","registeredUsers":901819},{"name":"kota","registeredUsers":882916},{"name":"bhilwara","registeredUsers":871188},{"name":"udaipur","registeredUsers":816476},{"name":"jhunjhunu","registeredUsers":752608}],"pincodes":[{"name":"302012","registeredUsers":379201},{"name":"311001","registeredUsers":276732},{"name":"302029","registeredUsers":271894},{"name":"302020","registeredUsers":246589},{"name":"301001","registeredUsers":231537},{"name":"302001","registeredUsers":231535},{"name":"334001","registeredUsers":231262},{"name":"313001","registeredUsers":228203},{"name":"302015","registeredUsers":213355},{"name":"302017","registeredUsers":210495}]},"responseTimestamp":1651127653676}