{"success":true,"code":"SUCCESS","data":{"states":null,"districts":[{"entityName":"leh ladakh","metric":{"type":"TOTAL","count":36320,"amount":1.1853136044614574E8}},{"entityName":"kargil","metric":{"type":"TOTAL","count":9825,"amount":3.4328560502981424E7}}],"pincodes":[{"entityName":"194104","metric":{"type":"TOTAL","count":12861,"amount":3.742030293301695E7}},{"entityName":"194101","metric":{"type":"TOTAL","count":8237,"amount":2.7117055584492594E7}},{"entityName":"194107","metric":{"type":"TOTAL","count":6588,"amount":2.2466686401635446E7}},{"entityName":"194201","metric":{"type":"TOTAL","count":5019,"amount":1.7060651132651757E7}},{"entityName":"194105","metric":{"type":"TOTAL","count":2632,"amount":7337898.631565983}},{"entityName":"194103","metric":{"type":"TOTAL","count":2503,"amount":8164147.918660348}},{"entityName":"194102","metric":{"type":"TOTAL","count":2041,"amount":7680518.289965478}},{"entityName":"194703","metric":{"type":"TOTAL","count":1885,"amount":8137333.010003834}},{"entityName":"194106","metric":{"type":"TOTAL","count":1541,"amount":4488942.049262468}},{"entityName":"194401","metric":{"type":"TOTAL","count":1370,"amount":6217803.825260316}}]},"responseTimestamp":1630501490250}