{"success":true,"code":"SUCCESS","data":{"states":null,"districts":[{"entityName":"leh ladakh","metric":{"type":"TOTAL","count":53483,"amount":2.0177586219993445E8}},{"entityName":"kargil","metric":{"type":"TOTAL","count":15289,"amount":5.747964479749023E7}}],"pincodes":[{"entityName":"194104","metric":{"type":"TOTAL","count":17735,"amount":6.329502036014056E7}},{"entityName":"194101","metric":{"type":"TOTAL","count":14988,"amount":5.6876989833605215E7}},{"entityName":"194201","metric":{"type":"TOTAL","count":7906,"amount":2.88981551417718E7}},{"entityName":"194107","metric":{"type":"TOTAL","count":6499,"amount":2.485685282102184E7}},{"entityName":"194102","metric":{"type":"TOTAL","count":4231,"amount":1.5822043828588601E7}},{"entityName":"194103","metric":{"type":"TOTAL","count":3828,"amount":1.5210861508913623E7}},{"entityName":"194105","metric":{"type":"TOTAL","count":3074,"amount":1.0966869641619151E7}},{"entityName":"194703","metric":{"type":"TOTAL","count":2941,"amount":1.0821285393593328E7}},{"entityName":"194401","metric":{"type":"TOTAL","count":2568,"amount":1.3012100063231185E7}},{"entityName":"194106","metric":{"type":"TOTAL","count":2228,"amount":7407619.436965435}}]},"responseTimestamp":1630501490583}