{"success":true,"code":"SUCCESS","data":{"states":null,"districts":[{"entityName":"leh ladakh","metric":{"type":"TOTAL","count":79404,"amount":3.025896085910406E8}},{"entityName":"kargil","metric":{"type":"TOTAL","count":5302,"amount":2.209975143707087E7}}],"pincodes":[{"entityName":"194104","metric":{"type":"TOTAL","count":25677,"amount":9.380417345136118E7}},{"entityName":"194101","metric":{"type":"TOTAL","count":19933,"amount":7.317581412544616E7}},{"entityName":"194201","metric":{"type":"TOTAL","count":12715,"amount":4.6549944532595575E7}},{"entityName":"194107","metric":{"type":"TOTAL","count":8728,"amount":3.421248294557621E7}},{"entityName":"194401","metric":{"type":"TOTAL","count":5372,"amount":2.350736388592691E7}},{"entityName":"194106","metric":{"type":"TOTAL","count":4376,"amount":1.8102525169971935E7}},{"entityName":null,"metric":{"type":"TOTAL","count":2014,"amount":1.009865616799601E7}},{"entityName":"194103","metric":{"type":"TOTAL","count":1521,"amount":7432483.4391312525}},{"entityName":"194109","metric":{"type":"TOTAL","count":1035,"amount":4422891.100558474}},{"entityName":"194102","metric":{"type":"TOTAL","count":903,"amount":4245135.133525687}}]},"responseTimestamp":1630501491310}