{"success":true,"code":"SUCCESS","data":{"states":null,"districts":[{"name":"east","registeredUsers":36124},{"name":"south","registeredUsers":11031},{"name":"west","registeredUsers":6479},{"name":"north","registeredUsers":5322}],"pincodes":[{"name":"737101","registeredUsers":9811},{"name":"737102","registeredUsers":7390},{"name":"737132","registeredUsers":5823},{"name":"737134","registeredUsers":5484},{"name":"737135","registeredUsers":4863},{"name":"737126","registeredUsers":3693},{"name":"737120","registeredUsers":3393},{"name":"737113","registeredUsers":3139},{"name":"737103","registeredUsers":2669},{"name":"737136","registeredUsers":2338}]},"responseTimestamp":1630501496665}