{"success":true,"code":"SUCCESS","data":{"states":null,"districts":[{"name":"east","registeredUsers":43048},{"name":"south","registeredUsers":13547},{"name":"west","registeredUsers":8064},{"name":"north","registeredUsers":6340}],"pincodes":[{"name":"737101","registeredUsers":11751},{"name":"737102","registeredUsers":8730},{"name":"737132","registeredUsers":6732},{"name":"737134","registeredUsers":6641},{"name":"737135","registeredUsers":5696},{"name":"737126","registeredUsers":4655},{"name":"737120","registeredUsers":3941},{"name":"737113","registeredUsers":3858},{"name":"737103","registeredUsers":3239},{"name":"737121","registeredUsers":2827}]},"responseTimestamp":1630501497313}