{"success":true,"code":"SUCCESS","data":{"states":null,"districts":[{"name":"east","registeredUsers":49404},{"name":"south","registeredUsers":16016},{"name":"west","registeredUsers":9481},{"name":"north","registeredUsers":7227}],"pincodes":[{"name":"737101","registeredUsers":13584},{"name":"737102","registeredUsers":9884},{"name":"737134","registeredUsers":7809},{"name":"737132","registeredUsers":7615},{"name":"737135","registeredUsers":6481},{"name":"737126","registeredUsers":5557},{"name":"737113","registeredUsers":4526},{"name":"737120","registeredUsers":4413},{"name":"737103","registeredUsers":3643},{"name":"737121","registeredUsers":3356}]},"responseTimestamp":1630501497756}