{"success":true,"code":"SUCCESS","data":{"states":null,"districts":[{"name":"east","registeredUsers":55340},{"name":"south","registeredUsers":18461},{"name":"west","registeredUsers":11078},{"name":"north","registeredUsers":8093}],"pincodes":[{"name":"737101","registeredUsers":15223},{"name":"737102","registeredUsers":11002},{"name":"737134","registeredUsers":8964},{"name":"737132","registeredUsers":8456},{"name":"737135","registeredUsers":7240},{"name":"737126","registeredUsers":6464},{"name":"737113","registeredUsers":5181},{"name":"737120","registeredUsers":4869},{"name":"737103","registeredUsers":3999},{"name":"737121","registeredUsers":3995}]},"responseTimestamp":1630501498087}