{"success":true,"code":"SUCCESS","data":{"states":null,"districts":[{"entityName":"imphal west","metric":{"type":"TOTAL","count":4129560,"amount":1.0331377272313238E10}},{"entityName":"imphal east","metric":{"type":"TOTAL","count":298053,"amount":9.262986227916505E8}},{"entityName":"thoubal","metric":{"type":"TOTAL","count":159443,"amount":4.659999659324683E8}},{"entityName":"churachandpur","metric":{"type":"TOTAL","count":132079,"amount":4.782829531412998E8}},{"entityName":"bishnupur","metric":{"type":"TOTAL","count":129775,"amount":4.1097976159592944E8}},{"entityName":"kangpokpi","metric":{"type":"TOTAL","count":120614,"amount":3.614228574778744E8}},{"entityName":"tamenglong","metric":{"type":"TOTAL","count":53325,"amount":1.820591878775179E8}},{"entityName":"chandel","metric":{"type":"TOTAL","count":46964,"amount":1.568210483314056E8}},{"entityName":"ukhrul","metric":{"type":"TOTAL","count":45977,"amount":1.632115438876433E8}},{"entityName":"kakching","metric":{"type":"TOTAL","count":45714,"amount":1.2900972036301751E8}}],"pincodes":[{"entityName":"795004","metric":{"type":"TOTAL","count":3869356,"amount":9.537639096801764E9}},{"entityName":"795001","metric":{"type":"TOTAL","count":87098,"amount":2.897157828274056E8}},{"entityName":"795002","metric":{"type":"TOTAL","count":69943,"amount":2.1915237099107608E8}},{"entityName":"795138","metric":{"type":"TOTAL","count":69278,"amount":2.1745716092532128E8}},{"entityName":"795148","metric":{"type":"TOTAL","count":67820,"amount":1.7945688050273237E8}},{"entityName":"795133","metric":{"type":"TOTAL","count":64420,"amount":2.2249300900146547E8}},{"entityName":"795128","metric":{"type":"TOTAL","count":58936,"amount":2.1371665499928838E8}},{"entityName":"795107","metric":{"type":"TOTAL","count":56033,"amount":1.6421991471451503E8}},{"entityName":"795149","metric":{"type":"TOTAL","count":50677,"amount":1.7207792979922795E8}},{"entityName":"795130","metric":{"type":"TOTAL","count":47315,"amount":1.3882805268058753E8}}]},"responseTimestamp":1651127582646}