{"success":true,"code":"SUCCESS","data":{"aggregated":{"registeredUsers":7302726,"appOpens":117482807},"usersByDevice":[{"brand":"Xiaomi","count":1619926,"percentage":0.2218248363693229},{"brand":"Vivo","count":1523181,"percentage":0.20857704369573773},{"brand":"Samsung","count":1477258,"percentage":0.20228857004904743},{"brand":"Oppo","count":1119920,"percentage":0.15335643155720208},{"brand":"Apple","count":540804,"percentage":0.07405508573099963},{"brand":"Realme","count":403062,"percentage":0.05519336204042162},{"brand":"OnePlus","count":89199,"percentage":0.01221447990791384},{"brand":"Tecno","count":74590,"percentage":0.010213994061943444},{"brand":"Huawei","count":58651,"percentage":0.008031384444658063},{"brand":"Motorola","count":48805,"percentage":0.00668312079626156},{"brand":"Others","count":347330,"percentage":0.04756169134649171}]},"responseTimestamp":1651127659404}