{"success":true,"code":"SUCCESS","data":{"hoverDataList":[{"name":"kangpokpi district","metric":[{"type":"TOTAL","count":4187,"amount":1.2129421383849183E7}]},{"name":"noney district","metric":[{"type":"TOTAL","count":646,"amount":747261.2810295916}]},{"name":"imphal east district","metric":[{"type":"TOTAL","count":21960,"amount":2.602893781002756E7}]},{"name":"thoubal district","metric":[{"type":"TOTAL","count":8288,"amount":8366772.887529282}]},{"name":"kakching district","metric":[{"type":"TOTAL","count":1622,"amount":1924584.2384454876}]},{"name":"jiribam district","metric":[{"type":"TOTAL","count":1305,"amount":3564799.4519929583}]},{"name":"ukhrul district","metric":[{"type":"TOTAL","count":1399,"amount":1647288.6651835062}]},{"name":"tamenglong district","metric":[{"type":"TOTAL","count":1007,"amount":1709209.2458958817}]},{"name":"kamjong district","metric":[{"type":"TOTAL","count":329,"amount":236107.7403536682}]},{"name":"chandel district","metric":[{"type":"TOTAL","count":880,"amount":1376995.1405003848}]},{"name":"bishnupur district","metric":[{"type":"TOTAL","count":7005,"amount":1.1341627667845085E7}]},{"name":"senapati district","metric":[{"type":"TOTAL","count":613,"amount":577840.1682329748}]},{"name":"pherzawl district","metric":[{"type":"TOTAL","count":2,"amount":778.0896294258192}]},{"name":"churachandpur district","metric":[{"type":"TOTAL","count":4081,"amount":1.1708258721273843E7}]},{"name":"tengnoupal district","metric":[{"type":"TOTAL","count":882,"amount":660028.7721459618}]},{"name":"imphal west district","metric":[{"type":"TOTAL","count":29863,"amount":4.6026262666274294E7}]}]},"responseTimestamp":1630502910905}