{"success":true,"code":"SUCCESS","data":{"hoverDataList":[{"name":"kangpokpi district","metric":[{"type":"TOTAL","count":6741,"amount":2.031562591653779E7}]},{"name":"noney district","metric":[{"type":"TOTAL","count":1051,"amount":2486030.8565162863}]},{"name":"imphal east district","metric":[{"type":"TOTAL","count":42065,"amount":5.45618987454827E7}]},{"name":"thoubal district","metric":[{"type":"TOTAL","count":20689,"amount":1.7968719216563758E7}]},{"name":"kakching district","metric":[{"type":"TOTAL","count":3879,"amount":6411513.656549769}]},{"name":"jiribam district","metric":[{"type":"TOTAL","count":2710,"amount":6467614.407545684}]},{"name":"ukhrul district","metric":[{"type":"TOTAL","count":2800,"amount":6394470.819340965}]},{"name":"tamenglong district","metric":[{"type":"TOTAL","count":1714,"amount":4747280.086110413}]},{"name":"kamjong district","metric":[{"type":"TOTAL","count":340,"amount":446574.11265748634}]},{"name":"chandel district","metric":[{"type":"TOTAL","count":1619,"amount":3525831.9511511945}]},{"name":"bishnupur district","metric":[{"type":"TOTAL","count":11338,"amount":1.935210053894212E7}]},{"name":"senapati district","metric":[{"type":"TOTAL","count":970,"amount":2034357.3575923673}]},{"name":"pherzawl district","metric":[{"type":"TOTAL","count":11,"amount":1036.3525697348664}]},{"name":"churachandpur district","metric":[{"type":"TOTAL","count":7110,"amount":1.805570327078783E7}]},{"name":"tengnoupal district","metric":[{"type":"TOTAL","count":2080,"amount":6077962.2428630125}]},{"name":"imphal west district","metric":[{"type":"TOTAL","count":46604,"amount":8.436300178828333E7}]}]},"responseTimestamp":1630502910953}