{"success":true,"code":"SUCCESS","data":{"hoverDataList":[{"name":"kangpokpi district","metric":[{"type":"TOTAL","count":9151,"amount":2.793740209243063E7}]},{"name":"noney district","metric":[{"type":"TOTAL","count":1636,"amount":3959453.6371438224}]},{"name":"imphal east district","metric":[{"type":"TOTAL","count":60511,"amount":8.960571578431109E7}]},{"name":"thoubal district","metric":[{"type":"TOTAL","count":19399,"amount":3.409274823724542E7}]},{"name":"kakching district","metric":[{"type":"TOTAL","count":4590,"amount":9968419.417644013}]},{"name":"jiribam district","metric":[{"type":"TOTAL","count":3959,"amount":6601625.253335206}]},{"name":"ukhrul district","metric":[{"type":"TOTAL","count":3600,"amount":9802720.723219434}]},{"name":"tamenglong district","metric":[{"type":"TOTAL","count":2829,"amount":6192820.941522401}]},{"name":"kamjong district","metric":[{"type":"TOTAL","count":349,"amount":673262.7657017015}]},{"name":"chandel district","metric":[{"type":"TOTAL","count":2591,"amount":5588239.711362864}]},{"name":"bishnupur district","metric":[{"type":"TOTAL","count":13649,"amount":2.4368236711014666E7}]},{"name":"senapati district","metric":[{"type":"TOTAL","count":1416,"amount":2555370.7700600782}]},{"name":"pherzawl district","metric":[{"type":"TOTAL","count":48,"amount":97583.08278583639}]},{"name":"churachandpur district","metric":[{"type":"TOTAL","count":8671,"amount":2.7468832413289707E7}]},{"name":"tengnoupal district","metric":[{"type":"TOTAL","count":3282,"amount":1.3385091180977922E7}]},{"name":"imphal west district","metric":[{"type":"TOTAL","count":53577,"amount":1.2103372207207742E8}]}]},"responseTimestamp":1630502911003}