{"success":true,"code":"SUCCESS","data":{"hoverDataList":[{"name":"kangpokpi district","metric":[{"type":"TOTAL","count":13325,"amount":4.2081524606101125E7}]},{"name":"noney district","metric":[{"type":"TOTAL","count":2598,"amount":7315230.191123211}]},{"name":"imphal east district","metric":[{"type":"TOTAL","count":54610,"amount":1.2917622241262636E8}]},{"name":"thoubal district","metric":[{"type":"TOTAL","count":24817,"amount":5.289973129086943E7}]},{"name":"kakching district","metric":[{"type":"TOTAL","count":6508,"amount":1.3429124004544508E7}]},{"name":"jiribam district","metric":[{"type":"TOTAL","count":5444,"amount":1.3414981155959103E7}]},{"name":"ukhrul district","metric":[{"type":"TOTAL","count":4538,"amount":1.5201316568829268E7}]},{"name":"tamenglong district","metric":[{"type":"TOTAL","count":4866,"amount":1.305757600717781E7}]},{"name":"kamjong district","metric":[{"type":"TOTAL","count":845,"amount":2822478.1128238714}]},{"name":"chandel district","metric":[{"type":"TOTAL","count":4425,"amount":1.3092276488481913E7}]},{"name":"bishnupur district","metric":[{"type":"TOTAL","count":19048,"amount":3.726325912396772E7}]},{"name":"senapati district","metric":[{"type":"TOTAL","count":2902,"amount":7569372.186811532}]},{"name":"pherzawl district","metric":[{"type":"TOTAL","count":112,"amount":103445.61904358957}]},{"name":"churachandpur district","metric":[{"type":"TOTAL","count":14801,"amount":5.450324675234864E7}]},{"name":"tengnoupal district","metric":[{"type":"TOTAL","count":5426,"amount":2.215544662844094E7}]},{"name":"imphal west district","metric":[{"type":"TOTAL","count":71845,"amount":1.8159832815686062E8}]}]},"responseTimestamp":1630502911054}