{"success":true,"code":"SUCCESS","data":{"hoverDataList":[{"name":"puducherry","metric":[{"type":"TOTAL","count":130261,"amount":2.858011195324367E8}]},{"name":"tamil nadu","metric":[{"type":"TOTAL","count":9992128,"amount":2.0125844276267662E10}]},{"name":"uttar pradesh","metric":[{"type":"TOTAL","count":17710943,"amount":2.5720201695701435E10}]},{"name":"madhya pradesh","metric":[{"type":"TOTAL","count":10561412,"amount":1.5924081066680986E10}]},{"name":"andhra pradesh","metric":[{"type":"TOTAL","count":12353918,"amount":2.2883914272633617E10}]},{"name":"tripura","metric":[{"type":"TOTAL","count":214559,"amount":2.368917187161358E8}]},{"name":"lakshadweep","metric":[{"type":"TOTAL","count":2132,"amount":6187809.539400538}]},{"name":"manipur","metric":[{"type":"TOTAL","count":151721,"amount":2.53209721319494E8}]},{"name":"maharashtra","metric":[{"type":"TOTAL","count":22285740,"amount":3.635705724112254E10}]},{"name":"dadra & nagar haveli & daman & diu","metric":[{"type":"TOTAL","count":202626,"amount":3.020707716561514E8}]},{"name":"meghalaya","metric":[{"type":"TOTAL","count":67857,"amount":1.170046678418316E8}]},{"name":"andaman & nicobar islands","metric":[{"type":"TOTAL","count":11340,"amount":2.8338535507953547E7}]},{"name":"haryana","metric":[{"type":"TOTAL","count":6150931,"amount":1.1320414442116663E10}]},{"name":"rajasthan","metric":[{"type":"TOTAL","count":9973697,"amount":1.555908617575962E10}]},{"name":"ladakh","metric":[{"type":"TOTAL","count":15010,"amount":4.73349025377415E7}]},{"name":"punjab","metric":[{"type":"TOTAL","count":2581163,"amount":4.684672212007125E9}]},{"name":"assam","metric":[{"type":"TOTAL","count":1663873,"amount":2.350585135537811E9}]},{"name":"jharkhand","metric":[{"type":"TOTAL","count":3152080,"amount":4.721575659062912E9}]},{"name":"odisha","metric":[{"type":"TOTAL","count":8158144,"amount":8.488310339620239E9}]},{"name":"bihar","metric":[{"type":"TOTAL","count":8632378,"amount":1.3506131109672922E10}]},{"name":"kerala","metric":[{"type":"TOTAL","count":2308165,"amount":3.88692334344263E9}]},{"name":"karnataka","metric":[{"type":"TOTAL","count":17116447,"amount":3.351558008129709E10}]},{"name":"chandigarh","metric":[{"type":"TOTAL","count":479084,"amount":9.6122326174473E8}]},{"name":"telangana","metric":[{"type":"TOTAL","count":10764670,"amount":2.3017201517652737E10}]},{"name":"himachal pradesh","metric":[{"type":"TOTAL","count":687695,"amount":1.1831693013511178E9}]},{"name":"west bengal","metric":[{"type":"TOTAL","count":18082446,"amount":1.8629183470204285E10}]},{"name":"gujarat","metric":[{"type":"TOTAL","count":7745733,"amount":1.2162684771641388E10}]},{"name":"sikkim","metric":[{"type":"TOTAL","count":74578,"amount":1.4369308552979562E8}]},{"name":"nagaland","metric":[{"type":"TOTAL","count":65599,"amount":1.5332557788030174E8}]},{"name":"mizoram","metric":[{"type":"TOTAL","count":27051,"amount":8.350840555773437E7}]},{"name":"chhattisgarh","metric":[{"type":"TOTAL","count":2816156,"amount":4.2641704431617327E9}]},{"name":"jammu & kashmir","metric":[{"type":"TOTAL","count":1796326,"amount":2.6512062365028934E9}]},{"name":"goa","metric":[{"type":"TOTAL","count":229575,"amount":4.7860382535861486E8}]},{"name":"arunachal pradesh","metric":[{"type":"TOTAL","count":82157,"amount":1.9897019234204656E8}]},{"name":"delhi","metric":[{"type":"TOTAL","count":9373723,"amount":1.7446299902205147E10}]},{"name":"uttarakhand","metric":[{"type":"TOTAL","count":1704122,"amount":2.6797553785510764E9}]}]},"responseTimestamp":1630502909426}