{"success":true,"code":"SUCCESS","data":{"hoverDataList":[{"name":"puducherry","metric":[{"type":"TOTAL","count":307964,"amount":6.256916654234949E8}]},{"name":"tamil nadu","metric":[{"type":"TOTAL","count":22457444,"amount":4.3302073975890976E10}]},{"name":"uttar pradesh","metric":[{"type":"TOTAL","count":36100767,"amount":5.509674357591497E10}]},{"name":"madhya pradesh","metric":[{"type":"TOTAL","count":21397555,"amount":3.3905608072964783E10}]},{"name":"andhra pradesh","metric":[{"type":"TOTAL","count":30759548,"amount":5.1473779406840416E10}]},{"name":"tripura","metric":[{"type":"TOTAL","count":448059,"amount":6.248855994644469E8}]},{"name":"lakshadweep","metric":[{"type":"TOTAL","count":1642,"amount":4463213.698222831}]},{"name":"manipur","metric":[{"type":"TOTAL","count":236110,"amount":6.056835593060112E8}]},{"name":"maharashtra","metric":[{"type":"TOTAL","count":46090223,"amount":7.951893704782959E10}]},{"name":"dadra & nagar haveli & daman & diu","metric":[{"type":"TOTAL","count":404082,"amount":6.587506168008878E8}]},{"name":"meghalaya","metric":[{"type":"TOTAL","count":161132,"amount":3.3758567900467324E8}]},{"name":"andaman & nicobar islands","metric":[{"type":"TOTAL","count":23758,"amount":9.054833607445517E7}]},{"name":"haryana","metric":[{"type":"TOTAL","count":12950183,"amount":2.5390876016455025E10}]},{"name":"rajasthan","metric":[{"type":"TOTAL","count":20959723,"amount":3.790908708333885E10}]},{"name":"ladakh","metric":[{"type":"TOTAL","count":35211,"amount":1.3552284249263746E8}]},{"name":"punjab","metric":[{"type":"TOTAL","count":4887137,"amount":1.0781982573649624E10}]},{"name":"assam","metric":[{"type":"TOTAL","count":3734172,"amount":5.88802285901307E9}]},{"name":"jharkhand","metric":[{"type":"TOTAL","count":6284043,"amount":1.024191664112223E10}]},{"name":"odisha","metric":[{"type":"TOTAL","count":21142798,"amount":2.342986957155922E10}]},{"name":"bihar","metric":[{"type":"TOTAL","count":15732401,"amount":2.839799716857623E10}]},{"name":"kerala","metric":[{"type":"TOTAL","count":4310654,"amount":7.747361236812299E9}]},{"name":"karnataka","metric":[{"type":"TOTAL","count":44812071,"amount":7.300838657605942E10}]},{"name":"chandigarh","metric":[{"type":"TOTAL","count":905116,"amount":2.032591591779975E9}]},{"name":"telangana","metric":[{"type":"TOTAL","count":28921154,"amount":4.950908844804927E10}]},{"name":"himachal pradesh","metric":[{"type":"TOTAL","count":1307883,"amount":2.6212989681392584E9}]},{"name":"west bengal","metric":[{"type":"TOTAL","count":36513548,"amount":4.048961921170402E10}]},{"name":"gujarat","metric":[{"type":"TOTAL","count":14733303,"amount":2.483098710278186E10}]},{"name":"sikkim","metric":[{"type":"TOTAL","count":154533,"amount":3.8314135807825375E8}]},{"name":"nagaland","metric":[{"type":"TOTAL","count":139333,"amount":3.880134675456239E8}]},{"name":"mizoram","metric":[{"type":"TOTAL","count":55242,"amount":1.9042685252952954E8}]},{"name":"chhattisgarh","metric":[{"type":"TOTAL","count":5365844,"amount":9.416412664971258E9}]},{"name":"jammu & kashmir","metric":[{"type":"TOTAL","count":2721310,"amount":5.664720265697432E9}]},{"name":"goa","metric":[{"type":"TOTAL","count":514755,"amount":1.1530050789224057E9}]},{"name":"arunachal pradesh","metric":[{"type":"TOTAL","count":176429,"amount":5.040400290917605E8}]},{"name":"delhi","metric":[{"type":"TOTAL","count":29187719,"amount":3.9722857618706436E10}]},{"name":"uttarakhand","metric":[{"type":"TOTAL","count":3178761,"amount":5.654272137963844E9}]}]},"responseTimestamp":1630502909426}