{"success":true,"code":"SUCCESS","data":{"states":null,"districts":[{"name":"raipur","registeredUsers":1038105},{"name":"durg","registeredUsers":639688},{"name":"bilaspur","registeredUsers":537617},{"name":"raigarh","registeredUsers":403164},{"name":"janjgir champa","registeredUsers":392285},{"name":"korba","registeredUsers":317604},{"name":"rajnandgaon","registeredUsers":264326},{"name":"baloda bazar","registeredUsers":234464},{"name":"surguja","registeredUsers":195440},{"name":"mahasamund","registeredUsers":185227}],"pincodes":[{"name":"492001","registeredUsers":247599},{"name":"495001","registeredUsers":198702},{"name":"497001","registeredUsers":143644},{"name":"491001","registeredUsers":120368},{"name":"491441","registeredUsers":107760},{"name":"496005","registeredUsers":98838},{"name":"492009","registeredUsers":92386},{"name":"490023","registeredUsers":91792},{"name":"495450","registeredUsers":80200},{"name":"494001","registeredUsers":79440}]},"responseTimestamp":1651127683675}