{"success":true,"code":"SUCCESS","data":{"aggregated":{"registeredUsers":530669,"appOpens":0},"usersByDevice":[{"brand":"Xiaomi","count":189565,"percentage":0.3572189067007871},{"brand":"Samsung","count":115108,"percentage":0.21691110654664206},{"brand":"Vivo","count":64897,"percentage":0.12229280398892718},{"brand":"Oppo","count":48082,"percentage":0.09060638552468676},{"brand":"Realme","count":19564,"percentage":0.03686667206865296},{"brand":"Apple","count":16067,"percentage":0.03027687692327986},{"brand":"Motorola","count":8760,"percentage":0.016507465105367},{"brand":"OnePlus","count":8604,"percentage":0.01621349654869608},{"brand":"Lenovo","count":6906,"percentage":0.013013761874162614},{"brand":"Huawei","count":6060,"percentage":0.011419547778370322},{"brand":"Others","count":47056,"percentage":0.08867297694042803}]},"responseTimestamp":1630501496533}