{"success":true,"code":"SUCCESS","data":{"aggregated":{"registeredUsers":631193,"appOpens":2705373},"usersByDevice":[{"brand":"Xiaomi","count":226055,"percentage":0.35813926960533465},{"brand":"Samsung","count":138016,"percentage":0.21865895217469142},{"brand":"Vivo","count":79073,"percentage":0.12527547041871503},{"brand":"Oppo","count":58451,"percentage":0.09260400543098544},{"brand":"Realme","count":23049,"percentage":0.0365165646640568},{"brand":"Apple","count":18515,"percentage":0.029333341782941193},{"brand":"Motorola","count":10033,"percentage":0.015895296684215444},{"brand":"OnePlus","count":9437,"percentage":0.0149510530059744},{"brand":"Lenovo","count":7950,"percentage":0.012595196714792464},{"brand":"Huawei","count":7185,"percentage":0.011383206087519982},{"brand":"Others","count":53429,"percentage":0.08464764343077316}]},"responseTimestamp":1630501496897}