{"success":true,"code":"SUCCESS","data":{"aggregated":{"registeredUsers":658455,"appOpens":3843919},"usersByDevice":[{"brand":"Xiaomi","count":236869,"percentage":0.3597345300741888},{"brand":"Samsung","count":142362,"percentage":0.21620611886917102},{"brand":"Vivo","count":84230,"percentage":0.12792066276359051},{"brand":"Oppo","count":61563,"percentage":0.09349613868829305},{"brand":"Realme","count":24963,"percentage":0.03791147458824065},{"brand":"Apple","count":19748,"percentage":0.029991419307317888},{"brand":"Motorola","count":10184,"percentage":0.015466508721173049},{"brand":"OnePlus","count":10037,"percentage":0.0152432588407712},{"brand":"Huawei","count":7699,"percentage":0.011692522647713208},{"brand":"Lenovo","count":7208,"percentage":0.01094683767303764},{"brand":"Others","count":53592,"percentage":0.08139052782650295}]},"responseTimestamp":1630501497554}