{"success":true,"code":"SUCCESS","data":{"states":null,"districts":[{"entityName":"patna","metric":{"type":"TOTAL","count":41272981,"amount":8.899869355623962E10}},{"entityName":"muzaffarpur","metric":{"type":"TOTAL","count":5221017,"amount":1.3070944463381813E10}},{"entityName":"purbi champaran","metric":{"type":"TOTAL","count":4379932,"amount":1.180474135535818E10}},{"entityName":"gaya","metric":{"type":"TOTAL","count":3790466,"amount":8.943163048402979E9}},{"entityName":"bhagalpur","metric":{"type":"TOTAL","count":3729907,"amount":8.757585231542503E9}},{"entityName":"darbhanga","metric":{"type":"TOTAL","count":3456999,"amount":8.967471837097118E9}},{"entityName":"pashchim champaran","metric":{"type":"TOTAL","count":3418382,"amount":9.047860514271101E9}},{"entityName":"madhubani","metric":{"type":"TOTAL","count":3251471,"amount":8.809359759376596E9}},{"entityName":"saran","metric":{"type":"TOTAL","count":3020459,"amount":7.4240267810438E9}},{"entityName":"samastipur","metric":{"type":"TOTAL","count":2833659,"amount":7.326852418778886E9}}],"pincodes":[{"entityName":"800001","metric":{"type":"TOTAL","count":30937663,"amount":6.807123495367711E10}},{"entityName":"800006","metric":{"type":"TOTAL","count":1445408,"amount":2.0442159994083529E9}},{"entityName":"812002","metric":{"type":"TOTAL","count":1294407,"amount":2.9748247251937957E9}},{"entityName":"800020","metric":{"type":"TOTAL","count":1280068,"amount":2.479435418426359E9}},{"entityName":"842002","metric":{"type":"TOTAL","count":1073211,"amount":2.482912331330185E9}},{"entityName":"845401","metric":{"type":"TOTAL","count":1055075,"amount":2.4647589400598054E9}},{"entityName":"845438","metric":{"type":"TOTAL","count":880745,"amount":2.0881933138245957E9}},{"entityName":"854301","metric":{"type":"TOTAL","count":875185,"amount":1.9584030807084646E9}},{"entityName":"846004","metric":{"type":"TOTAL","count":807152,"amount":1.824715535394949E9}},{"entityName":"823001","metric":{"type":"TOTAL","count":796129,"amount":1.672251870901363E9}}]},"responseTimestamp":1630501493767}