{"success":true,"code":"SUCCESS","data":{"states":null,"districts":[{"entityName":"patna","metric":{"type":"TOTAL","count":53400850,"amount":1.1493639815199364E11}},{"entityName":"muzaffarpur","metric":{"type":"TOTAL","count":6872504,"amount":1.701979109077851E10}},{"entityName":"purbi champaran","metric":{"type":"TOTAL","count":6300129,"amount":1.5889825388130198E10}},{"entityName":"bhagalpur","metric":{"type":"TOTAL","count":5068435,"amount":1.1733711173397738E10}},{"entityName":"darbhanga","metric":{"type":"TOTAL","count":4739297,"amount":1.1767784404765148E10}},{"entityName":"gaya","metric":{"type":"TOTAL","count":4732185,"amount":1.1427447209341698E10}},{"entityName":"siwan","metric":{"type":"TOTAL","count":4705097,"amount":1.1418849549141577E10}},{"entityName":"madhubani","metric":{"type":"TOTAL","count":4695466,"amount":1.1634612114699203E10}},{"entityName":"pashchim champaran","metric":{"type":"TOTAL","count":4672176,"amount":1.1234841877680363E10}},{"entityName":"saran","metric":{"type":"TOTAL","count":4392087,"amount":1.0815034968865551E10}}],"pincodes":[{"entityName":"800001","metric":{"type":"TOTAL","count":42836603,"amount":9.178168081121814E10}},{"entityName":"812002","metric":{"type":"TOTAL","count":1958899,"amount":4.2097454609281955E9}},{"entityName":"842002","metric":{"type":"TOTAL","count":1370353,"amount":3.1401351854347143E9}},{"entityName":"845401","metric":{"type":"TOTAL","count":1210441,"amount":2.882777813509632E9}},{"entityName":"841226","metric":{"type":"TOTAL","count":1204361,"amount":2.9144091255978727E9}},{"entityName":"800020","metric":{"type":"TOTAL","count":1161642,"amount":2.546006675163774E9}},{"entityName":"854301","metric":{"type":"TOTAL","count":1152369,"amount":2.512968861202764E9}},{"entityName":"845438","metric":{"type":"TOTAL","count":1057650,"amount":2.4520072615639763E9}},{"entityName":"800006","metric":{"type":"TOTAL","count":963330,"amount":1.6337759086278162E9}},{"entityName":"846004","metric":{"type":"TOTAL","count":960198,"amount":2.2119384960879173E9}}]},"responseTimestamp":1630501494202}