{"success":true,"code":"SUCCESS","data":{"states":null,"districts":[{"entityName":"patna","metric":{"type":"TOTAL","count":65085179,"amount":1.2037797708917227E11}},{"entityName":"muzaffarpur","metric":{"type":"TOTAL","count":8663460,"amount":1.908850521398187E10}},{"entityName":"purbi champaran","metric":{"type":"TOTAL","count":7528149,"amount":1.7061553144485748E10}},{"entityName":"siwan","metric":{"type":"TOTAL","count":6975763,"amount":1.455532681265278E10}},{"entityName":"bhagalpur","metric":{"type":"TOTAL","count":6299248,"amount":1.2979510129599648E10}},{"entityName":"gaya","metric":{"type":"TOTAL","count":5929649,"amount":1.2593071265983114E10}},{"entityName":"darbhanga","metric":{"type":"TOTAL","count":5791524,"amount":1.2557911471466785E10}},{"entityName":"pashchim champaran","metric":{"type":"TOTAL","count":5626291,"amount":1.2052580759045246E10}},{"entityName":"madhubani","metric":{"type":"TOTAL","count":5236281,"amount":1.1442243635127468E10}},{"entityName":"saran","metric":{"type":"TOTAL","count":4909074,"amount":1.0653230755208593E10}}],"pincodes":[{"entityName":"800001","metric":{"type":"TOTAL","count":49086869,"amount":9.06447990902764E10}},{"entityName":"841226","metric":{"type":"TOTAL","count":3136176,"amount":6.373472507674763E9}},{"entityName":"812002","metric":{"type":"TOTAL","count":2391694,"amount":4.501959195287657E9}},{"entityName":"800006","metric":{"type":"TOTAL","count":2154675,"amount":2.746295026280852E9}},{"entityName":"842002","metric":{"type":"TOTAL","count":2020953,"amount":4.045865094119522E9}},{"entityName":"800020","metric":{"type":"TOTAL","count":1925842,"amount":3.513843210046955E9}},{"entityName":"845401","metric":{"type":"TOTAL","count":1804737,"amount":3.5662981251719537E9}},{"entityName":"854301","metric":{"type":"TOTAL","count":1606525,"amount":3.0588857102587314E9}},{"entityName":"845438","metric":{"type":"TOTAL","count":1511332,"amount":2.977354343512985E9}},{"entityName":"846004","metric":{"type":"TOTAL","count":1447174,"amount":2.771835531673978E9}}]},"responseTimestamp":1634575091274}