{"success":true,"code":"SUCCESS","data":{"states":null,"districts":[{"entityName":"patna","metric":{"type":"TOTAL","count":81765610,"amount":1.5129316459691888E11}},{"entityName":"muzaffarpur","metric":{"type":"TOTAL","count":11287438,"amount":2.529488368287165E10}},{"entityName":"purbi champaran","metric":{"type":"TOTAL","count":9979391,"amount":2.2867973830953423E10}},{"entityName":"siwan","metric":{"type":"TOTAL","count":9398007,"amount":2.0337077706726944E10}},{"entityName":"bhagalpur","metric":{"type":"TOTAL","count":8447521,"amount":1.730624334592068E10}},{"entityName":"gaya","metric":{"type":"TOTAL","count":7707242,"amount":1.6641218690213781E10}},{"entityName":"pashchim champaran","metric":{"type":"TOTAL","count":7557978,"amount":1.6286679057963713E10}},{"entityName":"darbhanga","metric":{"type":"TOTAL","count":7502523,"amount":1.612637290044347E10}},{"entityName":"madhubani","metric":{"type":"TOTAL","count":7114778,"amount":1.5424171780635149E10}},{"entityName":"saran","metric":{"type":"TOTAL","count":6615773,"amount":1.5141561808042286E10}}],"pincodes":[{"entityName":"800001","metric":{"type":"TOTAL","count":61784983,"amount":1.1348517557040103E11}},{"entityName":"841226","metric":{"type":"TOTAL","count":4134836,"amount":8.617697171374226E9}},{"entityName":"812002","metric":{"type":"TOTAL","count":3254302,"amount":6.156915115340891E9}},{"entityName":"800006","metric":{"type":"TOTAL","count":2762725,"amount":3.4446749153407526E9}},{"entityName":"842002","metric":{"type":"TOTAL","count":2561099,"amount":5.234830929330323E9}},{"entityName":"845401","metric":{"type":"TOTAL","count":2321752,"amount":4.686759487073237E9}},{"entityName":"800020","metric":{"type":"TOTAL","count":2294503,"amount":4.227392430736985E9}},{"entityName":"854301","metric":{"type":"TOTAL","count":2071847,"amount":3.903483960609567E9}},{"entityName":"845438","metric":{"type":"TOTAL","count":2009563,"amount":3.9574536910116835E9}},{"entityName":"846004","metric":{"type":"TOTAL","count":1833248,"amount":3.5230498094738984E9}}]},"responseTimestamp":1643295706225}