{"success":true,"code":"SUCCESS","data":{"states":null,"districts":[{"name":"bengaluru urban","registeredUsers":12707664},{"name":"belagavi","registeredUsers":1477767},{"name":"mysuru","registeredUsers":1410095},{"name":"tumakuru","registeredUsers":966743},{"name":"dakshina kannada","registeredUsers":965225},{"name":"ballari","registeredUsers":926458},{"name":"dharwad","registeredUsers":925787},{"name":"bengaluru rural","registeredUsers":833284},{"name":"kalaburagi","registeredUsers":788989},{"name":"vijayapura","registeredUsers":714643}],"pincodes":[{"name":"560068","registeredUsers":545827},{"name":"560078","registeredUsers":388154},{"name":"560076","registeredUsers":366934},{"name":"560100","registeredUsers":323960},{"name":"560043","registeredUsers":323435},{"name":"560058","registeredUsers":322689},{"name":"560091","registeredUsers":321685},{"name":"560037","registeredUsers":313105},{"name":"560064","registeredUsers":289243},{"name":"560079","registeredUsers":285716}]},"responseTimestamp":1651127668711}