{"success":true,"code":"SUCCESS","data":{"states":null,"districts":[{"name":"gurugram","registeredUsers":1159832},{"name":"faridabad","registeredUsers":634024},{"name":"hisar","registeredUsers":245236},{"name":"rewari","registeredUsers":207051},{"name":"sonipat","registeredUsers":199593},{"name":"panipat","registeredUsers":181548},{"name":"karnal","registeredUsers":177042},{"name":"rohtak","registeredUsers":147392},{"name":"sirsa","registeredUsers":146936},{"name":"palwal","registeredUsers":141953}],"pincodes":[{"name":"122001","registeredUsers":194366},{"name":"121004","registeredUsers":144318},{"name":"121003","registeredUsers":125626},{"name":"121001","registeredUsers":122040},{"name":"122002","registeredUsers":102287},{"name":"122006","registeredUsers":101815},{"name":"124001","registeredUsers":83228},{"name":"122051","registeredUsers":81253},{"name":"121102","registeredUsers":80409},{"name":"123401","registeredUsers":80255}]},"responseTimestamp":1630501496482}