{"success":true,"code":"SUCCESS","data":{"states":null,"districts":[{"name":"gurugram","registeredUsers":1307319},{"name":"faridabad","registeredUsers":716593},{"name":"hisar","registeredUsers":277720},{"name":"rewari","registeredUsers":238349},{"name":"sonipat","registeredUsers":230883},{"name":"panipat","registeredUsers":208172},{"name":"karnal","registeredUsers":204255},{"name":"rohtak","registeredUsers":169372},{"name":"palwal","registeredUsers":165665},{"name":"sirsa","registeredUsers":163468}],"pincodes":[{"name":"122001","registeredUsers":217913},{"name":"121004","registeredUsers":164350},{"name":"121003","registeredUsers":141046},{"name":"121001","registeredUsers":138083},{"name":"122002","registeredUsers":115060},{"name":"122006","registeredUsers":114395},{"name":"124001","registeredUsers":94885},{"name":"121102","registeredUsers":93648},{"name":"123401","registeredUsers":92297},{"name":"122051","registeredUsers":90453}]},"responseTimestamp":1630501497074}