{"success":true,"code":"SUCCESS","data":{"states":null,"districts":[{"name":"gurugram","registeredUsers":1447473},{"name":"faridabad","registeredUsers":792884},{"name":"hisar","registeredUsers":308179},{"name":"rewari","registeredUsers":266893},{"name":"sonipat","registeredUsers":261554},{"name":"panipat","registeredUsers":235346},{"name":"karnal","registeredUsers":230603},{"name":"rohtak","registeredUsers":190137},{"name":"palwal","registeredUsers":188217},{"name":"jhajjar","registeredUsers":185095}],"pincodes":[{"name":"122001","registeredUsers":239679},{"name":"121004","registeredUsers":182786},{"name":"121003","registeredUsers":155581},{"name":"121001","registeredUsers":152399},{"name":"122002","registeredUsers":126886},{"name":"122006","registeredUsers":126740},{"name":"121102","registeredUsers":106171},{"name":"124001","registeredUsers":105974},{"name":"123401","registeredUsers":103749},{"name":"122004","registeredUsers":99827}]},"responseTimestamp":1630501497554}