{"success":true,"code":"SUCCESS","data":{"states":null,"districts":[{"entityName":"hyderabad","metric":{"type":"TOTAL","count":372711414,"amount":6.615125021410775E11}},{"entityName":"rangareddy","metric":{"type":"TOTAL","count":127675017,"amount":2.1660988138040106E11}},{"entityName":"medchal malkajgiri","metric":{"type":"TOTAL","count":110893187,"amount":1.8516827098338605E11}},{"entityName":"warangal urban","metric":{"type":"TOTAL","count":27504554,"amount":5.695428826023642E10}},{"entityName":"sangareddy","metric":{"type":"TOTAL","count":27250369,"amount":5.075404122975235E10}},{"entityName":"nalgonda","metric":{"type":"TOTAL","count":17014104,"amount":3.928484278064408E10}},{"entityName":"khammam","metric":{"type":"TOTAL","count":15266245,"amount":3.589447274154594E10}},{"entityName":"karimnagar","metric":{"type":"TOTAL","count":14698433,"amount":3.2332888869973804E10}},{"entityName":"nizamabad","metric":{"type":"TOTAL","count":13749642,"amount":3.3996713436015533E10}},{"entityName":"siddipet","metric":{"type":"TOTAL","count":11464769,"amount":2.5404779557018036E10}}],"pincodes":[{"entityName":"500001","metric":{"type":"TOTAL","count":248675599,"amount":4.609487557221826E11}},{"entityName":"500072","metric":{"type":"TOTAL","count":20739218,"amount":3.232621807030701E10}},{"entityName":"500018","metric":{"type":"TOTAL","count":12828306,"amount":2.0721253232749943E10}},{"entityName":"500081","metric":{"type":"TOTAL","count":9614248,"amount":1.196255611121791E10}},{"entityName":"500039","metric":{"type":"TOTAL","count":8602268,"amount":1.4279519227676981E10}},{"entityName":"500055","metric":{"type":"TOTAL","count":8477965,"amount":1.4589584095827675E10}},{"entityName":"500008","metric":{"type":"TOTAL","count":8162246,"amount":1.2680603631351318E10}},{"entityName":"500016","metric":{"type":"TOTAL","count":8148392,"amount":1.1175639127495972E10}},{"entityName":"505001","metric":{"type":"TOTAL","count":7982445,"amount":1.777689537323894E10}},{"entityName":"500032","metric":{"type":"TOTAL","count":7613988,"amount":9.361896540618912E9}}]},"responseTimestamp":1651127607719}