{"success":true,"code":"SUCCESS","data":{"states":null,"districts":[{"entityName":"imphal west","metric":{"type":"TOTAL","count":79612,"amount":2.0567625893003774E8}},{"entityName":"imphal east","metric":{"type":"TOTAL","count":65076,"amount":1.4761107893080652E8}},{"entityName":"thoubal","metric":{"type":"TOTAL","count":24257,"amount":4.721097600123881E7}},{"entityName":"bishnupur","metric":{"type":"TOTAL","count":19486,"amount":4.819328139036341E7}},{"entityName":"churachandpur","metric":{"type":"TOTAL","count":16940,"amount":5.336048320022403E7}},{"entityName":"kangpokpi","metric":{"type":"TOTAL","count":15937,"amount":4.222505252830845E7}},{"entityName":"kakching","metric":{"type":"TOTAL","count":6683,"amount":1.377481129579331E7}},{"entityName":"tamenglong","metric":{"type":"TOTAL","count":6373,"amount":1.3975000543136505E7}},{"entityName":"ukhrul","metric":{"type":"TOTAL","count":6222,"amount":1.6838560888422478E7}},{"entityName":"tengnoupal","metric":{"type":"TOTAL","count":6064,"amount":2.1054191304917276E7}}],"pincodes":[{"entityName":"795004","metric":{"type":"TOTAL","count":35245,"amount":1.0963494430257642E8}},{"entityName":"795001","metric":{"type":"TOTAL","count":24838,"amount":5.672746816179132E7}},{"entityName":"795002","metric":{"type":"TOTAL","count":12432,"amount":2.5977979478554804E7}},{"entityName":"795138","metric":{"type":"TOTAL","count":11157,"amount":2.2901903302165523E7}},{"entityName":"795133","metric":{"type":"TOTAL","count":9791,"amount":2.1402954883938394E7}},{"entityName":"795148","metric":{"type":"TOTAL","count":9570,"amount":1.9123565136399906E7}},{"entityName":"795132","metric":{"type":"TOTAL","count":9340,"amount":1.823501820897458E7}},{"entityName":"795107","metric":{"type":"TOTAL","count":8646,"amount":2.3565468844109796E7}},{"entityName":"795149","metric":{"type":"TOTAL","count":8393,"amount":2.4871786666982573E7}},{"entityName":"795128","metric":{"type":"TOTAL","count":8185,"amount":2.7756732496665865E7}}]},"responseTimestamp":1630501490253}