{"success":true,"code":"SUCCESS","data":{"states":null,"districts":[{"entityName":"imphal west","metric":{"type":"TOTAL","count":78677,"amount":2.3205665171484104E8}},{"entityName":"imphal east","metric":{"type":"TOTAL","count":60830,"amount":1.63251483394072E8}},{"entityName":"thoubal","metric":{"type":"TOTAL","count":20528,"amount":5.0609235604754716E7}},{"entityName":"bishnupur","metric":{"type":"TOTAL","count":17577,"amount":4.164599198921693E7}},{"entityName":"kangpokpi","metric":{"type":"TOTAL","count":16230,"amount":4.712936010420917E7}},{"entityName":"churachandpur","metric":{"type":"TOTAL","count":15958,"amount":5.297489807418257E7}},{"entityName":"ukhrul","metric":{"type":"TOTAL","count":7984,"amount":2.1521804282437496E7}},{"entityName":"kakching","metric":{"type":"TOTAL","count":6912,"amount":1.610658207225971E7}},{"entityName":"jiribam","metric":{"type":"TOTAL","count":6285,"amount":1.727032113495752E7}},{"entityName":"tengnoupal","metric":{"type":"TOTAL","count":6226,"amount":2.2523708105631053E7}}],"pincodes":[{"entityName":"795004","metric":{"type":"TOTAL","count":36187,"amount":1.2078120948124579E8}},{"entityName":"795001","metric":{"type":"TOTAL","count":28023,"amount":7.73891345047512E7}},{"entityName":"795002","metric":{"type":"TOTAL","count":10533,"amount":3.000954278850165E7}},{"entityName":"795138","metric":{"type":"TOTAL","count":9739,"amount":2.724871895561669E7}},{"entityName":"795133","metric":{"type":"TOTAL","count":8834,"amount":2.1011673359420665E7}},{"entityName":"795148","metric":{"type":"TOTAL","count":8578,"amount":1.848466343130917E7}},{"entityName":"795107","metric":{"type":"TOTAL","count":8437,"amount":2.5768354482557006E7}},{"entityName":"795149","metric":{"type":"TOTAL","count":7257,"amount":2.0388901095304318E7}},{"entityName":"795128","metric":{"type":"TOTAL","count":7150,"amount":2.3400317826739278E7}},{"entityName":"795132","metric":{"type":"TOTAL","count":6820,"amount":1.6466061165612688E7}}]},"responseTimestamp":1630501490660}