{"success":true,"code":"SUCCESS","data":{"states":null,"districts":[{"entityName":"kolkata","metric":{"type":"TOTAL","count":33156725,"amount":6.7772051033458176E10}},{"entityName":"north twenty four parganas","metric":{"type":"TOTAL","count":15695125,"amount":2.7895823531579113E10}},{"entityName":"howrah","metric":{"type":"TOTAL","count":9971593,"amount":1.943307811820204E10}},{"entityName":"murshidabad","metric":{"type":"TOTAL","count":6771948,"amount":1.6548543048893997E10}},{"entityName":"south twenty four parganas","metric":{"type":"TOTAL","count":5599480,"amount":1.2117504304189785E10}},{"entityName":"hooghly","metric":{"type":"TOTAL","count":5418241,"amount":1.0168468111111834E10}},{"entityName":"purba medinipur","metric":{"type":"TOTAL","count":5365020,"amount":1.2827859644822784E10}},{"entityName":"nadia","metric":{"type":"TOTAL","count":4539314,"amount":9.862089010152363E9}},{"entityName":"paschim bardhaman","metric":{"type":"TOTAL","count":4191623,"amount":7.5606559641510105E9}},{"entityName":"paschim medinipur","metric":{"type":"TOTAL","count":4172851,"amount":8.823590467006695E9}}],"pincodes":[{"entityName":"700009","metric":{"type":"TOTAL","count":22636620,"amount":4.658832773358736E10}},{"entityName":"711102","metric":{"type":"TOTAL","count":5734421,"amount":1.0777546057591124E10}},{"entityName":"734006","metric":{"type":"TOTAL","count":1871322,"amount":4.344022420400597E9}},{"entityName":"742133","metric":{"type":"TOTAL","count":1235856,"amount":2.760424401157083E9}},{"entityName":"700156","metric":{"type":"TOTAL","count":991540,"amount":1.1106183168021083E9}},{"entityName":"700091","metric":{"type":"TOTAL","count":781840,"amount":8.669015915190085E8}},{"entityName":"742149","metric":{"type":"TOTAL","count":775245,"amount":2.0446582916664915E9}},{"entityName":"700135","metric":{"type":"TOTAL","count":687739,"amount":1.0836193966908376E9}},{"entityName":"721401","metric":{"type":"TOTAL","count":599657,"amount":1.400831128307355E9}},{"entityName":"711101","metric":{"type":"TOTAL","count":558058,"amount":1.3557165284390376E9}}]},"responseTimestamp":1630501494202}