{"success":true,"code":"SUCCESS","data":{"states":null,"districts":[{"entityName":"kolkata","metric":{"type":"TOTAL","count":41726247,"amount":8.095485043857185E10}},{"entityName":"north twenty four parganas","metric":{"type":"TOTAL","count":17258291,"amount":3.0414821772928673E10}},{"entityName":"howrah","metric":{"type":"TOTAL","count":12238810,"amount":2.2440665027606167E10}},{"entityName":"murshidabad","metric":{"type":"TOTAL","count":8602251,"amount":1.9996935608243378E10}},{"entityName":"south twenty four parganas","metric":{"type":"TOTAL","count":6661813,"amount":1.3398529483673185E10}},{"entityName":"purba medinipur","metric":{"type":"TOTAL","count":6418522,"amount":1.5155067721273426E10}},{"entityName":"hooghly","metric":{"type":"TOTAL","count":6360194,"amount":1.161433414667925E10}},{"entityName":"nadia","metric":{"type":"TOTAL","count":5524174,"amount":1.1227582723377321E10}},{"entityName":"paschim medinipur","metric":{"type":"TOTAL","count":5051834,"amount":1.030351337879989E10}},{"entityName":"paschim bardhaman","metric":{"type":"TOTAL","count":4893774,"amount":8.731262893729904E9}}],"pincodes":[{"entityName":"700009","metric":{"type":"TOTAL","count":30775525,"amount":5.958722023194325E10}},{"entityName":"711102","metric":{"type":"TOTAL","count":7338611,"amount":1.2795005386802042E10}},{"entityName":"742133","metric":{"type":"TOTAL","count":1824550,"amount":3.827971541458259E9}},{"entityName":"734006","metric":{"type":"TOTAL","count":1408593,"amount":3.046563977403002E9}},{"entityName":"742149","metric":{"type":"TOTAL","count":1034721,"amount":2.677563395979683E9}},{"entityName":"700156","metric":{"type":"TOTAL","count":909284,"amount":1.0649687728302536E9}},{"entityName":"700135","metric":{"type":"TOTAL","count":752019,"amount":1.1515914571688068E9}},{"entityName":"700091","metric":{"type":"TOTAL","count":597506,"amount":7.191079696396759E8}},{"entityName":"711101","metric":{"type":"TOTAL","count":585991,"amount":1.3757164909898555E9}},{"entityName":"721401","metric":{"type":"TOTAL","count":577226,"amount":1.2977110886232083E9}}]},"responseTimestamp":1630501494543}