{"success":true,"code":"SUCCESS","data":{"states":null,"districts":[{"entityName":"kolkata","metric":{"type":"TOTAL","count":55166796,"amount":1.0853394784203369E11}},{"entityName":"north twenty four parganas","metric":{"type":"TOTAL","count":22393657,"amount":4.062122162104847E10}},{"entityName":"howrah","metric":{"type":"TOTAL","count":15377518,"amount":2.765309045095542E10}},{"entityName":"murshidabad","metric":{"type":"TOTAL","count":10931440,"amount":2.574890538953725E10}},{"entityName":"south twenty four parganas","metric":{"type":"TOTAL","count":8148035,"amount":1.7003261364446453E10}},{"entityName":"purba medinipur","metric":{"type":"TOTAL","count":7833998,"amount":1.8432252642503994E10}},{"entityName":"hooghly","metric":{"type":"TOTAL","count":7784199,"amount":1.486507830005121E10}},{"entityName":"nadia","metric":{"type":"TOTAL","count":6912466,"amount":1.5091309342981657E10}},{"entityName":"paschim bardhaman","metric":{"type":"TOTAL","count":6486598,"amount":1.145462609690325E10}},{"entityName":"paschim medinipur","metric":{"type":"TOTAL","count":6258901,"amount":1.2581282827778063E10}}],"pincodes":[{"entityName":"700009","metric":{"type":"TOTAL","count":39926216,"amount":7.719691860522375E10}},{"entityName":"711102","metric":{"type":"TOTAL","count":9206955,"amount":1.49309340928048E10}},{"entityName":"742133","metric":{"type":"TOTAL","count":2292921,"amount":4.859874627643962E9}},{"entityName":"734006","metric":{"type":"TOTAL","count":1705085,"amount":3.7176723736423197E9}},{"entityName":"700156","metric":{"type":"TOTAL","count":1306087,"amount":1.534276386236481E9}},{"entityName":"742149","metric":{"type":"TOTAL","count":1305795,"amount":3.443484100564053E9}},{"entityName":"700135","metric":{"type":"TOTAL","count":1005434,"amount":1.5826596148452787E9}},{"entityName":"700091","metric":{"type":"TOTAL","count":940363,"amount":1.083277712595924E9}},{"entityName":"711101","metric":{"type":"TOTAL","count":808176,"amount":1.998512392234737E9}},{"entityName":"700006","metric":{"type":"TOTAL","count":754099,"amount":1.7039927561582675E9}}]},"responseTimestamp":1634575099860}