{"success":true,"code":"SUCCESS","data":{"states":null,"districts":[{"entityName":"kolkata","metric":{"type":"TOTAL","count":65708533,"amount":1.3115678469210446E11}},{"entityName":"north twenty four parganas","metric":{"type":"TOTAL","count":28006815,"amount":5.140778086721379E10}},{"entityName":"howrah","metric":{"type":"TOTAL","count":20261475,"amount":3.64166940599693E10}},{"entityName":"murshidabad","metric":{"type":"TOTAL","count":13422646,"amount":3.3656929004291046E10}},{"entityName":"south twenty four parganas","metric":{"type":"TOTAL","count":9996197,"amount":2.2549554717599293E10}},{"entityName":"purba medinipur","metric":{"type":"TOTAL","count":9886889,"amount":2.3874294119021557E10}},{"entityName":"hooghly","metric":{"type":"TOTAL","count":9342381,"amount":1.891485106397778E10}},{"entityName":"nadia","metric":{"type":"TOTAL","count":8591598,"amount":1.9373295943918587E10}},{"entityName":"paschim bardhaman","metric":{"type":"TOTAL","count":8475007,"amount":1.5264204423795567E10}},{"entityName":"paschim medinipur","metric":{"type":"TOTAL","count":7894026,"amount":1.6639425790500774E10}}],"pincodes":[{"entityName":"700009","metric":{"type":"TOTAL","count":46428076,"amount":9.07993214947185E10}},{"entityName":"711102","metric":{"type":"TOTAL","count":12749759,"amount":2.008337875741756E10}},{"entityName":"742133","metric":{"type":"TOTAL","count":2683594,"amount":5.795333332213682E9}},{"entityName":"734006","metric":{"type":"TOTAL","count":2218838,"amount":4.9078417421466055E9}},{"entityName":"700156","metric":{"type":"TOTAL","count":1731568,"amount":1.9872358880925024E9}},{"entityName":"742149","metric":{"type":"TOTAL","count":1563443,"amount":4.2652861474143915E9}},{"entityName":"700135","metric":{"type":"TOTAL","count":1296523,"amount":2.0937259430209718E9}},{"entityName":"700091","metric":{"type":"TOTAL","count":1260052,"amount":1.4158344102875602E9}},{"entityName":"711101","metric":{"type":"TOTAL","count":1044694,"amount":2.620838295545903E9}},{"entityName":"700006","metric":{"type":"TOTAL","count":954743,"amount":2.234855421306493E9}}]},"responseTimestamp":1643295714974}