{"success":true,"code":"SUCCESS","data":{"aggregated":{"registeredUsers":20051,"appOpens":0},"usersByDevice":[{"brand":"Samsung","count":5534,"percentage":0.2759962096653534},{"brand":"Xiaomi","count":4679,"percentage":0.23335494489052916},{"brand":"Vivo","count":2155,"percentage":0.10747593636227619},{"brand":"Oppo","count":1825,"percentage":0.091017904343923},{"brand":"Apple","count":865,"percentage":0.0431399930178046},{"brand":"Realme","count":815,"percentage":0.040646351802902596},{"brand":"Lenovo","count":586,"percentage":0.02922547503865144},{"brand":"Motorola","count":575,"percentage":0.028676873971372998},{"brand":"OnePlus","count":528,"percentage":0.026332851229365118},{"brand":"Asus","count":308,"percentage":0.015360829883796319},{"brand":"Others","count":2181,"percentage":0.10877262979402523}]},"responseTimestamp":1630501494797}