{"success":true,"code":"SUCCESS","data":{"aggregated":{"registeredUsers":28097,"appOpens":0},"usersByDevice":[{"brand":"Samsung","count":7827,"percentage":0.27857066590739227},{"brand":"Xiaomi","count":6559,"percentage":0.2334412926646973},{"brand":"Vivo","count":3254,"percentage":0.1158130761291241},{"brand":"Oppo","count":2531,"percentage":0.09008079154358116},{"brand":"Apple","count":1120,"percentage":0.03986190696515642},{"brand":"Realme","count":1110,"percentage":0.03950599708153896},{"brand":"Motorola","count":773,"percentage":0.027511834003630282},{"brand":"Lenovo","count":759,"percentage":0.027013560166565826},{"brand":"OnePlus","count":690,"percentage":0.024557781969605296},{"brand":"Micromax","count":424,"percentage":0.015090579065380645},{"brand":"Others","count":3050,"percentage":0.10855251450332776}]},"responseTimestamp":1630501495308}