{"success":true,"code":"SUCCESS","data":{"aggregated":{"registeredUsers":37637,"appOpens":0},"usersByDevice":[{"brand":"Samsung","count":10790,"percentage":0.2866859739086537},{"brand":"Xiaomi","count":8637,"percentage":0.22948162712224673},{"brand":"Vivo","count":4649,"percentage":0.12352206605202327},{"brand":"Oppo","count":3465,"percentage":0.09206366075935914},{"brand":"Realme","count":1459,"percentage":0.038765045035470416},{"brand":"Apple","count":1423,"percentage":0.03780853946913941},{"brand":"Motorola","count":945,"percentage":0.025108271116188855},{"brand":"Lenovo","count":886,"percentage":0.0235406647713686},{"brand":"OnePlus","count":823,"percentage":0.021866780030289343},{"brand":"Micromax","count":570,"percentage":0.015144671466907565},{"brand":"Others","count":3990,"percentage":0.10601270026835295}]},"responseTimestamp":1630501495625}