{"success":true,"code":"SUCCESS","data":{"aggregated":{"registeredUsers":48538,"appOpens":0},"usersByDevice":[{"brand":"Samsung","count":14281,"percentage":0.2942230829453212},{"brand":"Xiaomi","count":11024,"percentage":0.22712101858337796},{"brand":"Vivo","count":6387,"percentage":0.13158762206930652},{"brand":"Oppo","count":4507,"percentage":0.09285508261568255},{"brand":"Realme","count":1848,"percentage":0.03807326218632824},{"brand":"Apple","count":1799,"percentage":0.03706374387078166},{"brand":"Motorola","count":1119,"percentage":0.023054101940747456},{"brand":"Lenovo","count":1038,"percentage":0.021385306357905146},{"brand":"OnePlus","count":969,"percentage":0.019963739750298734},{"brand":"Huawei","count":689,"percentage":0.014195063661461123},{"brand":"Others","count":4877,"percentage":0.1004779760187894}]},"responseTimestamp":1630501496347}