{"success":true,"code":"SUCCESS","data":{"aggregated":{"registeredUsers":241797,"appOpens":8661991},"usersByDevice":[{"brand":"Xiaomi","count":75533,"percentage":0.3123818740513737},{"brand":"Vivo","count":42814,"percentage":0.1770658858463918},{"brand":"Samsung","count":30669,"percentage":0.12683780195784067},{"brand":"Oppo","count":28344,"percentage":0.11722229804340004},{"brand":"Realme","count":18070,"percentage":0.07473210999309338},{"brand":"Apple","count":4751,"percentage":0.01964871359032577},{"brand":"Huawei","count":4623,"percentage":0.01911934391245549},{"brand":"Gionee","count":4004,"percentage":0.016559345235879683},{"brand":"Asus","count":3519,"percentage":0.014553530440824327},{"brand":"Micromax","count":2857,"percentage":0.011815696638088976},{"brand":"Others","count":26613,"percentage":0.11006340029032619}]},"responseTimestamp":1634575162182}