{"success":true,"code":"SUCCESS","data":{"states":null,"districts":[{"entityName":"dimapur","metric":{"type":"TOTAL","count":185428,"amount":4.97123725474146E8}},{"entityName":"kohima","metric":{"type":"TOTAL","count":68246,"amount":1.6048565056697804E8}},{"entityName":"mon","metric":{"type":"TOTAL","count":28668,"amount":5.677761599405684E7}},{"entityName":"mokokchung","metric":{"type":"TOTAL","count":22949,"amount":4.645813786198041E7}},{"entityName":"wokha","metric":{"type":"TOTAL","count":13752,"amount":2.24409946265017E7}},{"entityName":"tuensang","metric":{"type":"TOTAL","count":13234,"amount":2.9281215251009904E7}},{"entityName":"phek","metric":{"type":"TOTAL","count":13124,"amount":2.413550970029243E7}},{"entityName":"zunheboto","metric":{"type":"TOTAL","count":12812,"amount":2.3929943338847376E7}},{"entityName":"kiphire","metric":{"type":"TOTAL","count":8571,"amount":1.512729652352846E7}},{"entityName":"peren","metric":{"type":"TOTAL","count":6691,"amount":1.044950921674379E7}}],"pincodes":[{"entityName":"797112","metric":{"type":"TOTAL","count":76306,"amount":2.433071257446099E8}},{"entityName":"797103","metric":{"type":"TOTAL","count":27251,"amount":5.353714009514753E7}},{"entityName":"797115","metric":{"type":"TOTAL","count":23255,"amount":5.500435282759845E7}},{"entityName":"797001","metric":{"type":"TOTAL","count":17901,"amount":4.376001479079929E7}},{"entityName":"797113","metric":{"type":"TOTAL","count":16973,"amount":4.474729773667832E7}},{"entityName":"797120","metric":{"type":"TOTAL","count":14323,"amount":3.3062853896179806E7}},{"entityName":"798601","metric":{"type":"TOTAL","count":13325,"amount":2.432969213370955E7}},{"entityName":"798621","metric":{"type":"TOTAL","count":12550,"amount":2.0372023425665107E7}},{"entityName":"797118","metric":{"type":"TOTAL","count":12223,"amount":2.930888978448297E7}},{"entityName":"797003","metric":{"type":"TOTAL","count":11879,"amount":2.790446643077227E7}}]},"responseTimestamp":1630501491745}