{"success":true,"code":"SUCCESS","data":{"states":null,"districts":[{"entityName":"dimapur","metric":{"type":"TOTAL","count":232533,"amount":5.64581175022531E8}},{"entityName":"kohima","metric":{"type":"TOTAL","count":98852,"amount":2.3505640918486094E8}},{"entityName":"mon","metric":{"type":"TOTAL","count":42193,"amount":7.268154971193531E7}},{"entityName":"mokokchung","metric":{"type":"TOTAL","count":34034,"amount":5.955106418105074E7}},{"entityName":"phek","metric":{"type":"TOTAL","count":21862,"amount":3.956262289144808E7}},{"entityName":"tuensang","metric":{"type":"TOTAL","count":19823,"amount":4.7286166881044514E7}},{"entityName":"wokha","metric":{"type":"TOTAL","count":19427,"amount":3.073435010048492E7}},{"entityName":"zunheboto","metric":{"type":"TOTAL","count":18146,"amount":3.425074554624535E7}},{"entityName":"peren","metric":{"type":"TOTAL","count":11337,"amount":1.7709802025017656E7}},{"entityName":"kiphire","metric":{"type":"TOTAL","count":11097,"amount":2.1770604465474274E7}}],"pincodes":[{"entityName":"797112","metric":{"type":"TOTAL","count":88683,"amount":2.49630838837386E8}},{"entityName":"797103","metric":{"type":"TOTAL","count":32308,"amount":6.5612323840508595E7}},{"entityName":"797115","metric":{"type":"TOTAL","count":31008,"amount":7.643603542271343E7}},{"entityName":"797001","metric":{"type":"TOTAL","count":28883,"amount":7.147517012986493E7}},{"entityName":"797113","metric":{"type":"TOTAL","count":22515,"amount":5.1332997993564636E7}},{"entityName":"798621","metric":{"type":"TOTAL","count":20100,"amount":3.2531171159068495E7}},{"entityName":"797120","metric":{"type":"TOTAL","count":19152,"amount":4.524890751551339E7}},{"entityName":"797003","metric":{"type":"TOTAL","count":19071,"amount":4.751793945894703E7}},{"entityName":"798601","metric":{"type":"TOTAL","count":18131,"amount":3.152643127158023E7}},{"entityName":"797118","metric":{"type":"TOTAL","count":16663,"amount":3.654590836242841E7}}]},"responseTimestamp":1630501492169}