{"success":true,"code":"SUCCESS","data":{"states":null,"districts":[{"entityName":"dimapur","metric":{"type":"TOTAL","count":352179,"amount":1.122771447128912E9}},{"entityName":"kohima","metric":{"type":"TOTAL","count":149404,"amount":4.3865989111601055E8}},{"entityName":"mon","metric":{"type":"TOTAL","count":53050,"amount":8.595585855902226E7}},{"entityName":"mokokchung","metric":{"type":"TOTAL","count":43164,"amount":8.359057572604279E7}},{"entityName":"wokha","metric":{"type":"TOTAL","count":28806,"amount":4.748698541741961E7}},{"entityName":"phek","metric":{"type":"TOTAL","count":26004,"amount":5.3114140440056756E7}},{"entityName":"tuensang","metric":{"type":"TOTAL","count":25719,"amount":5.926646687175436E7}},{"entityName":"zunheboto","metric":{"type":"TOTAL","count":21556,"amount":4.484537193193043E7}},{"entityName":"peren","metric":{"type":"TOTAL","count":13958,"amount":2.525837620171611E7}},{"entityName":"kiphire","metric":{"type":"TOTAL","count":12462,"amount":2.9101447582055062E7}}],"pincodes":[{"entityName":"797112","metric":{"type":"TOTAL","count":178964,"amount":6.65331371076982E8}},{"entityName":"797001","metric":{"type":"TOTAL","count":71360,"amount":2.4110429632871014E8}},{"entityName":"797115","metric":{"type":"TOTAL","count":38361,"amount":1.0146011362116483E8}},{"entityName":"797103","metric":{"type":"TOTAL","count":37605,"amount":9.207196928847097E7}},{"entityName":"797113","metric":{"type":"TOTAL","count":29611,"amount":7.769537234052986E7}},{"entityName":"798621","metric":{"type":"TOTAL","count":27816,"amount":4.307319789448996E7}},{"entityName":"797111","metric":{"type":"TOTAL","count":24504,"amount":4.147502207565773E7}},{"entityName":"797120","metric":{"type":"TOTAL","count":23907,"amount":6.205817544706054E7}},{"entityName":"798601","metric":{"type":"TOTAL","count":22410,"amount":4.4877066460560605E7}},{"entityName":"798612","metric":{"type":"TOTAL","count":21724,"amount":5.0041249076603666E7}}]},"responseTimestamp":1630501493093}