{"success":true,"code":"SUCCESS","data":{"states":null,"districts":[{"entityName":"dimapur","metric":{"type":"TOTAL","count":422501,"amount":1.5494140482654052E9}},{"entityName":"kohima","metric":{"type":"TOTAL","count":168861,"amount":5.2895065529797715E8}},{"entityName":"mon","metric":{"type":"TOTAL","count":51806,"amount":1.4905580279705116E8}},{"entityName":"mokokchung","metric":{"type":"TOTAL","count":48813,"amount":1.2915862372713923E8}},{"entityName":"wokha","metric":{"type":"TOTAL","count":33080,"amount":7.721546614300685E7}},{"entityName":"tuensang","metric":{"type":"TOTAL","count":29583,"amount":9.251240356008916E7}},{"entityName":"phek","metric":{"type":"TOTAL","count":28612,"amount":7.51697164752171E7}},{"entityName":"zunheboto","metric":{"type":"TOTAL","count":23475,"amount":6.079447132764542E7}},{"entityName":"peren","metric":{"type":"TOTAL","count":14947,"amount":3.7707510796402484E7}},{"entityName":"longleng","metric":{"type":"TOTAL","count":13202,"amount":3.4760738476595946E7}}],"pincodes":[{"entityName":"797112","metric":{"type":"TOTAL","count":218369,"amount":8.674412760876397E8}},{"entityName":"797001","metric":{"type":"TOTAL","count":78891,"amount":2.712131293211592E8}},{"entityName":"797115","metric":{"type":"TOTAL","count":44632,"amount":1.505814739898206E8}},{"entityName":"797103","metric":{"type":"TOTAL","count":42188,"amount":1.3225348034623227E8}},{"entityName":"797113","metric":{"type":"TOTAL","count":35869,"amount":1.2240085419522387E8}},{"entityName":"797120","metric":{"type":"TOTAL","count":29640,"amount":9.314036140278533E7}},{"entityName":"797111","metric":{"type":"TOTAL","count":27804,"amount":6.791267628117085E7}},{"entityName":"798621","metric":{"type":"TOTAL","count":26081,"amount":8.30863370285494E7}},{"entityName":"798601","metric":{"type":"TOTAL","count":25872,"amount":7.131319879825342E7}},{"entityName":"798612","metric":{"type":"TOTAL","count":25220,"amount":8.04025690913528E7}}]},"responseTimestamp":1630501493518}