{"success":true,"code":"SUCCESS","data":{"hoverData":{"puducherry":{"registeredUsers":230908,"appOpens":3820943},"tamil nadu":{"registeredUsers":10872368,"appOpens":179908753},"uttar pradesh":{"registeredUsers":20136256,"appOpens":374282083},"madhya pradesh":{"registeredUsers":10151371,"appOpens":262452480},"andhra pradesh":{"registeredUsers":13022060,"appOpens":486513773},"tripura":{"registeredUsers":299962,"appOpens":4063223},"lakshadweep":{"registeredUsers":2772,"appOpens":21982},"manipur":{"registeredUsers":177374,"appOpens":2175642},"maharashtra":{"registeredUsers":26168390,"appOpens":615146568},"dadra & nagar haveli & daman & diu":{"registeredUsers":218496,"appOpens":4195122},"meghalaya":{"registeredUsers":113814,"appOpens":1716211},"andaman & nicobar islands":{"registeredUsers":28368,"appOpens":193586},"haryana":{"registeredUsers":7018770,"appOpens":157793468},"rajasthan":{"registeredUsers":12142053,"appOpens":341815756},"ladakh":{"registeredUsers":47790,"appOpens":590484},"punjab":{"registeredUsers":3739502,"appOpens":53853710},"assam":{"registeredUsers":2185938,"appOpens":33097892},"jharkhand":{"registeredUsers":3651393,"appOpens":74014713},"odisha":{"registeredUsers":6652970,"appOpens":175918622},"bihar":{"registeredUsers":9351234,"appOpens":183868505},"kerala":{"registeredUsers":4078316,"appOpens":46396398},"karnataka":{"registeredUsers":17016980,"appOpens":626488036},"chandigarh":{"registeredUsers":312887,"appOpens":5201211},"telangana":{"registeredUsers":12306860,"appOpens":454723816},"himachal pradesh":{"registeredUsers":1106025,"appOpens":14640104},"west bengal":{"registeredUsers":11960822,"appOpens":207068218},"gujarat":{"registeredUsers":10259843,"appOpens":165605122},"sikkim":{"registeredUsers":104631,"appOpens":1697163},"nagaland":{"registeredUsers":107143,"appOpens":1684520},"mizoram":{"registeredUsers":46499,"appOpens":644683},"chhattisgarh":{"registeredUsers":3016487,"appOpens":64224101},"jammu & kashmir":{"registeredUsers":735408,"appOpens":4476894},"goa":{"registeredUsers":391900,"appOpens":7147233},"arunachal pradesh":{"registeredUsers":149066,"appOpens":2598321},"delhi":{"registeredUsers":7826197,"appOpens":178263986},"uttarakhand":{"registeredUsers":1943606,"appOpens":32631265}}},"responseTimestamp":1630502909458}