{"success":true,"code":"SUCCESS","data":{"hoverData":{"puducherry":{"registeredUsers":255600,"appOpens":3057608},"tamil nadu":{"registeredUsers":12150786,"appOpens":144907447},"uttar pradesh":{"registeredUsers":22498519,"appOpens":383703534},"madhya pradesh":{"registeredUsers":11374423,"appOpens":253770044},"andhra pradesh":{"registeredUsers":14319675,"appOpens":494341698},"tripura":{"registeredUsers":336666,"appOpens":4443221},"lakshadweep":{"registeredUsers":3187,"appOpens":29202},"manipur":{"registeredUsers":215496,"appOpens":3011491},"maharashtra":{"registeredUsers":28765086,"appOpens":506354812},"dadra & nagar haveli & daman & diu":{"registeredUsers":244814,"appOpens":4505127},"meghalaya":{"registeredUsers":136211,"appOpens":2205253},"andaman & nicobar islands":{"registeredUsers":32710,"appOpens":305072},"haryana":{"registeredUsers":7682878,"appOpens":143650123},"rajasthan":{"registeredUsers":13563201,"appOpens":329941181},"ladakh":{"registeredUsers":53034,"appOpens":695673},"punjab":{"registeredUsers":4225481,"appOpens":51289576},"assam":{"registeredUsers":2550883,"appOpens":39304924},"jharkhand":{"registeredUsers":4061035,"appOpens":76339276},"odisha":{"registeredUsers":7258315,"appOpens":154682772},"bihar":{"registeredUsers":10603767,"appOpens":218435035},"kerala":{"registeredUsers":4728844,"appOpens":45832953},"karnataka":{"registeredUsers":18655366,"appOpens":490510075},"chandigarh":{"registeredUsers":336351,"appOpens":3451250},"telangana":{"registeredUsers":13378191,"appOpens":367130505},"himachal pradesh":{"registeredUsers":1249867,"appOpens":16125580},"west bengal":{"registeredUsers":13222022,"appOpens":198589332},"gujarat":{"registeredUsers":11392657,"appOpens":155264359},"sikkim":{"registeredUsers":119921,"appOpens":1912335},"nagaland":{"registeredUsers":130205,"appOpens":2119279},"mizoram":{"registeredUsers":55574,"appOpens":739308},"chhattisgarh":{"registeredUsers":3401658,"appOpens":68493384},"jammu & kashmir":{"registeredUsers":845294,"appOpens":9856653},"goa":{"registeredUsers":430639,"appOpens":5310126},"arunachal pradesh":{"registeredUsers":177534,"appOpens":3387006},"delhi":{"registeredUsers":8391139,"appOpens":142852253},"uttarakhand":{"registeredUsers":2148567,"appOpens":31074793}}},"responseTimestamp":1630502909458}