{"success":true,"code":"SUCCESS","data":{"hoverData":{"puducherry":{"registeredUsers":285173,"appOpens":4222159},"tamil nadu":{"registeredUsers":13643451,"appOpens":194683284},"uttar pradesh":{"registeredUsers":24838116,"appOpens":450784508},"madhya pradesh":{"registeredUsers":12564224,"appOpens":324850994},"andhra pradesh":{"registeredUsers":15692405,"appOpens":696300382},"tripura":{"registeredUsers":376731,"appOpens":5777908},"lakshadweep":{"registeredUsers":3644,"appOpens":32128},"manipur":{"registeredUsers":258563,"appOpens":3552375},"maharashtra":{"registeredUsers":31409513,"appOpens":668197101},"dadra & nagar haveli & daman & diu":{"registeredUsers":267946,"appOpens":4421499},"meghalaya":{"registeredUsers":157741,"appOpens":2384534},"andaman & nicobar islands":{"registeredUsers":41335,"appOpens":515565},"haryana":{"registeredUsers":8398816,"appOpens":188614769},"rajasthan":{"registeredUsers":14969412,"appOpens":436682870},"ladakh":{"registeredUsers":58401,"appOpens":1015680},"punjab":{"registeredUsers":4694233,"appOpens":58946732},"assam":{"registeredUsers":2830011,"appOpens":41875278},"jharkhand":{"registeredUsers":4480027,"appOpens":99318784},"odisha":{"registeredUsers":7901755,"appOpens":205597666},"bihar":{"registeredUsers":11763213,"appOpens":266652644},"kerala":{"registeredUsers":5582300,"appOpens":64309022},"karnataka":{"registeredUsers":20487550,"appOpens":693683212},"chandigarh":{"registeredUsers":362588,"appOpens":4888739},"telangana":{"registeredUsers":14590882,"appOpens":527781925},"himachal pradesh":{"registeredUsers":1378634,"appOpens":18411750},"west bengal":{"registeredUsers":14448366,"appOpens":246554831},"gujarat":{"registeredUsers":12467847,"appOpens":184402472},"sikkim":{"registeredUsers":134773,"appOpens":2156470},"nagaland":{"registeredUsers":173106,"appOpens":2868642},"mizoram":{"registeredUsers":68315,"appOpens":924865},"chhattisgarh":{"registeredUsers":3799386,"appOpens":86918606},"jammu & kashmir":{"registeredUsers":949819,"appOpens":11443454},"goa":{"registeredUsers":474962,"appOpens":6129766},"arunachal pradesh":{"registeredUsers":206046,"appOpens":4003421},"delhi":{"registeredUsers":9044174,"appOpens":190025029},"uttarakhand":{"registeredUsers":2365438,"appOpens":40377348}}},"responseTimestamp":1630502909458}