{"success":true,"code":"SUCCESS","data":{"hoverData":{"puducherry":{"registeredUsers":319626,"appOpens":6377136},"tamil nadu":{"registeredUsers":15357586,"appOpens":288233552},"uttar pradesh":{"registeredUsers":27249134,"appOpens":552220798},"madhya pradesh":{"registeredUsers":13737947,"appOpens":405571446},"andhra pradesh":{"registeredUsers":17076565,"appOpens":869078538},"tripura":{"registeredUsers":409110,"appOpens":6017249},"lakshadweep":{"registeredUsers":4179,"appOpens":41144},"manipur":{"registeredUsers":288772,"appOpens":3783432},"maharashtra":{"registeredUsers":34432631,"appOpens":952006770},"dadra & nagar haveli & daman & diu":{"registeredUsers":296493,"appOpens":6196436},"meghalaya":{"registeredUsers":176447,"appOpens":2745917},"andaman & nicobar islands":{"registeredUsers":52396,"appOpens":887208},"haryana":{"registeredUsers":9129873,"appOpens":236101307},"rajasthan":{"registeredUsers":16329494,"appOpens":511015109},"ladakh":{"registeredUsers":64853,"appOpens":1232757},"punjab":{"registeredUsers":5157868,"appOpens":71191183},"assam":{"registeredUsers":3106153,"appOpens":49321814},"jharkhand":{"registeredUsers":4917938,"appOpens":126310835},"odisha":{"registeredUsers":8598751,"appOpens":270085293},"bihar":{"registeredUsers":12889833,"appOpens":317056600},"kerala":{"registeredUsers":6387169,"appOpens":91415273},"karnataka":{"registeredUsers":22400182,"appOpens":935510690},"chandigarh":{"registeredUsers":391402,"appOpens":6477974},"telangana":{"registeredUsers":15927797,"appOpens":764614235},"himachal pradesh":{"registeredUsers":1508766,"appOpens":22001148},"west bengal":{"registeredUsers":15662093,"appOpens":291721919},"gujarat":{"registeredUsers":13605203,"appOpens":230497353},"sikkim":{"registeredUsers":148543,"appOpens":2478670},"nagaland":{"registeredUsers":192188,"appOpens":2922121},"mizoram":{"registeredUsers":78731,"appOpens":1096182},"chhattisgarh":{"registeredUsers":4190601,"appOpens":109900467},"jammu & kashmir":{"registeredUsers":1079022,"appOpens":16018751},"goa":{"registeredUsers":527584,"appOpens":10991118},"arunachal pradesh":{"registeredUsers":231292,"appOpens":4472667},"delhi":{"registeredUsers":9747968,"appOpens":243433752},"uttarakhand":{"registeredUsers":2596244,"appOpens":52564888}}},"responseTimestamp":1630502909461}