{"success":true,"code":"SUCCESS","data":{"states":null,"districts":[{"name":"dehradun","registeredUsers":147998},{"name":"haridwar","registeredUsers":104823},{"name":"udham singh nagar","registeredUsers":100236},{"name":"nainital","registeredUsers":49083},{"name":"pauri garhwal","registeredUsers":20425},{"name":"tehri garhwal","registeredUsers":13030},{"name":"almora","registeredUsers":11367},{"name":"pithoragarh","registeredUsers":8836},{"name":"chamoli","registeredUsers":7493},{"name":"uttarkashi","registeredUsers":5816}],"pincodes":[{"name":"248001","registeredUsers":43810},{"name":"263153","registeredUsers":29988},{"name":"263139","registeredUsers":27575},{"name":"249403","registeredUsers":21416},{"name":"247667","registeredUsers":19733},{"name":"244713","registeredUsers":16234},{"name":"248007","registeredUsers":13798},{"name":"263148","registeredUsers":10414},{"name":"249404","registeredUsers":9525},{"name":"248008","registeredUsers":9462}]},"responseTimestamp":1630501494876}