{"success":true,"code":"SUCCESS","data":{"states":null,"districts":[{"name":"dehradun","registeredUsers":198296},{"name":"haridwar","registeredUsers":140718},{"name":"udham singh nagar","registeredUsers":132549},{"name":"nainital","registeredUsers":65142},{"name":"pauri garhwal","registeredUsers":28153},{"name":"tehri garhwal","registeredUsers":18021},{"name":"almora","registeredUsers":15473},{"name":"pithoragarh","registeredUsers":12486},{"name":"chamoli","registeredUsers":10502},{"name":"uttarkashi","registeredUsers":8227}],"pincodes":[{"name":"248001","registeredUsers":57987},{"name":"263153","registeredUsers":39375},{"name":"263139","registeredUsers":35979},{"name":"249403","registeredUsers":28237},{"name":"247667","registeredUsers":25914},{"name":"244713","registeredUsers":21915},{"name":"248007","registeredUsers":18155},{"name":"263148","registeredUsers":13571},{"name":"249404","registeredUsers":12565},{"name":"248008","registeredUsers":12507}]},"responseTimestamp":1630501495385}