{"success":true,"code":"SUCCESS","data":{"states":null,"districts":[{"name":"dehradun","registeredUsers":246477},{"name":"haridwar","registeredUsers":174526},{"name":"udham singh nagar","registeredUsers":162754},{"name":"nainital","registeredUsers":79936},{"name":"pauri garhwal","registeredUsers":36059},{"name":"tehri garhwal","registeredUsers":23575},{"name":"almora","registeredUsers":20152},{"name":"pithoragarh","registeredUsers":16483},{"name":"chamoli","registeredUsers":14112},{"name":"uttarkashi","registeredUsers":10793}],"pincodes":[{"name":"248001","registeredUsers":71108},{"name":"263153","registeredUsers":47954},{"name":"263139","registeredUsers":43573},{"name":"249403","registeredUsers":34499},{"name":"247667","registeredUsers":31596},{"name":"244713","registeredUsers":27418},{"name":"248007","registeredUsers":22459},{"name":"263148","registeredUsers":16571},{"name":"249404","registeredUsers":15762},{"name":"248008","registeredUsers":15440}]},"responseTimestamp":1630501495712}