{"success":true,"code":"SUCCESS","data":{"states":null,"districts":[{"name":"dehradun","registeredUsers":306969},{"name":"haridwar","registeredUsers":217634},{"name":"udham singh nagar","registeredUsers":200079},{"name":"nainital","registeredUsers":98591},{"name":"pauri garhwal","registeredUsers":45898},{"name":"tehri garhwal","registeredUsers":30089},{"name":"almora","registeredUsers":26282},{"name":"pithoragarh","registeredUsers":21378},{"name":"chamoli","registeredUsers":18391},{"name":"uttarkashi","registeredUsers":14114}],"pincodes":[{"name":"248001","registeredUsers":88106},{"name":"263153","registeredUsers":58968},{"name":"263139","registeredUsers":53288},{"name":"249403","registeredUsers":42546},{"name":"247667","registeredUsers":39066},{"name":"244713","registeredUsers":34073},{"name":"248007","registeredUsers":27725},{"name":"263148","registeredUsers":20135},{"name":"249404","registeredUsers":19425},{"name":"248008","registeredUsers":19187}]},"responseTimestamp":1630501496351}