{"success":true,"code":"SUCCESS","data":{"hoverDataList":[{"name":"puducherry","metric":[{"type":"TOTAL","count":1033383,"amount":1.9600309804875922E9}]},{"name":"tamil nadu","metric":[{"type":"TOTAL","count":51870110,"amount":9.582650889684135E10}]},{"name":"uttar pradesh","metric":[{"type":"TOTAL","count":100851965,"amount":1.7874401613031216E11}]},{"name":"madhya pradesh","metric":[{"type":"TOTAL","count":76340573,"amount":1.4792201528908447E11}]},{"name":"andhra pradesh","metric":[{"type":"TOTAL","count":144917855,"amount":3.025836897465449E11}]},{"name":"tripura","metric":[{"type":"TOTAL","count":1052520,"amount":1.769175883585958E9}]},{"name":"lakshadweep","metric":[{"type":"TOTAL","count":7220,"amount":1.694292208594439E7}]},{"name":"manipur","metric":[{"type":"TOTAL","count":1083068,"amount":3.1989362128055243E9}]},{"name":"maharashtra","metric":[{"type":"TOTAL","count":184790761,"amount":2.9635951715941614E11}]},{"name":"dadra & nagar haveli & daman & diu","metric":[{"type":"TOTAL","count":973152,"amount":1.3023764538880572E9}]},{"name":"meghalaya","metric":[{"type":"TOTAL","count":635395,"amount":1.1537351543383913E9}]},{"name":"andaman & nicobar islands","metric":[{"type":"TOTAL","count":62962,"amount":1.6964500141414702E8}]},{"name":"haryana","metric":[{"type":"TOTAL","count":41781050,"amount":8.071126492394525E10}]},{"name":"rajasthan","metric":[{"type":"TOTAL","count":101954656,"amount":1.9376327300328284E11}]},{"name":"ladakh","metric":[{"type":"TOTAL","count":155010,"amount":5.237929986520228E8}]},{"name":"punjab","metric":[{"type":"TOTAL","count":14081294,"amount":3.028465425221334E10}]},{"name":"assam","metric":[{"type":"TOTAL","count":10505199,"amount":1.976630012591926E10}]},{"name":"jharkhand","metric":[{"type":"TOTAL","count":20141511,"amount":3.7486201975923416E10}]},{"name":"odisha","metric":[{"type":"TOTAL","count":50028576,"amount":9.173303661210583E10}]},{"name":"bihar","metric":[{"type":"TOTAL","count":53386742,"amount":1.2880652362885287E11}]},{"name":"kerala","metric":[{"type":"TOTAL","count":16287967,"amount":2.5894078478599953E10}]},{"name":"karnataka","metric":[{"type":"TOTAL","count":213221712,"amount":3.2110487702014185E11}]},{"name":"chandigarh","metric":[{"type":"TOTAL","count":1528010,"amount":3.847015729690074E9}]},{"name":"telangana","metric":[{"type":"TOTAL","count":152055143,"amount":3.215318393524224E11}]},{"name":"himachal pradesh","metric":[{"type":"TOTAL","count":4695730,"amount":8.036904762544065E9}]},{"name":"west bengal","metric":[{"type":"TOTAL","count":57676797,"amount":1.0009943187735757E11}]},{"name":"gujarat","metric":[{"type":"TOTAL","count":47420185,"amount":8.038784635949454E10}]},{"name":"sikkim","metric":[{"type":"TOTAL","count":517731,"amount":1.0546187882612653E9}]},{"name":"nagaland","metric":[{"type":"TOTAL","count":517566,"amount":1.1376745043478017E9}]},{"name":"mizoram","metric":[{"type":"TOTAL","count":198462,"amount":4.571934334423174E8}]},{"name":"chhattisgarh","metric":[{"type":"TOTAL","count":18820925,"amount":3.2268382206900894E10}]},{"name":"jammu & kashmir","metric":[{"type":"TOTAL","count":2635006,"amount":8.265648939258666E9}]},{"name":"goa","metric":[{"type":"TOTAL","count":1482092,"amount":2.183616430016773E9}]},{"name":"arunachal pradesh","metric":[{"type":"TOTAL","count":808774,"amount":1.8267168329849606E9}]},{"name":"delhi","metric":[{"type":"TOTAL","count":66042018,"amount":1.0787343820333162E11}]},{"name":"uttarakhand","metric":[{"type":"TOTAL","count":9047770,"amount":1.6094187702100985E10}]}]},"responseTimestamp":1630502909438}