{"success":true,"code":"SUCCESS","data":{"hoverDataList":[{"name":"puducherry","metric":[{"type":"TOTAL","count":1730902,"amount":3.598080229434597E9}]},{"name":"tamil nadu","metric":[{"type":"TOTAL","count":70277825,"amount":1.4384141549865747E11}]},{"name":"uttar pradesh","metric":[{"type":"TOTAL","count":127405259,"amount":2.4868995542305322E11}]},{"name":"madhya pradesh","metric":[{"type":"TOTAL","count":108579881,"amount":2.0570167998453757E11}]},{"name":"andhra pradesh","metric":[{"type":"TOTAL","count":204902935,"amount":4.6708413058493884E11}]},{"name":"tripura","metric":[{"type":"TOTAL","count":1317885,"amount":2.341819516215885E9}]},{"name":"lakshadweep","metric":[{"type":"TOTAL","count":8589,"amount":2.1306833308656827E7}]},{"name":"manipur","metric":[{"type":"TOTAL","count":1420168,"amount":4.615976120870485E9}]},{"name":"maharashtra","metric":[{"type":"TOTAL","count":268310924,"amount":4.403070790124761E11}]},{"name":"dadra & nagar haveli & daman & diu","metric":[{"type":"TOTAL","count":1138312,"amount":1.7497891149993598E9}]},{"name":"meghalaya","metric":[{"type":"TOTAL","count":597579,"amount":1.2370590013830369E9}]},{"name":"andaman & nicobar islands","metric":[{"type":"TOTAL","count":117483,"amount":3.380194463303601E8}]},{"name":"haryana","metric":[{"type":"TOTAL","count":57938179,"amount":1.0956795044572871E11}]},{"name":"rajasthan","metric":[{"type":"TOTAL","count":149088676,"amount":2.936783061624698E11}]},{"name":"ladakh","metric":[{"type":"TOTAL","count":228222,"amount":8.35487500058193E8}]},{"name":"punjab","metric":[{"type":"TOTAL","count":17209573,"amount":4.012309214781354E10}]},{"name":"assam","metric":[{"type":"TOTAL","count":12397711,"amount":2.9831391259543846E10}]},{"name":"jharkhand","metric":[{"type":"TOTAL","count":27068473,"amount":5.062261582001348E10}]},{"name":"odisha","metric":[{"type":"TOTAL","count":66033829,"amount":1.2246394380429193E11}]},{"name":"bihar","metric":[{"type":"TOTAL","count":71503748,"amount":1.733288651118144E11}]},{"name":"kerala","metric":[{"type":"TOTAL","count":21758680,"amount":4.016415065195372E10}]},{"name":"karnataka","metric":[{"type":"TOTAL","count":300360531,"amount":4.707405156966945E11}]},{"name":"chandigarh","metric":[{"type":"TOTAL","count":2158086,"amount":5.08980935336507E9}]},{"name":"telangana","metric":[{"type":"TOTAL","count":236372126,"amount":5.0596114475588367E11}]},{"name":"himachal pradesh","metric":[{"type":"TOTAL","count":5489876,"amount":1.0516054014086905E10}]},{"name":"west bengal","metric":[{"type":"TOTAL","count":79954504,"amount":1.568133558551383E11}]},{"name":"gujarat","metric":[{"type":"TOTAL","count":59290179,"amount":1.1192175248470932E11}]},{"name":"sikkim","metric":[{"type":"TOTAL","count":596435,"amount":1.4009267286603994E9}]},{"name":"nagaland","metric":[{"type":"TOTAL","count":736319,"amount":2.0096491431547942E9}]},{"name":"mizoram","metric":[{"type":"TOTAL","count":254703,"amount":7.079441755046022E8}]},{"name":"chhattisgarh","metric":[{"type":"TOTAL","count":24148539,"amount":4.152674480753401E10}]},{"name":"jammu & kashmir","metric":[{"type":"TOTAL","count":3465898,"amount":1.1977229760872362E10}]},{"name":"goa","metric":[{"type":"TOTAL","count":1915531,"amount":3.3683435809446573E9}]},{"name":"arunachal pradesh","metric":[{"type":"TOTAL","count":962827,"amount":2.60993856555822E9}]},{"name":"delhi","metric":[{"type":"TOTAL","count":96491861,"amount":1.751639628046604E11}]},{"name":"uttarakhand","metric":[{"type":"TOTAL","count":11818935,"amount":2.2103510968006454E10}]}]},"responseTimestamp":1630502909437}