{"success":true,"code":"SUCCESS","data":{"states":null,"districts":[{"name":"visakhapatnam","registeredUsers":2368081},{"name":"east godavari","registeredUsers":1878769},{"name":"krishna","registeredUsers":1876458},{"name":"guntur","registeredUsers":1843237},{"name":"chittoor","registeredUsers":1751420},{"name":"anantapur","registeredUsers":1394849},{"name":"kurnool","registeredUsers":1323411},{"name":"west godavari","registeredUsers":1254117},{"name":"spsr nellore","registeredUsers":1100541},{"name":"prakasam","registeredUsers":1075936}],"pincodes":[{"name":"517501","registeredUsers":190712},{"name":"517507","registeredUsers":171417},{"name":"515001","registeredUsers":147941},{"name":"530016","registeredUsers":145206},{"name":"518002","registeredUsers":140153},{"name":"516001","registeredUsers":139840},{"name":"516360","registeredUsers":126260},{"name":"524002","registeredUsers":118730},{"name":"530026","registeredUsers":113581},{"name":"520010","registeredUsers":112324}]},"responseTimestamp":1630501499750}