{"success":true,"code":"SUCCESS","data":{"states":null,"districts":[{"name":"visakhapatnam","registeredUsers":2526830},{"name":"east godavari","registeredUsers":2006272},{"name":"krishna","registeredUsers":2002662},{"name":"guntur","registeredUsers":1968681},{"name":"chittoor","registeredUsers":1870723},{"name":"anantapur","registeredUsers":1492738},{"name":"kurnool","registeredUsers":1415585},{"name":"west godavari","registeredUsers":1339377},{"name":"spsr nellore","registeredUsers":1176334},{"name":"prakasam","registeredUsers":1151232}],"pincodes":[{"name":"517501","registeredUsers":203005},{"name":"517507","registeredUsers":182425},{"name":"515001","registeredUsers":157649},{"name":"530016","registeredUsers":154509},{"name":"518002","registeredUsers":149368},{"name":"516001","registeredUsers":148851},{"name":"516360","registeredUsers":134622},{"name":"524002","registeredUsers":126459},{"name":"530026","registeredUsers":120973},{"name":"520010","registeredUsers":119561}]},"responseTimestamp":1630501500251}