{"success":true,"code":"SUCCESS","data":{"states":null,"districts":[{"name":"visakhapatnam","registeredUsers":2707931},{"name":"east godavari","registeredUsers":2150622},{"name":"krishna","registeredUsers":2145423},{"name":"guntur","registeredUsers":2110878},{"name":"chittoor","registeredUsers":2007011},{"name":"anantapur","registeredUsers":1606735},{"name":"kurnool","registeredUsers":1522196},{"name":"west godavari","registeredUsers":1436576},{"name":"spsr nellore","registeredUsers":1263550},{"name":"prakasam","registeredUsers":1239147}],"pincodes":[{"name":"517501","registeredUsers":216777},{"name":"517507","registeredUsers":194860},{"name":"515001","registeredUsers":168654},{"name":"530016","registeredUsers":164812},{"name":"518002","registeredUsers":159802},{"name":"516001","registeredUsers":158891},{"name":"516360","registeredUsers":144068},{"name":"524002","registeredUsers":135136},{"name":"530026","registeredUsers":129270},{"name":"520010","registeredUsers":127618}]},"responseTimestamp":1634575128585}