{"success":true,"code":"SUCCESS","data":{"states":null,"districts":[{"name":"visakhapatnam","registeredUsers":2888774},{"name":"east godavari","registeredUsers":2294347},{"name":"krishna","registeredUsers":2288148},{"name":"guntur","registeredUsers":2252443},{"name":"chittoor","registeredUsers":2141818},{"name":"anantapur","registeredUsers":1719437},{"name":"kurnool","registeredUsers":1628242},{"name":"west godavari","registeredUsers":1532898},{"name":"spsr nellore","registeredUsers":1349290},{"name":"prakasam","registeredUsers":1325728}],"pincodes":[{"name":"517501","registeredUsers":230688},{"name":"517507","registeredUsers":207174},{"name":"515001","registeredUsers":179763},{"name":"530016","registeredUsers":175300},{"name":"518002","registeredUsers":170267},{"name":"516001","registeredUsers":169158},{"name":"516360","registeredUsers":153381},{"name":"524002","registeredUsers":143764},{"name":"530026","registeredUsers":137812},{"name":"520010","registeredUsers":135719}]},"responseTimestamp":1643295743265}