{"success":true,"code":"SUCCESS","data":{"states":null,"districts":[{"entityName":"puducherry","metric":{"type":"TOTAL","count":2920236,"amount":5.086390412089685E9}},{"entityName":"yanam","metric":{"type":"TOTAL","count":178609,"amount":3.75222411570402E8}},{"entityName":"karaikal","metric":{"type":"TOTAL","count":161642,"amount":3.608074587675148E8}},{"entityName":"mahe","metric":{"type":"TOTAL","count":48945,"amount":7.688928931604216E7}}],"pincodes":[{"entityName":"605002","metric":{"type":"TOTAL","count":1036280,"amount":1.9410816272425518E9}},{"entityName":"605110","metric":{"type":"TOTAL","count":241566,"amount":4.148644519445424E8}},{"entityName":"533464","metric":{"type":"TOTAL","count":178609,"amount":3.752224115704021E8}},{"entityName":"605004","metric":{"type":"TOTAL","count":169709,"amount":3.044413416975867E8}},{"entityName":"605008","metric":{"type":"TOTAL","count":166417,"amount":2.873267908919368E8}},{"entityName":"605009","metric":{"type":"TOTAL","count":162355,"amount":2.6726241020449784E8}},{"entityName":"605107","metric":{"type":"TOTAL","count":161702,"amount":2.7694702224089235E8}},{"entityName":"605001","metric":{"type":"TOTAL","count":148796,"amount":2.3581815456289083E8}},{"entityName":"605011","metric":{"type":"TOTAL","count":141034,"amount":2.6356644402291387E8}},{"entityName":"605013","metric":{"type":"TOTAL","count":122949,"amount":2.1982089614333144E8}}]},"responseTimestamp":1630501494064}