{"success":true,"code":"SUCCESS","data":{"states":null,"districts":[{"entityName":"puducherry","metric":{"type":"TOTAL","count":3316123,"amount":5.610649880723416E9}},{"entityName":"yanam","metric":{"type":"TOTAL","count":212893,"amount":4.48908146532982E8}},{"entityName":"karaikal","metric":{"type":"TOTAL","count":169944,"amount":3.525284516991069E8}},{"entityName":"mahe","metric":{"type":"TOTAL","count":52427,"amount":8.67482175883918E7}}],"pincodes":[{"entityName":"605002","metric":{"type":"TOTAL","count":1448920,"amount":2.5447201767440305E9}},{"entityName":"605110","metric":{"type":"TOTAL","count":260753,"amount":4.332447267561368E8}},{"entityName":"533464","metric":{"type":"TOTAL","count":212893,"amount":4.48908146532982E8}},{"entityName":"605107","metric":{"type":"TOTAL","count":183884,"amount":2.990665215685449E8}},{"entityName":"605008","metric":{"type":"TOTAL","count":175805,"amount":2.9789807519574624E8}},{"entityName":"605009","metric":{"type":"TOTAL","count":174981,"amount":2.8699810756540006E8}},{"entityName":"605004","metric":{"type":"TOTAL","count":171368,"amount":3.0485193603242636E8}},{"entityName":"605010","metric":{"type":"TOTAL","count":115420,"amount":1.895587130667687E8}},{"entityName":"605011","metric":{"type":"TOTAL","count":111470,"amount":2.0118502060837623E8}},{"entityName":"605007","metric":{"type":"TOTAL","count":109332,"amount":1.8823961169517645E8}}]},"responseTimestamp":1630501494459}