{"success":true,"code":"SUCCESS","data":{"states":null,"districts":[{"entityName":"puducherry","metric":{"type":"TOTAL","count":4514763,"amount":7.530306876968773E9}},{"entityName":"yanam","metric":{"type":"TOTAL","count":289263,"amount":5.717311148773613E8}},{"entityName":"karaikal","metric":{"type":"TOTAL","count":241468,"amount":5.084746404041999E8}},{"entityName":"mahe","metric":{"type":"TOTAL","count":76232,"amount":1.1946179876413691E8}}],"pincodes":[{"entityName":"605002","metric":{"type":"TOTAL","count":1867399,"amount":3.2534879862339063E9}},{"entityName":"605110","metric":{"type":"TOTAL","count":346358,"amount":5.837983604687543E8}},{"entityName":"533464","metric":{"type":"TOTAL","count":289263,"amount":5.717311148773613E8}},{"entityName":"605107","metric":{"type":"TOTAL","count":246787,"amount":3.8339506167131907E8}},{"entityName":"605004","metric":{"type":"TOTAL","count":239043,"amount":4.2482352638824356E8}},{"entityName":"605008","metric":{"type":"TOTAL","count":233980,"amount":3.91079600043909E8}},{"entityName":"605009","metric":{"type":"TOTAL","count":223798,"amount":3.5080666541205895E8}},{"entityName":"605001","metric":{"type":"TOTAL","count":207798,"amount":3.0736814217009056E8}},{"entityName":"605011","metric":{"type":"TOTAL","count":192556,"amount":3.527125957910056E8}},{"entityName":"605013","metric":{"type":"TOTAL","count":165590,"amount":2.808357507411846E8}}]},"responseTimestamp":1634575059985}