{"success":true,"code":"SUCCESS","data":{"states":null,"districts":[{"entityName":"puducherry","metric":{"type":"TOTAL","count":5606990,"amount":8.97363672535894E9}},{"entityName":"yanam","metric":{"type":"TOTAL","count":360182,"amount":7.04806775357012E8}},{"entityName":"karaikal","metric":{"type":"TOTAL","count":300601,"amount":5.863759598099658E8}},{"entityName":"mahe","metric":{"type":"TOTAL","count":101037,"amount":1.588323407045973E8}}],"pincodes":[{"entityName":"605002","metric":{"type":"TOTAL","count":2320004,"amount":3.824140611518544E9}},{"entityName":"605110","metric":{"type":"TOTAL","count":424922,"amount":6.846633840742521E8}},{"entityName":"533464","metric":{"type":"TOTAL","count":360182,"amount":7.04806775357012E8}},{"entityName":"605107","metric":{"type":"TOTAL","count":302520,"amount":4.6066028424228835E8}},{"entityName":"605004","metric":{"type":"TOTAL","count":292666,"amount":5.1063327576471555E8}},{"entityName":"605008","metric":{"type":"TOTAL","count":283470,"amount":4.65029964948618E8}},{"entityName":"605001","metric":{"type":"TOTAL","count":279864,"amount":3.959136524168658E8}},{"entityName":"605009","metric":{"type":"TOTAL","count":272096,"amount":4.2408770081706536E8}},{"entityName":"605011","metric":{"type":"TOTAL","count":248717,"amount":4.287584724211892E8}},{"entityName":"605013","metric":{"type":"TOTAL","count":200735,"amount":3.342864821835575E8}}]},"responseTimestamp":1643295674385}