{"success":true,"code":"SUCCESS","data":{"states":null,"districts":[{"name":"gurugram","registeredUsers":474081},{"name":"faridabad","registeredUsers":231504},{"name":"hisar","registeredUsers":113872},{"name":"rewari","registeredUsers":85350},{"name":"sonipat","registeredUsers":79638},{"name":"panipat","registeredUsers":74739},{"name":"karnal","registeredUsers":73612},{"name":"sirsa","registeredUsers":70800},{"name":"rohtak","registeredUsers":62452},{"name":"bhiwani","registeredUsers":57585}],"pincodes":[{"name":"122001","registeredUsers":82656},{"name":"121004","registeredUsers":52178},{"name":"121003","registeredUsers":48088},{"name":"122002","registeredUsers":42709},{"name":"122006","registeredUsers":42454},{"name":"121001","registeredUsers":42239},{"name":"124001","registeredUsers":36966},{"name":"123401","registeredUsers":34462},{"name":"122051","registeredUsers":33437},{"name":"132001","registeredUsers":31575}]},"responseTimestamp":1630501494656}