{"success":true,"code":"SUCCESS","data":{"states":null,"districts":[{"name":"gurugram","registeredUsers":621718},{"name":"faridabad","registeredUsers":306358},{"name":"hisar","registeredUsers":147599},{"name":"rewari","registeredUsers":113056},{"name":"sonipat","registeredUsers":106837},{"name":"panipat","registeredUsers":101243},{"name":"karnal","registeredUsers":98276},{"name":"sirsa","registeredUsers":91908},{"name":"rohtak","registeredUsers":82822},{"name":"bhiwani","registeredUsers":75485}],"pincodes":[{"name":"122001","registeredUsers":107275},{"name":"121004","registeredUsers":69412},{"name":"121003","registeredUsers":63458},{"name":"121001","registeredUsers":56154},{"name":"122002","registeredUsers":55528},{"name":"122006","registeredUsers":54489},{"name":"124001","registeredUsers":48721},{"name":"123401","registeredUsers":44946},{"name":"122051","registeredUsers":44764},{"name":"132001","registeredUsers":41673}]},"responseTimestamp":1630501494988}