{"success":true,"code":"SUCCESS","data":{"states":null,"districts":[{"name":"gurugram","registeredUsers":767369},{"name":"faridabad","registeredUsers":383316},{"name":"hisar","registeredUsers":176380},{"name":"rewari","registeredUsers":138368},{"name":"sonipat","registeredUsers":132705},{"name":"panipat","registeredUsers":124290},{"name":"karnal","registeredUsers":121471},{"name":"sirsa","registeredUsers":109165},{"name":"rohtak","registeredUsers":101649},{"name":"ambala","registeredUsers":92472}],"pincodes":[{"name":"122001","registeredUsers":130847},{"name":"121004","registeredUsers":86428},{"name":"121003","registeredUsers":78699},{"name":"121001","registeredUsers":71428},{"name":"122002","registeredUsers":68873},{"name":"122006","registeredUsers":67331},{"name":"124001","registeredUsers":59016},{"name":"123401","registeredUsers":54477},{"name":"122051","registeredUsers":54363},{"name":"132001","registeredUsers":50845}]},"responseTimestamp":1630501495490}