{"success":true,"code":"SUCCESS","data":{"states":null,"districts":[{"name":"gurugram","registeredUsers":967781},{"name":"faridabad","registeredUsers":521996},{"name":"hisar","registeredUsers":210671},{"name":"rewari","registeredUsers":172035},{"name":"sonipat","registeredUsers":165599},{"name":"panipat","registeredUsers":153137},{"name":"karnal","registeredUsers":149062},{"name":"sirsa","registeredUsers":127874},{"name":"rohtak","registeredUsers":124365},{"name":"jhajjar","registeredUsers":114488}],"pincodes":[{"name":"122001","registeredUsers":163556},{"name":"121004","registeredUsers":117034},{"name":"121003","registeredUsers":103920},{"name":"121001","registeredUsers":101287},{"name":"122002","registeredUsers":86547},{"name":"122006","registeredUsers":85334},{"name":"124001","registeredUsers":71218},{"name":"122051","registeredUsers":67543},{"name":"123401","registeredUsers":67235},{"name":"122004","registeredUsers":64480}]},"responseTimestamp":1630501495918}