{"success":true,"code":"SUCCESS","data":{"states":null,"districts":[{"name":"gurugram","registeredUsers":1700505},{"name":"faridabad","registeredUsers":935992},{"name":"hisar","registeredUsers":382469},{"name":"sonipat","registeredUsers":325111},{"name":"rewari","registeredUsers":323001},{"name":"panipat","registeredUsers":293916},{"name":"karnal","registeredUsers":283270},{"name":"palwal","registeredUsers":233542},{"name":"rohtak","registeredUsers":231317},{"name":"jhajjar","registeredUsers":230059}],"pincodes":[{"name":"122001","registeredUsers":277400},{"name":"121004","registeredUsers":220431},{"name":"121003","registeredUsers":183564},{"name":"121001","registeredUsers":177159},{"name":"122006","registeredUsers":147672},{"name":"122002","registeredUsers":146453},{"name":"121102","registeredUsers":129418},{"name":"124001","registeredUsers":126121},{"name":"123401","registeredUsers":124071},{"name":"122004","registeredUsers":120068}]},"responseTimestamp":1630501498305}