{"success":true,"code":"SUCCESS","data":{"states":null,"districts":[{"name":"gurugram","registeredUsers":1949331},{"name":"faridabad","registeredUsers":1094570},{"name":"hisar","registeredUsers":453910},{"name":"sonipat","registeredUsers":402001},{"name":"rewari","registeredUsers":388025},{"name":"panipat","registeredUsers":357830},{"name":"karnal","registeredUsers":344289},{"name":"palwal","registeredUsers":285223},{"name":"jhajjar","registeredUsers":284852},{"name":"rohtak","registeredUsers":280325}],"pincodes":[{"name":"122001","registeredUsers":314031},{"name":"121004","registeredUsers":261230},{"name":"121003","registeredUsers":214022},{"name":"121001","registeredUsers":205343},{"name":"122006","registeredUsers":170596},{"name":"122002","registeredUsers":165039},{"name":"121102","registeredUsers":155722},{"name":"124001","registeredUsers":149067},{"name":"123401","registeredUsers":148188},{"name":"122004","registeredUsers":138271}]},"responseTimestamp":1630501499117}