{"success":true,"code":"SUCCESS","data":{"states":null,"districts":[{"name":"gurugram","registeredUsers":2104240},{"name":"faridabad","registeredUsers":1182635},{"name":"hisar","registeredUsers":490971},{"name":"sonipat","registeredUsers":441088},{"name":"rewari","registeredUsers":421106},{"name":"panipat","registeredUsers":391952},{"name":"karnal","registeredUsers":374733},{"name":"jhajjar","registeredUsers":313144},{"name":"palwal","registeredUsers":310698},{"name":"rohtak","registeredUsers":305922}],"pincodes":[{"name":"122001","registeredUsers":336803},{"name":"121004","registeredUsers":283882},{"name":"121003","registeredUsers":230786},{"name":"121001","registeredUsers":221002},{"name":"122006","registeredUsers":184356},{"name":"122002","registeredUsers":176881},{"name":"121102","registeredUsers":169232},{"name":"124001","registeredUsers":161912},{"name":"123401","registeredUsers":160526},{"name":"122004","registeredUsers":150225}]},"responseTimestamp":1630501499456}