{"success":true,"code":"SUCCESS","data":{"hoverData":{"puducherry":{"registeredUsers":133059,"appOpens":0},"tamil nadu":{"registeredUsers":6296303,"appOpens":0},"uttar pradesh":{"registeredUsers":12458661,"appOpens":0},"madhya pradesh":{"registeredUsers":6414403,"appOpens":0},"andhra pradesh":{"registeredUsers":8283019,"appOpens":0},"tripura":{"registeredUsers":183254,"appOpens":0},"lakshadweep":{"registeredUsers":1416,"appOpens":0},"manipur":{"registeredUsers":99527,"appOpens":0},"maharashtra":{"registeredUsers":16284451,"appOpens":0},"dadra & nagar haveli & daman & diu":{"registeredUsers":140532,"appOpens":0},"meghalaya":{"registeredUsers":61487,"appOpens":0},"andaman & nicobar islands":{"registeredUsers":18596,"appOpens":0},"haryana":{"registeredUsers":4538767,"appOpens":0},"rajasthan":{"registeredUsers":7712204,"appOpens":0},"ladakh":{"registeredUsers":29649,"appOpens":0},"punjab":{"registeredUsers":2226590,"appOpens":0},"assam":{"registeredUsers":1259085,"appOpens":0},"jharkhand":{"registeredUsers":2279329,"appOpens":0},"odisha":{"registeredUsers":4320744,"appOpens":0},"bihar":{"registeredUsers":5745117,"appOpens":0},"kerala":{"registeredUsers":2136624,"appOpens":0},"karnataka":{"registeredUsers":10266174,"appOpens":0},"chandigarh":{"registeredUsers":209175,"appOpens":0},"telangana":{"registeredUsers":7963425,"appOpens":0},"himachal pradesh":{"registeredUsers":653205,"appOpens":0},"west bengal":{"registeredUsers":7449425,"appOpens":0},"gujarat":{"registeredUsers":6652536,"appOpens":0},"sikkim":{"registeredUsers":58956,"appOpens":0},"nagaland":{"registeredUsers":53911,"appOpens":0},"mizoram":{"registeredUsers":23670,"appOpens":0},"chhattisgarh":{"registeredUsers":1908898,"appOpens":0},"jammu & kashmir":{"registeredUsers":530669,"appOpens":0},"goa":{"registeredUsers":238152,"appOpens":0},"arunachal pradesh":{"registeredUsers":76957,"appOpens":0},"delhi":{"registeredUsers":5499263,"appOpens":0},"uttarakhand":{"registeredUsers":1224955,"appOpens":0}}},"responseTimestamp":1630502909437}