{"success":true,"code":"SUCCESS","data":{"hoverData":{"puducherry":{"registeredUsers":156458,"appOpens":661932},"tamil nadu":{"registeredUsers":7429609,"appOpens":33658961},"uttar pradesh":{"registeredUsers":14316349,"appOpens":78394040},"madhya pradesh":{"registeredUsers":7301172,"appOpens":50642151},"andhra pradesh":{"registeredUsers":9389003,"appOpens":81375251},"tripura":{"registeredUsers":217644,"appOpens":953627},"lakshadweep":{"registeredUsers":1747,"appOpens":4580},"manipur":{"registeredUsers":117747,"appOpens":464829},"maharashtra":{"registeredUsers":18776975,"appOpens":109967705},"dadra & nagar haveli & daman & diu":{"registeredUsers":158580,"appOpens":860686},"meghalaya":{"registeredUsers":74746,"appOpens":395764},"andaman & nicobar islands":{"registeredUsers":21731,"appOpens":52640},"haryana":{"registeredUsers":5178030,"appOpens":31929195},"rajasthan":{"registeredUsers":8783935,"appOpens":62787336},"ladakh":{"registeredUsers":35516,"appOpens":157317},"punjab":{"registeredUsers":2600112,"appOpens":10928094},"assam":{"registeredUsers":1500128,"appOpens":7350326},"jharkhand":{"registeredUsers":2604854,"appOpens":14929066},"odisha":{"registeredUsers":4845359,"appOpens":33955545},"bihar":{"registeredUsers":6589759,"appOpens":39607022},"kerala":{"registeredUsers":2550167,"appOpens":8673220},"karnataka":{"registeredUsers":11968087,"appOpens":113024811},"chandigarh":{"registeredUsers":240439,"appOpens":1220176},"telangana":{"registeredUsers":9046007,"appOpens":80842302},"himachal pradesh":{"registeredUsers":772603,"appOpens":3321711},"west bengal":{"registeredUsers":8612795,"appOpens":49514201},"gujarat":{"registeredUsers":7574645,"appOpens":34890301},"sikkim":{"registeredUsers":70999,"appOpens":398520},"nagaland":{"registeredUsers":66891,"appOpens":362497},"mizoram":{"registeredUsers":28696,"appOpens":133025},"chhattisgarh":{"registeredUsers":2191066,"appOpens":13206373},"jammu & kashmir":{"registeredUsers":631193,"appOpens":2705373},"goa":{"registeredUsers":278940,"appOpens":1352232},"arunachal pradesh":{"registeredUsers":95885,"appOpens":502873},"delhi":{"registeredUsers":6165448,"appOpens":43731570},"uttarakhand":{"registeredUsers":1414339,"appOpens":7454279}}},"responseTimestamp":1630502909439}