{"success":true,"code":"SUCCESS","data":{"hoverData":{"puducherry":{"registeredUsers":177868,"appOpens":2476922},"tamil nadu":{"registeredUsers":8428835,"appOpens":124690342},"uttar pradesh":{"registeredUsers":16044607,"appOpens":268142606},"madhya pradesh":{"registeredUsers":8180664,"appOpens":192353380},"andhra pradesh":{"registeredUsers":10458693,"appOpens":310953542},"tripura":{"registeredUsers":245456,"appOpens":3350991},"lakshadweep":{"registeredUsers":2117,"appOpens":15038},"manipur":{"registeredUsers":136316,"appOpens":1594205},"maharashtra":{"registeredUsers":21313081,"appOpens":439998413},"dadra & nagar haveli & daman & diu":{"registeredUsers":176929,"appOpens":3126189},"meghalaya":{"registeredUsers":87395,"appOpens":1387814},"andaman & nicobar islands":{"registeredUsers":23931,"appOpens":171107},"haryana":{"registeredUsers":5783752,"appOpens":118332587},"rajasthan":{"registeredUsers":9797304,"appOpens":238338999},"ladakh":{"registeredUsers":39173,"appOpens":503126},"punjab":{"registeredUsers":2962713,"appOpens":40860886},"assam":{"registeredUsers":1731523,"appOpens":25393673},"jharkhand":{"registeredUsers":2915511,"appOpens":55504460},"odisha":{"registeredUsers":5387209,"appOpens":130181456},"bihar":{"registeredUsers":7380265,"appOpens":126521298},"kerala":{"registeredUsers":2990963,"appOpens":31471694},"karnataka":{"registeredUsers":13635075,"appOpens":445683660},"chandigarh":{"registeredUsers":267337,"appOpens":4625196},"telangana":{"registeredUsers":10090557,"appOpens":318124511},"himachal pradesh":{"registeredUsers":876184,"appOpens":10720741},"west bengal":{"registeredUsers":9643222,"appOpens":176559011},"gujarat":{"registeredUsers":8429299,"appOpens":129441484},"sikkim":{"registeredUsers":82128,"appOpens":1316804},"nagaland":{"registeredUsers":80077,"appOpens":1244022},"mizoram":{"registeredUsers":34134,"appOpens":457834},"chhattisgarh":{"registeredUsers":2435058,"appOpens":46362341},"jammu & kashmir":{"registeredUsers":658455,"appOpens":3843919},"goa":{"registeredUsers":317194,"appOpens":4753892},"arunachal pradesh":{"registeredUsers":112149,"appOpens":1811700},"delhi":{"registeredUsers":6782286,"appOpens":163381027},"uttarakhand":{"registeredUsers":1585859,"appOpens":24660988}}},"responseTimestamp":1630502909458}