{"success":true,"code":"SUCCESS","data":{"hoverData":{"puducherry":{"registeredUsers":204292,"appOpens":3263122},"tamil nadu":{"registeredUsers":9620493,"appOpens":155011717},"uttar pradesh":{"registeredUsers":17949542,"appOpens":324068625},"madhya pradesh":{"registeredUsers":9165241,"appOpens":237844976},"andhra pradesh":{"registeredUsers":11757883,"appOpens":411201518},"tripura":{"registeredUsers":272298,"appOpens":3610807},"lakshadweep":{"registeredUsers":2427,"appOpens":17760},"manipur":{"registeredUsers":155358,"appOpens":1855488},"maharashtra":{"registeredUsers":23745297,"appOpens":543654112},"dadra & nagar haveli & daman & diu":{"registeredUsers":197598,"appOpens":3770543},"meghalaya":{"registeredUsers":100030,"appOpens":1490542},"andaman & nicobar islands":{"registeredUsers":25960,"appOpens":177012},"haryana":{"registeredUsers":6366679,"appOpens":136721888},"rajasthan":{"registeredUsers":10925031,"appOpens":288904693},"ladakh":{"registeredUsers":43108,"appOpens":470440},"punjab":{"registeredUsers":3321742,"appOpens":47673880},"assam":{"registeredUsers":1941220,"appOpens":26599449},"jharkhand":{"registeredUsers":3281371,"appOpens":70181789},"odisha":{"registeredUsers":6115537,"appOpens":189905719},"bihar":{"registeredUsers":8342274,"appOpens":163998097},"kerala":{"registeredUsers":3503938,"appOpens":40046033},"karnataka":{"registeredUsers":15385416,"appOpens":569674870},"chandigarh":{"registeredUsers":289590,"appOpens":4960441},"telangana":{"registeredUsers":11220691,"appOpens":399239044},"himachal pradesh":{"registeredUsers":985945,"appOpens":12637904},"west bengal":{"registeredUsers":10885058,"appOpens":244326613},"gujarat":{"registeredUsers":9323799,"appOpens":147973757},"sikkim":{"registeredUsers":92972,"appOpens":1552004},"nagaland":{"registeredUsers":93124,"appOpens":1454551},"mizoram":{"registeredUsers":39809,"appOpens":529168},"chhattisgarh":{"registeredUsers":2725900,"appOpens":57278977},"jammu & kashmir":{"registeredUsers":673367,"appOpens":998572},"goa":{"registeredUsers":353546,"appOpens":6290543},"arunachal pradesh":{"registeredUsers":129321,"appOpens":2140340},"delhi":{"registeredUsers":7289883,"appOpens":172682671},"uttarakhand":{"registeredUsers":1752677,"appOpens":28853867}}},"responseTimestamp":1630502909458}