{"success":true,"code":"SUCCESS","data":{"aggregated":{"registeredUsers":14670126,"appOpens":264732874},"usersByDevice":[{"brand":"Vivo","count":3492512,"percentage":0.2380696662046393},{"brand":"Xiaomi","count":3197714,"percentage":0.21797454227727833},{"brand":"Samsung","count":2987011,"percentage":0.20361181628569516},{"brand":"Oppo","count":2188804,"percentage":0.14920144516822828},{"brand":"Realme","count":666628,"percentage":0.04544119116631991},{"brand":"Apple","count":489078,"percentage":0.03333836396497208},{"brand":"OnePlus","count":264150,"percentage":0.018005980316733478},{"brand":"Lenovo","count":224880,"percentage":0.015329111692701208},{"brand":"Motorola","count":174216,"percentage":0.011875562622979516},{"brand":"Huawei","count":149907,"percentage":0.010218521640509426},{"brand":"Others","count":835226,"percentage":0.056933798659943344}]},"responseTimestamp":1630501499826}