{"success":true,"code":"SUCCESS","data":{"aggregated":{"registeredUsers":15735981,"appOpens":282432543},"usersByDevice":[{"brand":"Vivo","count":3834323,"percentage":0.2436659652804614},{"brand":"Xiaomi","count":3362430,"percentage":0.21367781265114644},{"brand":"Samsung","count":3154317,"percentage":0.20045251706900255},{"brand":"Oppo","count":2364362,"percentage":0.15025196077702432},{"brand":"Realme","count":790357,"percentage":0.050226102840363114},{"brand":"Apple","count":529166,"percentage":0.033627773190625994},{"brand":"OnePlus","count":293085,"percentage":0.018625149585526315},{"brand":"Lenovo","count":218253,"percentage":0.013869678668269872},{"brand":"Motorola","count":173429,"percentage":0.0110211749747283},{"brand":"Huawei","count":146703,"percentage":0.009322774347528762},{"brand":"Others","count":869556,"percentage":0.055259090615322935}]},"responseTimestamp":1630501500298}