{"success":true,"code":"SUCCESS","data":{"aggregated":{"registeredUsers":16946761,"appOpens":379987151},"usersByDevice":[{"brand":"Vivo","count":4261214,"percentage":0.2514471054380244},{"brand":"Xiaomi","count":3544088,"percentage":0.20913070055097843},{"brand":"Samsung","count":3267319,"percentage":0.1927990251352456},{"brand":"Oppo","count":2580826,"percentage":0.15229022230265712},{"brand":"Realme","count":932371,"percentage":0.0550176520457213},{"brand":"Apple","count":569577,"percentage":0.0336097853743261},{"brand":"OnePlus","count":345805,"percentage":0.020405374218707632},{"brand":"Lenovo","count":210237,"percentage":0.012405733461397136},{"brand":"Motorola","count":172358,"percentage":0.010170557075773948},{"brand":"Tecno","count":161791,"percentage":0.009547016093517812},{"brand":"Others","count":901175,"percentage":0.053176828303650475}]},"responseTimestamp":1634575160836}