{"success":true,"code":"SUCCESS","data":{"aggregated":{"registeredUsers":18139201,"appOpens":487846209},"usersByDevice":[{"brand":"Vivo","count":4645259,"percentage":0.25608950471412717},{"brand":"Xiaomi","count":3700589,"percentage":0.2040105845896961},{"brand":"Samsung","count":3390165,"percentage":0.18689715164411044},{"brand":"Oppo","count":2791203,"percentage":0.15387684385877856},{"brand":"Realme","count":1116664,"percentage":0.061560815164901694},{"brand":"Apple","count":635160,"percentage":0.03501587528579677},{"brand":"OnePlus","count":397948,"percentage":0.021938562784546024},{"brand":"Lenovo","count":199946,"percentage":0.011022866993976196},{"brand":"Tecno","count":187064,"percentage":0.010312692383749428},{"brand":"Motorola","count":174499,"percentage":0.00961999373621804},{"brand":"Others","count":900704,"percentage":0.049655108844099585}]},"responseTimestamp":1643295776005}