{"success":true,"code":"SUCCESS","data":{"states":null,"districts":[{"entityName":"chennai","metric":{"type":"TOTAL","count":87458453,"amount":1.3544415291282495E11}},{"entityName":"coimbatore","metric":{"type":"TOTAL","count":30679187,"amount":5.1963955887092926E10}},{"entityName":"thiruvallur","metric":{"type":"TOTAL","count":21243322,"amount":3.541237486940968E10}},{"entityName":"chengalpattu","metric":{"type":"TOTAL","count":19802491,"amount":2.720961657277708E10}},{"entityName":"salem","metric":{"type":"TOTAL","count":13278693,"amount":2.632532560586054E10}},{"entityName":"kancheepuram","metric":{"type":"TOTAL","count":13219354,"amount":1.9642924522879723E10}},{"entityName":"tiruppur","metric":{"type":"TOTAL","count":12755181,"amount":2.0994558968024055E10}},{"entityName":"krishnagiri","metric":{"type":"TOTAL","count":11729353,"amount":2.0650466208670746E10}},{"entityName":"madurai","metric":{"type":"TOTAL","count":7084562,"amount":1.5309320989586182E10}},{"entityName":"erode","metric":{"type":"TOTAL","count":6860000,"amount":1.278832370147359E10}}],"pincodes":[{"entityName":"600003","metric":{"type":"TOTAL","count":62446149,"amount":9.588845277963263E10}},{"entityName":"641018","metric":{"type":"TOTAL","count":12588968,"amount":2.443613047946472E10}},{"entityName":"636006","metric":{"type":"TOTAL","count":5321118,"amount":9.19033521872433E9}},{"entityName":"635109","metric":{"type":"TOTAL","count":2529796,"amount":3.995922448343732E9}},{"entityName":"635126","metric":{"type":"TOTAL","count":2133935,"amount":3.1201214714986033E9}},{"entityName":"641602","metric":{"type":"TOTAL","count":2060478,"amount":3.585502916232564E9}},{"entityName":"602105","metric":{"type":"TOTAL","count":2034034,"amount":2.4125000268843203E9}},{"entityName":"638001","metric":{"type":"TOTAL","count":1982168,"amount":3.6297114187918158E9}},{"entityName":"641606","metric":{"type":"TOTAL","count":1862567,"amount":3.0562117198197355E9}},{"entityName":"600100","metric":{"type":"TOTAL","count":1849606,"amount":2.5519676673345017E9}}]},"responseTimestamp":1651127573556}