{"success":true,"code":"SUCCESS","data":{"states":null,"districts":[{"name":"kamrup metropolitan","registeredUsers":412013},{"name":"nagaon","registeredUsers":129371},{"name":"barpeta","registeredUsers":116286},{"name":"cachar","registeredUsers":111470},{"name":"sonitpur","registeredUsers":105050},{"name":"dibrugarh","registeredUsers":104663},{"name":"kamrup","registeredUsers":95973},{"name":"tinsukia","registeredUsers":86763},{"name":"jorhat","registeredUsers":78731},{"name":"dhubri","registeredUsers":62477}],"pincodes":[{"name":"781032","registeredUsers":33205},{"name":"781022","registeredUsers":26607},{"name":"781001","registeredUsers":24106},{"name":"781038","registeredUsers":21242},{"name":"783380","registeredUsers":19871},{"name":"781011","registeredUsers":19355},{"name":"785001","registeredUsers":19193},{"name":"781009","registeredUsers":18666},{"name":"786001","registeredUsers":18552},{"name":"781028","registeredUsers":17121}]},"responseTimestamp":1630501498249}