{"success":true,"code":"SUCCESS","data":{"states":null,"districts":[{"name":"kamrup metropolitan","registeredUsers":457023},{"name":"nagaon","registeredUsers":151932},{"name":"barpeta","registeredUsers":135525},{"name":"cachar","registeredUsers":129067},{"name":"sonitpur","registeredUsers":121435},{"name":"dibrugarh","registeredUsers":121028},{"name":"kamrup","registeredUsers":112992},{"name":"tinsukia","registeredUsers":101864},{"name":"jorhat","registeredUsers":90601},{"name":"dhubri","registeredUsers":76285}],"pincodes":[{"name":"781032","registeredUsers":36494},{"name":"781022","registeredUsers":29237},{"name":"781001","registeredUsers":26634},{"name":"781038","registeredUsers":23439},{"name":"783380","registeredUsers":22873},{"name":"781011","registeredUsers":21654},{"name":"785001","registeredUsers":21271},{"name":"786001","registeredUsers":20738},{"name":"781009","registeredUsers":19800},{"name":"781028","registeredUsers":19046}]},"responseTimestamp":1630501498565}