{"success":true,"code":"SUCCESS","data":{"states":null,"districts":[{"name":"kamrup metropolitan","registeredUsers":499403},{"name":"nagaon","registeredUsers":168903},{"name":"barpeta","registeredUsers":150166},{"name":"cachar","registeredUsers":143851},{"name":"dibrugarh","registeredUsers":134339},{"name":"sonitpur","registeredUsers":134006},{"name":"kamrup","registeredUsers":124944},{"name":"tinsukia","registeredUsers":113239},{"name":"jorhat","registeredUsers":99517},{"name":"dhubri","registeredUsers":84816}],"pincodes":[{"name":"781032","registeredUsers":39646},{"name":"781022","registeredUsers":31853},{"name":"781001","registeredUsers":29045},{"name":"781038","registeredUsers":25600},{"name":"783380","registeredUsers":25150},{"name":"781011","registeredUsers":23762},{"name":"785001","registeredUsers":23212},{"name":"786001","registeredUsers":22736},{"name":"781028","registeredUsers":20913},{"name":"781009","registeredUsers":20809}]},"responseTimestamp":1630501499073}