{"success":true,"code":"SUCCESS","data":{"states":null,"districts":[{"name":"kamrup metropolitan","registeredUsers":546458},{"name":"nagaon","registeredUsers":185101},{"name":"barpeta","registeredUsers":164341},{"name":"cachar","registeredUsers":158821},{"name":"dibrugarh","registeredUsers":147001},{"name":"sonitpur","registeredUsers":146796},{"name":"kamrup","registeredUsers":136799},{"name":"tinsukia","registeredUsers":124067},{"name":"jorhat","registeredUsers":108380},{"name":"dhubri","registeredUsers":93699}],"pincodes":[{"name":"781032","registeredUsers":43335},{"name":"781022","registeredUsers":34873},{"name":"781001","registeredUsers":31894},{"name":"781038","registeredUsers":27985},{"name":"783380","registeredUsers":27308},{"name":"781011","registeredUsers":26044},{"name":"785001","registeredUsers":25298},{"name":"786001","registeredUsers":24846},{"name":"781028","registeredUsers":22952},{"name":"782435","registeredUsers":22802}]},"responseTimestamp":1630501499408}