{"success":true,"code":"SUCCESS","data":{"states":null,"districts":[{"name":"jaipur","registeredUsers":3951866},{"name":"alwar","registeredUsers":1185599},{"name":"jodhpur","registeredUsers":1036855},{"name":"sikar","registeredUsers":770103},{"name":"ajmer","registeredUsers":723852},{"name":"kota","registeredUsers":674683},{"name":"nagaur","registeredUsers":674465},{"name":"bhilwara","registeredUsers":651400},{"name":"udaipur","registeredUsers":619264},{"name":"jhunjhunu","registeredUsers":569602}],"pincodes":[{"name":"302012","registeredUsers":292147},{"name":"311001","registeredUsers":212281},{"name":"302029","registeredUsers":209507},{"name":"302020","registeredUsers":191909},{"name":"302001","registeredUsers":180996},{"name":"301001","registeredUsers":178156},{"name":"334001","registeredUsers":177076},{"name":"313001","registeredUsers":176646},{"name":"302015","registeredUsers":166517},{"name":"302017","registeredUsers":164063}]},"responseTimestamp":1630501500001}