{"success":true,"code":"SUCCESS","data":{"states":null,"districts":[{"name":"jaipur","registeredUsers":4226231},{"name":"alwar","registeredUsers":1273307},{"name":"jodhpur","registeredUsers":1114131},{"name":"sikar","registeredUsers":826855},{"name":"ajmer","registeredUsers":776294},{"name":"nagaur","registeredUsers":726871},{"name":"kota","registeredUsers":722793},{"name":"bhilwara","registeredUsers":701929},{"name":"udaipur","registeredUsers":664816},{"name":"jhunjhunu","registeredUsers":611825}],"pincodes":[{"name":"302012","registeredUsers":312285},{"name":"311001","registeredUsers":227209},{"name":"302029","registeredUsers":223910},{"name":"302020","registeredUsers":204686},{"name":"302001","registeredUsers":192943},{"name":"301001","registeredUsers":190560},{"name":"334001","registeredUsers":189777},{"name":"313001","registeredUsers":188708},{"name":"302015","registeredUsers":177498},{"name":"302017","registeredUsers":174826}]},"responseTimestamp":1630501500483}