{"success":true,"code":"SUCCESS","data":{"states":null,"districts":[{"name":"jaipur","registeredUsers":4534297},{"name":"alwar","registeredUsers":1374586},{"name":"jodhpur","registeredUsers":1202937},{"name":"sikar","registeredUsers":892015},{"name":"ajmer","registeredUsers":835375},{"name":"nagaur","registeredUsers":787565},{"name":"kota","registeredUsers":777099},{"name":"bhilwara","registeredUsers":760232},{"name":"udaipur","registeredUsers":716657},{"name":"jhunjhunu","registeredUsers":660246}],"pincodes":[{"name":"302012","registeredUsers":335006},{"name":"311001","registeredUsers":244096},{"name":"302029","registeredUsers":240131},{"name":"302020","registeredUsers":218927},{"name":"302001","registeredUsers":206038},{"name":"301001","registeredUsers":204447},{"name":"334001","registeredUsers":204021},{"name":"313001","registeredUsers":202038},{"name":"302015","registeredUsers":189635},{"name":"302017","registeredUsers":186862}]},"responseTimestamp":1634575138558}