{"success":true,"code":"SUCCESS","data":{"states":null,"districts":[{"name":"jaipur","registeredUsers":4841883},{"name":"alwar","registeredUsers":1474129},{"name":"jodhpur","registeredUsers":1288773},{"name":"sikar","registeredUsers":955025},{"name":"ajmer","registeredUsers":892912},{"name":"nagaur","registeredUsers":845508},{"name":"kota","registeredUsers":831250},{"name":"bhilwara","registeredUsers":816969},{"name":"udaipur","registeredUsers":767224},{"name":"jhunjhunu","registeredUsers":706897}],"pincodes":[{"name":"302012","registeredUsers":357814},{"name":"311001","registeredUsers":261008},{"name":"302029","registeredUsers":256592},{"name":"302020","registeredUsers":233202},{"name":"302001","registeredUsers":219208},{"name":"301001","registeredUsers":218321},{"name":"334001","registeredUsers":218086},{"name":"313001","registeredUsers":215569},{"name":"302015","registeredUsers":201866},{"name":"302017","registeredUsers":199101}]},"responseTimestamp":1643295753563}