{"success":true,"code":"SUCCESS","data":{"states":null,"districts":[{"entityName":"patna","metric":{"type":"TOTAL","count":7894598,"amount":1.1217940482124462E10}},{"entityName":"muzaffarpur","metric":{"type":"TOTAL","count":1262299,"amount":2.06150666205161E9}},{"entityName":"purbi champaran","metric":{"type":"TOTAL","count":1069790,"amount":1.8561475561115208E9}},{"entityName":"gaya","metric":{"type":"TOTAL","count":1025084,"amount":1.4600093364335551E9}},{"entityName":"nalanda","metric":{"type":"TOTAL","count":946010,"amount":1.0770030289911158E9}},{"entityName":"pashchim champaran","metric":{"type":"TOTAL","count":938338,"amount":1.6273395767365215E9}},{"entityName":"rohtas","metric":{"type":"TOTAL","count":879724,"amount":1.104230103111794E9}},{"entityName":"samastipur","metric":{"type":"TOTAL","count":792952,"amount":1.239854737091689E9}},{"entityName":"darbhanga","metric":{"type":"TOTAL","count":763583,"amount":1.4487713575992444E9}},{"entityName":"vaishali","metric":{"type":"TOTAL","count":749004,"amount":1.174950625584596E9}}],"pincodes":[{"entityName":"800015","metric":{"type":"TOTAL","count":3028480,"amount":5.194115440272243E9}},{"entityName":"800006","metric":{"type":"TOTAL","count":1018316,"amount":7.967490361196145E8}},{"entityName":"800001","metric":{"type":"TOTAL","count":722704,"amount":1.1368183482015867E9}},{"entityName":"800020","metric":{"type":"TOTAL","count":566441,"amount":6.6263094671751E8}},{"entityName":"845401","metric":{"type":"TOTAL","count":331604,"amount":4.5931910464926803E8}},{"entityName":"800026","metric":{"type":"TOTAL","count":273238,"amount":2.9829051530049646E8}},{"entityName":"845438","metric":{"type":"TOTAL","count":247420,"amount":3.8516139019052595E8}},{"entityName":"823001","metric":{"type":"TOTAL","count":228702,"amount":3.362223263281404E8}},{"entityName":"842002","metric":{"type":"TOTAL","count":184431,"amount":3.13071335218854E8}},{"entityName":"803101","metric":{"type":"TOTAL","count":170456,"amount":1.91968826025391E8}}]},"responseTimestamp":1630501490148}