{"success":true,"code":"SUCCESS","data":{"states":null,"districts":[{"entityName":"patna","metric":{"type":"TOTAL","count":13421445,"amount":2.6125484618416542E10}},{"entityName":"muzaffarpur","metric":{"type":"TOTAL","count":1260648,"amount":2.7303117140709352E9}},{"entityName":"purbi champaran","metric":{"type":"TOTAL","count":937122,"amount":2.2078212695337534E9}},{"entityName":"gaya","metric":{"type":"TOTAL","count":919937,"amount":1.7180177785639153E9}},{"entityName":"pashchim champaran","metric":{"type":"TOTAL","count":754956,"amount":1.8076463072005067E9}},{"entityName":"darbhanga","metric":{"type":"TOTAL","count":727675,"amount":1.8226080722658947E9}},{"entityName":"nalanda","metric":{"type":"TOTAL","count":710450,"amount":1.2546259956495633E9}},{"entityName":"vaishali","metric":{"type":"TOTAL","count":706255,"amount":1.503710719585722E9}},{"entityName":"madhubani","metric":{"type":"TOTAL","count":689839,"amount":1.8302485209448543E9}},{"entityName":"saran","metric":{"type":"TOTAL","count":660816,"amount":1.5115336754801161E9}}],"pincodes":[{"entityName":"800015","metric":{"type":"TOTAL","count":9362673,"amount":1.9331794343882797E10}},{"entityName":"800006","metric":{"type":"TOTAL","count":752705,"amount":7.940037817386066E8}},{"entityName":"800001","metric":{"type":"TOTAL","count":673777,"amount":1.290892313417395E9}},{"entityName":"800020","metric":{"type":"TOTAL","count":455695,"amount":7.50429668894284E8}},{"entityName":"845401","metric":{"type":"TOTAL","count":259303,"amount":5.041347573381393E8}},{"entityName":"842002","metric":{"type":"TOTAL","count":240597,"amount":5.093724741333645E8}},{"entityName":"823001","metric":{"type":"TOTAL","count":232085,"amount":4.37124188160621E8}},{"entityName":"800026","metric":{"type":"TOTAL","count":215418,"amount":3.188235350014965E8}},{"entityName":"845438","metric":{"type":"TOTAL","count":191190,"amount":4.0910644466864777E8}},{"entityName":"846004","metric":{"type":"TOTAL","count":162084,"amount":3.4189536254160905E8}}]},"responseTimestamp":1630501490476}