{"success":true,"code":"SUCCESS","data":{"states":null,"districts":[{"entityName":"patna","metric":{"type":"TOTAL","count":13404838,"amount":2.9128507191150093E10}},{"entityName":"muzaffarpur","metric":{"type":"TOTAL","count":1526447,"amount":2.9885961036486E9}},{"entityName":"gaya","metric":{"type":"TOTAL","count":1275920,"amount":1.9049554914095883E9}},{"entityName":"purbi champaran","metric":{"type":"TOTAL","count":1028626,"amount":2.3485501306085625E9}},{"entityName":"vaishali","metric":{"type":"TOTAL","count":835929,"amount":1.5742700048935204E9}},{"entityName":"darbhanga","metric":{"type":"TOTAL","count":802970,"amount":1.893397261696498E9}},{"entityName":"pashchim champaran","metric":{"type":"TOTAL","count":794590,"amount":1.8100065868164406E9}},{"entityName":"saran","metric":{"type":"TOTAL","count":768342,"amount":1.4813704868404396E9}},{"entityName":"nalanda","metric":{"type":"TOTAL","count":734808,"amount":1.2723715910222805E9}},{"entityName":"madhubani","metric":{"type":"TOTAL","count":732727,"amount":1.8151650895718448E9}}],"pincodes":[{"entityName":"800015","metric":{"type":"TOTAL","count":8554034,"amount":2.145165938223745E10}},{"entityName":"800001","metric":{"type":"TOTAL","count":867610,"amount":1.505767492000131E9}},{"entityName":"800006","metric":{"type":"TOTAL","count":832126,"amount":8.97172231182941E8}},{"entityName":"800020","metric":{"type":"TOTAL","count":535246,"amount":8.360080497645596E8}},{"entityName":"823001","metric":{"type":"TOTAL","count":300735,"amount":4.9399577822179294E8}},{"entityName":"842002","metric":{"type":"TOTAL","count":291466,"amount":6.466423907601976E8}},{"entityName":"845401","metric":{"type":"TOTAL","count":281037,"amount":5.59454909633683E8}},{"entityName":"800026","metric":{"type":"TOTAL","count":254307,"amount":3.696171013467078E8}},{"entityName":"823002","metric":{"type":"TOTAL","count":231101,"amount":2.467836855662012E8}},{"entityName":"845438","metric":{"type":"TOTAL","count":207066,"amount":4.3147746522305775E8}}]},"responseTimestamp":1630501490883}