{"success":true,"code":"SUCCESS","data":{"states":null,"districts":[{"entityName":"patna","metric":{"type":"TOTAL","count":17235243,"amount":3.770738436064211E10}},{"entityName":"muzaffarpur","metric":{"type":"TOTAL","count":1900732,"amount":4.136536726049083E9}},{"entityName":"gaya","metric":{"type":"TOTAL","count":1627240,"amount":2.505031784840474E9}},{"entityName":"purbi champaran","metric":{"type":"TOTAL","count":1432859,"amount":3.3759351816552954E9}},{"entityName":"nalanda","metric":{"type":"TOTAL","count":1426896,"amount":1.8037082807329946E9}},{"entityName":"pashchim champaran","metric":{"type":"TOTAL","count":1130965,"amount":2.7267202738232546E9}},{"entityName":"rohtas","metric":{"type":"TOTAL","count":1129246,"amount":1.76443030822368E9}},{"entityName":"vaishali","metric":{"type":"TOTAL","count":1092261,"amount":2.283531751166889E9}},{"entityName":"darbhanga","metric":{"type":"TOTAL","count":1059279,"amount":2.585981569648556E9}},{"entityName":"saran","metric":{"type":"TOTAL","count":1039542,"amount":2.2653464271538324E9}}],"pincodes":[{"entityName":"800015","metric":{"type":"TOTAL","count":10441675,"amount":2.6228173437467873E10}},{"entityName":"800001","metric":{"type":"TOTAL","count":1988061,"amount":4.0693709885390196E9}},{"entityName":"800006","metric":{"type":"TOTAL","count":920799,"amount":9.320986817284281E8}},{"entityName":"800020","metric":{"type":"TOTAL","count":664261,"amount":9.587390542237579E8}},{"entityName":"823001","metric":{"type":"TOTAL","count":389852,"amount":6.1802717363859E8}},{"entityName":"845401","metric":{"type":"TOTAL","count":383882,"amount":7.833686953508469E8}},{"entityName":"842002","metric":{"type":"TOTAL","count":381521,"amount":8.629281191904674E8}},{"entityName":"845438","metric":{"type":"TOTAL","count":306174,"amount":7.037997505654192E8}},{"entityName":"800026","metric":{"type":"TOTAL","count":297467,"amount":3.929955320468706E8}},{"entityName":"803101","metric":{"type":"TOTAL","count":274316,"amount":3.2782416451961327E8}}]},"responseTimestamp":1630501491210}