{"success":true,"code":"SUCCESS","data":{"aggregated":{"registeredUsers":123432699,"appOpens":0},"usersByDevice":[{"brand":"Xiaomi","count":32175910,"percentage":0.26067573876837935},{"brand":"Samsung","count":25070398,"percentage":0.20310985827183445},{"brand":"Vivo","count":18778714,"percentage":0.15213727117803685},{"brand":"Oppo","count":13426696,"percentage":0.10877746422769222},{"brand":"Realme","count":5948556,"percentage":0.04819270783344047},{"brand":"Apple","count":4005092,"percentage":0.03244757695851729},{"brand":"Motorola","count":3531217,"percentage":0.028608440296683458},{"brand":"OnePlus","count":3042107,"percentage":0.02464587604942512},{"brand":"Lenovo","count":2553783,"percentage":0.02068967964477549},{"brand":"Huawei","count":2364933,"percentage":0.019159696086690933},{"brand":"Others","count":12535293,"percentage":0.10155569068452437}]},"responseTimestamp":1630501482795}