{"success":true,"code":"SUCCESS","data":{"aggregated":{"registeredUsers":141808226,"appOpens":920413791},"usersByDevice":[{"brand":"Xiaomi","count":36936092,"percentage":0.26046508754717795},{"brand":"Samsung","count":28857066,"percentage":0.20349359704986367},{"brand":"Vivo","count":22157338,"percentage":0.15624860859623194},{"brand":"Oppo","count":15797055,"percentage":0.11139731061863788},{"brand":"Realme","count":6829373,"percentage":0.04815921609512272},{"brand":"Apple","count":4511382,"percentage":0.031813260254733036},{"brand":"Motorola","count":3917097,"percentage":0.02762249490378647},{"brand":"OnePlus","count":3331797,"percentage":0.02349508977003915},{"brand":"Lenovo","count":2826639,"percentage":0.019932828156245322},{"brand":"Huawei","count":2738178,"percentage":0.019309020902637905},{"brand":"Others","count":13906209,"percentage":0.09806348610552394}]},"responseTimestamp":1630501482795}