{"success":true,"code":"SUCCESS","data":{"aggregated":{"registeredUsers":159293934,"appOpens":3448366103},"usersByDevice":[{"brand":"Xiaomi","count":41454122,"percentage":0.26023666412808916},{"brand":"Samsung","count":32271518,"percentage":0.2025910038733804},{"brand":"Vivo","count":25597791,"percentage":0.16069532817238352},{"brand":"Oppo","count":18090143,"percentage":0.11356454414642055},{"brand":"Realme","count":7851606,"percentage":0.049290050178558587},{"brand":"Apple","count":4969855,"percentage":0.03119927341363796},{"brand":"Motorola","count":4193041,"percentage":0.026322665871256593},{"brand":"OnePlus","count":3607223,"percentage":0.022645074482246137},{"brand":"Huawei","count":3116564,"percentage":0.019564863028619785},{"brand":"Lenovo","count":2892338,"percentage":0.018157238806092893},{"brand":"Others","count":15249733,"percentage":0.09573329389931445}]},"responseTimestamp":1630501482795}