{"success":true,"code":"SUCCESS","data":{"aggregated":{"registeredUsers":178279085,"appOpens":4301071954},"usersByDevice":[{"brand":"Xiaomi","count":46286972,"percentage":0.25963209313083474},{"brand":"Samsung","count":35921409,"percentage":0.2014897541122112},{"brand":"Vivo","count":29444698,"percentage":0.16516069734147446},{"brand":"Oppo","count":20682715,"percentage":0.11601313188252003},{"brand":"Realme","count":9177720,"percentage":0.051479510341888954},{"brand":"Apple","count":5361581,"percentage":0.030074088612245232},{"brand":"Motorola","count":4494286,"percentage":0.02520927230471258},{"brand":"OnePlus","count":3833328,"percentage":0.02150183797499297},{"brand":"Huawei","count":3492460,"percentage":0.01958984700869426},{"brand":"Lenovo","count":3062118,"percentage":0.01717598000909641},{"brand":"Others","count":16521798,"percentage":0.09267378728132916}]},"responseTimestamp":1630501482796}