{"success":true,"code":"SUCCESS","data":{"states":null,"districts":[{"name":"east khasi hills","registeredUsers":49251},{"name":"west garo hills","registeredUsers":24124},{"name":"ribhoi","registeredUsers":11689},{"name":"east jaintia hills","registeredUsers":8368},{"name":"west jaintia hills","registeredUsers":4530},{"name":"north garo hills","registeredUsers":3311},{"name":"east garo hills","registeredUsers":3251},{"name":"south west garo hills","registeredUsers":3234},{"name":"south garo hills","registeredUsers":2810},{"name":"west khasi hills","registeredUsers":2522}],"pincodes":[{"name":"793001","registeredUsers":12683},{"name":"793002","registeredUsers":7456},{"name":"794001","registeredUsers":6105},{"name":"793101","registeredUsers":5466},{"name":"794105","registeredUsers":5314},{"name":"793011","registeredUsers":5248},{"name":"793210","registeredUsers":4873},{"name":"794101","registeredUsers":4682},{"name":"794104","registeredUsers":4673},{"name":"793007","registeredUsers":3524}]},"responseTimestamp":1630501498435}