{"success":true,"code":"SUCCESS","data":{"states":null,"districts":[{"name":"east khasi hills","registeredUsers":57322},{"name":"west garo hills","registeredUsers":29492},{"name":"ribhoi","registeredUsers":13550},{"name":"east jaintia hills","registeredUsers":9695},{"name":"west jaintia hills","registeredUsers":5717},{"name":"north garo hills","registeredUsers":4318},{"name":"south west garo hills","registeredUsers":4266},{"name":"east garo hills","registeredUsers":4132},{"name":"south garo hills","registeredUsers":3590},{"name":"west khasi hills","registeredUsers":3195}],"pincodes":[{"name":"793001","registeredUsers":14552},{"name":"793002","registeredUsers":8623},{"name":"794001","registeredUsers":7198},{"name":"794105","registeredUsers":6521},{"name":"793011","registeredUsers":6232},{"name":"793101","registeredUsers":6219},{"name":"794104","registeredUsers":6083},{"name":"794101","registeredUsers":5464},{"name":"793210","registeredUsers":5434},{"name":"793007","registeredUsers":4166}]},"responseTimestamp":1630501498736}