{"success":true,"code":"SUCCESS","data":{"states":null,"districts":[{"name":"east khasi hills","registeredUsers":65268},{"name":"west garo hills","registeredUsers":34201},{"name":"ribhoi","registeredUsers":15427},{"name":"east jaintia hills","registeredUsers":11084},{"name":"west jaintia hills","registeredUsers":6997},{"name":"north garo hills","registeredUsers":5242},{"name":"south west garo hills","registeredUsers":5082},{"name":"east garo hills","registeredUsers":5002},{"name":"south garo hills","registeredUsers":4370},{"name":"west khasi hills","registeredUsers":3899}],"pincodes":[{"name":"793001","registeredUsers":16464},{"name":"793002","registeredUsers":9658},{"name":"794001","registeredUsers":8252},{"name":"794105","registeredUsers":7516},{"name":"793011","registeredUsers":7165},{"name":"794104","registeredUsers":7151},{"name":"793101","registeredUsers":6925},{"name":"794101","registeredUsers":6212},{"name":"793210","registeredUsers":6014},{"name":"793150","registeredUsers":4865}]},"responseTimestamp":1630501499177}