{"success":true,"code":"SUCCESS","data":{"states":null,"districts":[{"name":"east khasi hills","registeredUsers":72639},{"name":"west garo hills","registeredUsers":37988},{"name":"ribhoi","registeredUsers":17198},{"name":"east jaintia hills","registeredUsers":12337},{"name":"west jaintia hills","registeredUsers":7968},{"name":"north garo hills","registeredUsers":5914},{"name":"east garo hills","registeredUsers":5777},{"name":"south west garo hills","registeredUsers":5772},{"name":"south garo hills","registeredUsers":5006},{"name":"west khasi hills","registeredUsers":4484}],"pincodes":[{"name":"793001","registeredUsers":18247},{"name":"793002","registeredUsers":10753},{"name":"794001","registeredUsers":9064},{"name":"794105","registeredUsers":8293},{"name":"794104","registeredUsers":8140},{"name":"793011","registeredUsers":8005},{"name":"793101","registeredUsers":7641},{"name":"794101","registeredUsers":6857},{"name":"793210","registeredUsers":6558},{"name":"793150","registeredUsers":5486}]},"responseTimestamp":1630501499593}