{"success":true,"code":"SUCCESS","data":{"states":null,"districts":[{"entityName":"lakshadweep","metric":{"type":"TOTAL","count":2481,"amount":8786130.479338996}}],"pincodes":[{"entityName":"682555","metric":{"type":"TOTAL","count":1321,"amount":4054159.611482283}},{"entityName":"682557","metric":{"type":"TOTAL","count":428,"amount":2021015.4004817172}},{"entityName":"682551","metric":{"type":"TOTAL","count":203,"amount":634895.5735906198}},{"entityName":"682559","metric":{"type":"TOTAL","count":193,"amount":1293390.6740748046}},{"entityName":"682552","metric":{"type":"TOTAL","count":150,"amount":446817.8958588181}},{"entityName":"682556","metric":{"type":"TOTAL","count":109,"amount":148186.41259568086}},{"entityName":"682558","metric":{"type":"TOTAL","count":58,"amount":147707.05723281612}},{"entityName":"682554","metric":{"type":"TOTAL","count":19,"amount":39957.8540222548}}]},"responseTimestamp":1630501490250}