{"success":true,"code":"SUCCESS","data":{"states":null,"districts":[{"entityName":"lakshadweep","metric":{"type":"TOTAL","count":2926,"amount":9242524.13698889}}],"pincodes":[{"entityName":"682555","metric":{"type":"TOTAL","count":1542,"amount":4690793.316988427}},{"entityName":"682557","metric":{"type":"TOTAL","count":431,"amount":1833526.1615473742}},{"entityName":"682551","metric":{"type":"TOTAL","count":394,"amount":1113924.9783968548}},{"entityName":"682559","metric":{"type":"TOTAL","count":192,"amount":863634.7924088414}},{"entityName":"682552","metric":{"type":"TOTAL","count":182,"amount":434050.6261013747}},{"entityName":"682556","metric":{"type":"TOTAL","count":135,"amount":200339.96663077638}},{"entityName":"682558","metric":{"type":"TOTAL","count":45,"amount":104411.730251283}},{"entityName":"682554","metric":{"type":"TOTAL","count":5,"amount":1842.5646639571864}}]},"responseTimestamp":1630501490586}