{"success":true,"code":"SUCCESS","data":{"states":null,"districts":[{"entityName":"lakshadweep","metric":{"type":"TOTAL","count":3104,"amount":9651761.46376847}}],"pincodes":[{"entityName":"682555","metric":{"type":"TOTAL","count":1659,"amount":3773089.6350253187}},{"entityName":"682551","metric":{"type":"TOTAL","count":530,"amount":1708192.8706464823}},{"entityName":"682557","metric":{"type":"TOTAL","count":464,"amount":2476541.080395855}},{"entityName":"682556","metric":{"type":"TOTAL","count":153,"amount":349198.5725462359}},{"entityName":"682559","metric":{"type":"TOTAL","count":135,"amount":619859.9918967236}},{"entityName":"682552","metric":{"type":"TOTAL","count":134,"amount":669201.2040730031}},{"entityName":"682554","metric":{"type":"TOTAL","count":20,"amount":40429.14360313336}},{"entityName":"682558","metric":{"type":"TOTAL","count":9,"amount":15248.965581715916}}]},"responseTimestamp":1630501490978}