{"success":true,"code":"SUCCESS","data":{"states":null,"districts":[{"entityName":"lakshadweep","metric":{"type":"TOTAL","count":3765,"amount":1.126991340492385E7}}],"pincodes":[{"entityName":"682555","metric":{"type":"TOTAL","count":2171,"amount":6680517.434672307}},{"entityName":"682551","metric":{"type":"TOTAL","count":537,"amount":1342591.4626485973}},{"entityName":"682557","metric":{"type":"TOTAL","count":351,"amount":1394351.3721540496}},{"entityName":"682556","metric":{"type":"TOTAL","count":276,"amount":552216.6364643013}},{"entityName":"682554","metric":{"type":"TOTAL","count":209,"amount":546978.1303369269}},{"entityName":"682552","metric":{"type":"TOTAL","count":107,"amount":149457.2108710476}},{"entityName":"682559","metric":{"type":"TOTAL","count":100,"amount":597218.6920294048}},{"entityName":"682558","metric":{"type":"TOTAL","count":14,"amount":6582.465747216878}}]},"responseTimestamp":1630501491309}