{"success":true,"code":"SUCCESS","data":{"states":[{"name":"maharashtra","registeredUsers":26168390},{"name":"uttar pradesh","registeredUsers":20136256},{"name":"karnataka","registeredUsers":17016980},{"name":"andhra pradesh","registeredUsers":13022060},{"name":"telangana","registeredUsers":12306860},{"name":"rajasthan","registeredUsers":12142053},{"name":"west bengal","registeredUsers":11960822},{"name":"tamil nadu","registeredUsers":10872368},{"name":"gujarat","registeredUsers":10259843},{"name":"madhya pradesh","registeredUsers":10151371}],"districts":[{"name":"bengaluru urban","registeredUsers":7564577},{"name":"pune","registeredUsers":4802397},{"name":"jaipur","registeredUsers":2966508},{"name":"thane","registeredUsers":2878073},{"name":"mumbai suburban","registeredUsers":2843378},{"name":"hyderabad","registeredUsers":2483843},{"name":"ahmadabad","registeredUsers":2185983},{"name":"rangareddy","registeredUsers":2166829},{"name":"medchal malkajgiri","registeredUsers":1845599},{"name":"north twenty four parganas","registeredUsers":1789973}],"pincodes":[{"name":"201301","registeredUsers":425915},{"name":"110059","registeredUsers":342152},{"name":"560068","registeredUsers":334481},{"name":"500072","registeredUsers":296003},{"name":"110092","registeredUsers":280039},{"name":"122001","registeredUsers":277400},{"name":"421302","registeredUsers":270275},{"name":"560078","registeredUsers":234102},{"name":"395006","registeredUsers":230047},{"name":"110086","registeredUsers":226703}]},"responseTimestamp":1630501482811}