{"success":true,"code":"SUCCESS","data":{"states":[{"name":"maharashtra","registeredUsers":34432631},{"name":"uttar pradesh","registeredUsers":27249134},{"name":"karnataka","registeredUsers":22400182},{"name":"andhra pradesh","registeredUsers":17076565},{"name":"rajasthan","registeredUsers":16329494},{"name":"telangana","registeredUsers":15927797},{"name":"west bengal","registeredUsers":15662093},{"name":"tamil nadu","registeredUsers":15357586},{"name":"madhya pradesh","registeredUsers":13737947},{"name":"gujarat","registeredUsers":13605203}],"districts":[{"name":"bengaluru urban","registeredUsers":9286243},{"name":"pune","registeredUsers":6033615},{"name":"thane","registeredUsers":3727358},{"name":"jaipur","registeredUsers":3679874},{"name":"mumbai suburban","registeredUsers":3609970},{"name":"hyderabad","registeredUsers":3142385},{"name":"ahmadabad","registeredUsers":2787991},{"name":"rangareddy","registeredUsers":2704868},{"name":"north twenty four parganas","registeredUsers":2321888},{"name":"medchal malkajgiri","registeredUsers":2282695}],"pincodes":[{"name":"201301","registeredUsers":504506},{"name":"110059","registeredUsers":423149},{"name":"560068","registeredUsers":399638},{"name":"421302","registeredUsers":365506},{"name":"500072","registeredUsers":350832},{"name":"122001","registeredUsers":336803},{"name":"110092","registeredUsers":335783},{"name":"110086","registeredUsers":288308},{"name":"560078","registeredUsers":285544},{"name":"121004","registeredUsers":283882}]},"responseTimestamp":1630501483101}