{"success":true,"code":"SUCCESS","data":{"states":null,"districts":[{"entityName":"aizawl","metric":{"type":"TOTAL","count":182220,"amount":6.093590982421973E8}},{"entityName":"lunglei","metric":{"type":"TOTAL","count":40131,"amount":1.3326245603079641E8}},{"entityName":"lawngtlai","metric":{"type":"TOTAL","count":31658,"amount":1.0615430736708316E8}},{"entityName":"kolasib","metric":{"type":"TOTAL","count":22212,"amount":7.12071051965721E7}},{"entityName":"mamit","metric":{"type":"TOTAL","count":18670,"amount":5.122630747618229E7}},{"entityName":"champhai","metric":{"type":"TOTAL","count":13769,"amount":5.18737029412937E7}},{"entityName":"serchhip","metric":{"type":"TOTAL","count":12877,"amount":4.2644166311948836E7}},{"entityName":"saiha","metric":{"type":"TOTAL","count":8038,"amount":3.537844337986354E7}}],"pincodes":[{"entityName":"796009","metric":{"type":"TOTAL","count":76328,"amount":2.5976661014421672E8}},{"entityName":"796005","metric":{"type":"TOTAL","count":37957,"amount":1.2441905260999735E8}},{"entityName":"796701","metric":{"type":"TOTAL","count":18919,"amount":6.5258670552279636E7}},{"entityName":"796017","metric":{"type":"TOTAL","count":18432,"amount":6.2794863567797646E7}},{"entityName":"796012","metric":{"type":"TOTAL","count":14405,"amount":5.219187148439595E7}},{"entityName":"796772","metric":{"type":"TOTAL","count":12870,"amount":4.350171263680714E7}},{"entityName":"796014","metric":{"type":"TOTAL","count":10398,"amount":3.698135414938186E7}},{"entityName":"796770","metric":{"type":"TOTAL","count":9569,"amount":3.3700318974280916E7}},{"entityName":"796751","metric":{"type":"TOTAL","count":8956,"amount":3.1793990327690378E7}},{"entityName":"796008","metric":{"type":"TOTAL","count":8567,"amount":2.8137492294244178E7}}]},"responseTimestamp":1630501494063}