{"success":true,"code":"SUCCESS","data":{"states":null,"districts":[{"entityName":"aizawl","metric":{"type":"TOTAL","count":222893,"amount":6.357332369899334E8}},{"entityName":"lunglei","metric":{"type":"TOTAL","count":46084,"amount":1.2579868512915294E8}},{"entityName":"lawngtlai","metric":{"type":"TOTAL","count":38779,"amount":1.1057527385365936E8}},{"entityName":"kolasib","metric":{"type":"TOTAL","count":23910,"amount":6.606859811704218E7}},{"entityName":"mamit","metric":{"type":"TOTAL","count":20464,"amount":5.179796437426142E7}},{"entityName":"champhai","metric":{"type":"TOTAL","count":15913,"amount":5.231327717825453E7}},{"entityName":"serchhip","metric":{"type":"TOTAL","count":15664,"amount":3.954120917776598E7}},{"entityName":"saiha","metric":{"type":"TOTAL","count":10633,"amount":4.104622848202239E7}}],"pincodes":[{"entityName":"796009","metric":{"type":"TOTAL","count":100831,"amount":2.868286666678535E8}},{"entityName":"796005","metric":{"type":"TOTAL","count":43604,"amount":1.2289787359299406E8}},{"entityName":"796701","metric":{"type":"TOTAL","count":21870,"amount":6.391946725522681E7}},{"entityName":"796017","metric":{"type":"TOTAL","count":20158,"amount":6.616284771914331E7}},{"entityName":"796772","metric":{"type":"TOTAL","count":17815,"amount":4.425099035806471E7}},{"entityName":"796012","metric":{"type":"TOTAL","count":17215,"amount":5.335006326759015E7}},{"entityName":"796014","metric":{"type":"TOTAL","count":11636,"amount":3.3028353842538297E7}},{"entityName":"796770","metric":{"type":"TOTAL","count":11141,"amount":3.5629519687621586E7}},{"entityName":"796181","metric":{"type":"TOTAL","count":10497,"amount":2.622031778642504E7}},{"entityName":"796751","metric":{"type":"TOTAL","count":10446,"amount":2.5046548816005185E7}}]},"responseTimestamp":1630501494382}