{"success":true,"code":"SUCCESS","data":{"states":null,"districts":[{"entityName":"aizawl","metric":{"type":"TOTAL","count":276340,"amount":8.655373319432544E8}},{"entityName":"lunglei","metric":{"type":"TOTAL","count":55054,"amount":1.5730323144253838E8}},{"entityName":"lawngtlai","metric":{"type":"TOTAL","count":44431,"amount":1.3062515750867543E8}},{"entityName":"kolasib","metric":{"type":"TOTAL","count":30064,"amount":8.41579706374866E7}},{"entityName":"mamit","metric":{"type":"TOTAL","count":22878,"amount":6.585635567206965E7}},{"entityName":"serchhip","metric":{"type":"TOTAL","count":19902,"amount":5.48382602224697E7}},{"entityName":"champhai","metric":{"type":"TOTAL","count":18678,"amount":7.19749710552853E7}},{"entityName":"saiha","metric":{"type":"TOTAL","count":11182,"amount":4.345537173017335E7}}],"pincodes":[{"entityName":"796009","metric":{"type":"TOTAL","count":132382,"amount":3.9654829326272213E8}},{"entityName":"796005","metric":{"type":"TOTAL","count":52537,"amount":1.551530642459396E8}},{"entityName":"796701","metric":{"type":"TOTAL","count":26834,"amount":8.052811627439891E7}},{"entityName":"796017","metric":{"type":"TOTAL","count":23389,"amount":8.432667165194356E7}},{"entityName":"796012","metric":{"type":"TOTAL","count":20907,"amount":7.820025536204359E7}},{"entityName":"796772","metric":{"type":"TOTAL","count":20559,"amount":5.168777580404206E7}},{"entityName":"796181","metric":{"type":"TOTAL","count":13943,"amount":4.0542749306354985E7}},{"entityName":"796014","metric":{"type":"TOTAL","count":13341,"amount":4.476104375577554E7}},{"entityName":"796770","metric":{"type":"TOTAL","count":13106,"amount":4.195794962559353E7}},{"entityName":"796008","metric":{"type":"TOTAL","count":11949,"amount":4.041562427442113E7}}]},"responseTimestamp":1634575106660}