{"success":true,"code":"SUCCESS","data":{"states":null,"districts":[{"entityName":"aizawl","metric":{"type":"TOTAL","count":317555,"amount":1.0212576763595349E9}},{"entityName":"lunglei","metric":{"type":"TOTAL","count":62996,"amount":1.9326781672749367E8}},{"entityName":"lawngtlai","metric":{"type":"TOTAL","count":47572,"amount":1.5273495183765793E8}},{"entityName":"kolasib","metric":{"type":"TOTAL","count":37950,"amount":1.1374371886428112E8}},{"entityName":"mamit","metric":{"type":"TOTAL","count":28553,"amount":7.691020812744261E7}},{"entityName":"champhai","metric":{"type":"TOTAL","count":25625,"amount":1.005012313416473E8}},{"entityName":"serchhip","metric":{"type":"TOTAL","count":21092,"amount":5.8127189330209725E7}},{"entityName":"saiha","metric":{"type":"TOTAL","count":11986,"amount":5.4122948934775494E7}}],"pincodes":[{"entityName":"796009","metric":{"type":"TOTAL","count":149068,"amount":4.5932247146321535E8}},{"entityName":"796005","metric":{"type":"TOTAL","count":57638,"amount":1.8545333579866356E8}},{"entityName":"796701","metric":{"type":"TOTAL","count":31966,"amount":1.0394218683595565E8}},{"entityName":"796017","metric":{"type":"TOTAL","count":28960,"amount":9.744267384527901E7}},{"entityName":"796012","metric":{"type":"TOTAL","count":22585,"amount":8.650536364471038E7}},{"entityName":"796772","metric":{"type":"TOTAL","count":21840,"amount":5.914960109574558E7}},{"entityName":"796014","metric":{"type":"TOTAL","count":18257,"amount":6.388889318901344E7}},{"entityName":"796181","metric":{"type":"TOTAL","count":14693,"amount":4.172054470167772E7}},{"entityName":"796081","metric":{"type":"TOTAL","count":14167,"amount":4.565611742736295E7}},{"entityName":"796770","metric":{"type":"TOTAL","count":13528,"amount":4.312738509576936E7}}]},"responseTimestamp":1643295721971}