{"success":true,"code":"SUCCESS","data":{"aggregated":{"registeredUsers":335339,"appOpens":41418559},"usersByDevice":[{"brand":"Vivo","count":78763,"percentage":0.2348757525966261},{"brand":"Xiaomi","count":75927,"percentage":0.2264186390488431},{"brand":"Samsung","count":56027,"percentage":0.16707570548012607},{"brand":"Oppo","count":52153,"percentage":0.1555232168044874},{"brand":"Realme","count":36430,"percentage":0.10863633517127444},{"brand":"Apple","count":7110,"percentage":0.021202425008722516},{"brand":"OnePlus","count":4423,"percentage":0.01318963794846409},{"brand":"Huawei","count":2515,"percentage":0.007499873262579062},{"brand":"Gionee","count":2482,"percentage":0.007401465382791742},{"brand":"Infinix","count":2358,"percentage":0.00703169031934848},{"brand":"Others","count":17151,"percentage":0.051145258976736975}]},"responseTimestamp":1651127684841}