{"success":true,"code":"SUCCESS","data":{"states":null,"districts":[{"entityName":"jaipur","metric":{"type":"TOTAL","count":52623661,"amount":9.836084799380876E10}},{"entityName":"alwar","metric":{"type":"TOTAL","count":5046369,"amount":9.090012850268248E9}},{"entityName":"jodhpur","metric":{"type":"TOTAL","count":3807384,"amount":7.642170733961327E9}},{"entityName":"kota","metric":{"type":"TOTAL","count":3282916,"amount":4.2721028640380745E9}},{"entityName":"bhilwara","metric":{"type":"TOTAL","count":2976581,"amount":5.578143401683448E9}},{"entityName":"sikar","metric":{"type":"TOTAL","count":2898431,"amount":6.198159589270256E9}},{"entityName":"udaipur","metric":{"type":"TOTAL","count":2735381,"amount":3.9478491728481545E9}},{"entityName":"ajmer","metric":{"type":"TOTAL","count":2642400,"amount":5.228150510999587E9}},{"entityName":"dausa","metric":{"type":"TOTAL","count":2290731,"amount":3.676225560290492E9}},{"entityName":"nagaur","metric":{"type":"TOTAL","count":1885285,"amount":4.010256396916327E9}}],"pincodes":[{"entityName":"302016","metric":{"type":"TOTAL","count":24180734,"amount":5.617413737766255E10}},{"entityName":"302012","metric":{"type":"TOTAL","count":1996180,"amount":3.326530110603928E9}},{"entityName":"302017","metric":{"type":"TOTAL","count":1789653,"amount":1.9058161722048004E9}},{"entityName":"302015","metric":{"type":"TOTAL","count":1770262,"amount":1.9060373174351964E9}},{"entityName":"302020","metric":{"type":"TOTAL","count":1655754,"amount":2.113727255512595E9}},{"entityName":"302029","metric":{"type":"TOTAL","count":1549817,"amount":2.0221006459093838E9}},{"entityName":"311001","metric":{"type":"TOTAL","count":1198654,"amount":2.1579455933313217E9}},{"entityName":"302022","metric":{"type":"TOTAL","count":1149971,"amount":1.3823039135690722E9}},{"entityName":"302018","metric":{"type":"TOTAL","count":1117666,"amount":1.240834639235261E9}},{"entityName":"302013","metric":{"type":"TOTAL","count":924684,"amount":1.640589770796785E9}}]},"responseTimestamp":1630501491823}