{"success":true,"code":"SUCCESS","data":{"states":null,"districts":[{"entityName":"jaipur","metric":{"type":"TOTAL","count":43871862,"amount":8.827081697790562E10}},{"entityName":"alwar","metric":{"type":"TOTAL","count":5981709,"amount":1.023964971969033E10}},{"entityName":"jodhpur","metric":{"type":"TOTAL","count":3972317,"amount":7.649652331703363E9}},{"entityName":"sikar","metric":{"type":"TOTAL","count":3448263,"amount":6.813435569801193E9}},{"entityName":"bhilwara","metric":{"type":"TOTAL","count":3144077,"amount":5.583955261068823E9}},{"entityName":"dausa","metric":{"type":"TOTAL","count":2849821,"amount":4.53783588588078E9}},{"entityName":"kota","metric":{"type":"TOTAL","count":2674020,"amount":4.2711594454302053E9}},{"entityName":"ajmer","metric":{"type":"TOTAL","count":2539677,"amount":4.723275736995972E9}},{"entityName":"nagaur","metric":{"type":"TOTAL","count":2506689,"amount":4.856436699305586E9}},{"entityName":"udaipur","metric":{"type":"TOTAL","count":2293910,"amount":3.491313530816518E9}}],"pincodes":[{"entityName":"302016","metric":{"type":"TOTAL","count":22032140,"amount":5.361067507851194E10}},{"entityName":"302012","metric":{"type":"TOTAL","count":1714609,"amount":2.8053780230715084E9}},{"entityName":"311001","metric":{"type":"TOTAL","count":1047487,"amount":1.845583605750906E9}},{"entityName":"302029","metric":{"type":"TOTAL","count":1044546,"amount":1.488165239627231E9}},{"entityName":"302017","metric":{"type":"TOTAL","count":926234,"amount":1.2537584850290926E9}},{"entityName":"302020","metric":{"type":"TOTAL","count":903625,"amount":1.4053296039782574E9}},{"entityName":"302013","metric":{"type":"TOTAL","count":811144,"amount":1.3808786422678845E9}},{"entityName":"301001","metric":{"type":"TOTAL","count":761900,"amount":1.5203413251810446E9}},{"entityName":"302022","metric":{"type":"TOTAL","count":719586,"amount":8.865916829229785E8}},{"entityName":"302021","metric":{"type":"TOTAL","count":663321,"amount":1.0741220043133793E9}}]},"responseTimestamp":1630501492170}