{"success":true,"code":"SUCCESS","data":{"states":null,"districts":[{"entityName":"jaipur","metric":{"type":"TOTAL","count":71797182,"amount":1.381894240314575E11}},{"entityName":"alwar","metric":{"type":"TOTAL","count":7995044,"amount":1.4617913028152313E10}},{"entityName":"jodhpur","metric":{"type":"TOTAL","count":6262826,"amount":1.371412219799096E10}},{"entityName":"bhilwara","metric":{"type":"TOTAL","count":4656173,"amount":9.414793215559494E9}},{"entityName":"sikar","metric":{"type":"TOTAL","count":4567655,"amount":9.916206321877428E9}},{"entityName":"kota","metric":{"type":"TOTAL","count":4442791,"amount":8.027789840771695E9}},{"entityName":"ajmer","metric":{"type":"TOTAL","count":3910137,"amount":8.288212743525795E9}},{"entityName":"udaipur","metric":{"type":"TOTAL","count":3836995,"amount":6.351934008147478E9}},{"entityName":"dausa","metric":{"type":"TOTAL","count":3552220,"amount":5.920927935593803E9}},{"entityName":"nagaur","metric":{"type":"TOTAL","count":3048026,"amount":6.903346685307568E9}}],"pincodes":[{"entityName":"302016","metric":{"type":"TOTAL","count":34723808,"amount":7.810475048406071E10}},{"entityName":"302012","metric":{"type":"TOTAL","count":2978724,"amount":5.083852171005617E9}},{"entityName":"302029","metric":{"type":"TOTAL","count":2115683,"amount":3.0888375079715004E9}},{"entityName":"302017","metric":{"type":"TOTAL","count":1968883,"amount":2.4582077678343773E9}},{"entityName":"302020","metric":{"type":"TOTAL","count":1953633,"amount":2.9122542556836677E9}},{"entityName":"311001","metric":{"type":"TOTAL","count":1889390,"amount":3.796669780948629E9}},{"entityName":"302015","metric":{"type":"TOTAL","count":1555246,"amount":2.048386117048542E9}},{"entityName":"302013","metric":{"type":"TOTAL","count":1417426,"amount":2.5588367321627827E9}},{"entityName":"342003","metric":{"type":"TOTAL","count":1404294,"amount":3.422321138565303E9}},{"entityName":"302022","metric":{"type":"TOTAL","count":1351686,"amount":1.726675996720219E9}}]},"responseTimestamp":1630501493173}