{"success":true,"code":"SUCCESS","data":{"states":null,"districts":[{"entityName":"jaipur","metric":{"type":"TOTAL","count":82378485,"amount":1.5964171897841748E11}},{"entityName":"alwar","metric":{"type":"TOTAL","count":10874361,"amount":2.1064630283175983E10}},{"entityName":"jodhpur","metric":{"type":"TOTAL","count":8568947,"amount":1.9107841742138824E10}},{"entityName":"bhilwara","metric":{"type":"TOTAL","count":6669204,"amount":1.3765886969320032E10}},{"entityName":"sikar","metric":{"type":"TOTAL","count":6635869,"amount":1.5551286576699253E10}},{"entityName":"kota","metric":{"type":"TOTAL","count":6392503,"amount":1.1328763287371359E10}},{"entityName":"ajmer","metric":{"type":"TOTAL","count":5843422,"amount":1.2526263260900742E10}},{"entityName":"udaipur","metric":{"type":"TOTAL","count":5631994,"amount":9.376663713630653E9}},{"entityName":"nagaur","metric":{"type":"TOTAL","count":4447471,"amount":1.0913756198461227E10}},{"entityName":"bikaner","metric":{"type":"TOTAL","count":4005208,"amount":8.393453473061908E9}}],"pincodes":[{"entityName":"302016","metric":{"type":"TOTAL","count":31028451,"amount":7.159927714869725E10}},{"entityName":"302012","metric":{"type":"TOTAL","count":4133916,"amount":7.568975613010782E9}},{"entityName":"302029","metric":{"type":"TOTAL","count":2950949,"amount":4.51116548109104E9}},{"entityName":"302020","metric":{"type":"TOTAL","count":2848123,"amount":4.361341516364241E9}},{"entityName":"302017","metric":{"type":"TOTAL","count":2779460,"amount":3.652602992398799E9}},{"entityName":"311001","metric":{"type":"TOTAL","count":2629635,"amount":5.425595084708213E9}},{"entityName":"302015","metric":{"type":"TOTAL","count":2430258,"amount":3.1273513751951747E9}},{"entityName":"302013","metric":{"type":"TOTAL","count":1977523,"amount":3.7369186318289013E9}},{"entityName":"302022","metric":{"type":"TOTAL","count":1966049,"amount":2.555419117343486E9}},{"entityName":"302021","metric":{"type":"TOTAL","count":1854909,"amount":3.2271395643018975E9}}]},"responseTimestamp":1630501493519}