{"success":true,"code":"SUCCESS","data":{"states":null,"districts":[{"name":"chandigarh","registeredUsers":419998}],"pincodes":[{"name":"160101","registeredUsers":59366},{"name":"160002","registeredUsers":51384},{"name":"160036","registeredUsers":44518},{"name":"160047","registeredUsers":42473},{"name":"160022","registeredUsers":32441},{"name":"160014","registeredUsers":29983},{"name":"160015","registeredUsers":15642},{"name":"160030","registeredUsers":15357},{"name":"160011","registeredUsers":14949},{"name":"160019","registeredUsers":14773}]},"responseTimestamp":1630501499818}