{"success":true,"code":"SUCCESS","data":{"states":null,"districts":[{"name":"chandigarh","registeredUsers":448572}],"pincodes":[{"name":"160101","registeredUsers":63492},{"name":"160002","registeredUsers":54973},{"name":"160036","registeredUsers":47535},{"name":"160047","registeredUsers":45337},{"name":"160022","registeredUsers":34573},{"name":"160014","registeredUsers":32068},{"name":"160015","registeredUsers":16673},{"name":"160030","registeredUsers":16402},{"name":"160011","registeredUsers":15925},{"name":"160019","registeredUsers":15784}]},"responseTimestamp":1630501500251}