{"success":true,"code":"SUCCESS","data":{"states":null,"districts":[{"name":"chandigarh","registeredUsers":480463}],"pincodes":[{"name":"160101","registeredUsers":68033},{"name":"160002","registeredUsers":58992},{"name":"160036","registeredUsers":50920},{"name":"160047","registeredUsers":48505},{"name":"160022","registeredUsers":36978},{"name":"160014","registeredUsers":34469},{"name":"160015","registeredUsers":17785},{"name":"160030","registeredUsers":17596},{"name":"160011","registeredUsers":16987},{"name":"160019","registeredUsers":16871}]},"responseTimestamp":1634575153474}