{"success":true,"code":"SUCCESS","data":{"states":null,"districts":[{"name":"chandigarh","registeredUsers":512092}],"pincodes":[{"name":"160101","registeredUsers":72637},{"name":"160002","registeredUsers":62969},{"name":"160036","registeredUsers":54223},{"name":"160047","registeredUsers":51660},{"name":"160022","registeredUsers":39282},{"name":"160014","registeredUsers":36857},{"name":"160015","registeredUsers":18899},{"name":"160030","registeredUsers":18735},{"name":"160011","registeredUsers":18061},{"name":"160019","registeredUsers":17944}]},"responseTimestamp":1643295768668}