{"success":true,"code":"SUCCESS","data":{"hoverDataList":[{"name":"dhamtari district","metric":[{"type":"TOTAL","count":40907,"amount":3.696940665169988E7}]},{"name":"korba district","metric":[{"type":"TOTAL","count":93345,"amount":9.936668313643219E7}]},{"name":"surajpur district","metric":[{"type":"TOTAL","count":35573,"amount":3.42429771533452E7}]},{"name":"baloda bazar district","metric":[{"type":"TOTAL","count":61987,"amount":5.545525190835041E7}]},{"name":"sukma district","metric":[{"type":"TOTAL","count":3825,"amount":6509136.045384104}]},{"name":"raigarh district","metric":[{"type":"TOTAL","count":133135,"amount":1.4046399472274816E8}]},{"name":"janjgir champa district","metric":[{"type":"TOTAL","count":219761,"amount":2.2398425954781693E8}]},{"name":"jashpur district","metric":[{"type":"TOTAL","count":41174,"amount":3.906862043575929E7}]},{"name":"balod district","metric":[{"type":"TOTAL","count":36121,"amount":3.3548672664485324E7}]},{"name":"kabirdham district","metric":[{"type":"TOTAL","count":32615,"amount":2.2661025448303588E7}]},{"name":"surguja district","metric":[{"type":"TOTAL","count":68251,"amount":7.782292104137452E7}]},{"name":"dantewada district","metric":[{"type":"TOTAL","count":8452,"amount":1.2999922810604937E7}]},{"name":"gariyaband district","metric":[{"type":"TOTAL","count":40648,"amount":3.868458983509959E7}]},{"name":"durg district","metric":[{"type":"TOTAL","count":226774,"amount":2.744351998248116E8}]},{"name":"rajnandgaon district","metric":[{"type":"TOTAL","count":73040,"amount":7.983083205145703E7}]},{"name":"raipur district","metric":[{"type":"TOTAL","count":323570,"amount":4.746333638981755E8}]},{"name":"narayanpur district","metric":[{"type":"TOTAL","count":2998,"amount":2964107.201561708}]},{"name":"kanker district","metric":[{"type":"TOTAL","count":29788,"amount":2.837323131840328E7}]},{"name":"korea district","metric":[{"type":"TOTAL","count":39025,"amount":4.400843287485616E7}]},{"name":"mungeli district","metric":[{"type":"TOTAL","count":19819,"amount":1.581913835146201E7}]},{"name":"bilaspur district","metric":[{"type":"TOTAL","count":158509,"amount":1.6986504594570604E8}]},{"name":"balrampur district","metric":[{"type":"TOTAL","count":29546,"amount":4.1793646192111745E7}]},{"name":"bijapur district","metric":[{"type":"TOTAL","count":5863,"amount":1.0478592789207593E7}]},{"name":"bemetara district","metric":[{"type":"TOTAL","count":41406,"amount":4.032624406428747E7}]},{"name":"bastar district","metric":[{"type":"TOTAL","count":38895,"amount":5.036551288669063E7}]},{"name":"kondagaon district","metric":[{"type":"TOTAL","count":22249,"amount":2.528340236998293E7}]},{"name":"mahasamund district","metric":[{"type":"TOTAL","count":64238,"amount":6.920134606665277E7}]}]},"responseTimestamp":1630502910688}