{"success":true,"code":"SUCCESS","data":{"hoverDataList":[{"name":"dhamtari district","metric":[{"type":"TOTAL","count":64767,"amount":7.591621048885134E7}]},{"name":"korba district","metric":[{"type":"TOTAL","count":138391,"amount":2.1103625002659774E8}]},{"name":"surajpur district","metric":[{"type":"TOTAL","count":52149,"amount":7.121464279943518E7}]},{"name":"baloda bazar district","metric":[{"type":"TOTAL","count":92920,"amount":1.3380835816844037E8}]},{"name":"sukma district","metric":[{"type":"TOTAL","count":6329,"amount":1.721659673504253E7}]},{"name":"raigarh district","metric":[{"type":"TOTAL","count":190903,"amount":2.692289227693977E8}]},{"name":"janjgir champa district","metric":[{"type":"TOTAL","count":402022,"amount":5.656263173622495E8}]},{"name":"jashpur district","metric":[{"type":"TOTAL","count":57456,"amount":8.188045775661291E7}]},{"name":"balod district","metric":[{"type":"TOTAL","count":51273,"amount":5.567968881664646E7}]},{"name":"kabirdham district","metric":[{"type":"TOTAL","count":45836,"amount":5.036874515026155E7}]},{"name":"surguja district","metric":[{"type":"TOTAL","count":94260,"amount":1.5605782647418585E8}]},{"name":"dantewada district","metric":[{"type":"TOTAL","count":16759,"amount":3.331975830556655E7}]},{"name":"gariyaband district","metric":[{"type":"TOTAL","count":54234,"amount":6.965273144749868E7}]},{"name":"durg district","metric":[{"type":"TOTAL","count":302345,"amount":4.665145321427194E8}]},{"name":"rajnandgaon district","metric":[{"type":"TOTAL","count":118132,"amount":1.528261472432136E8}]},{"name":"raipur district","metric":[{"type":"TOTAL","count":470127,"amount":8.417045743248034E8}]},{"name":"narayanpur district","metric":[{"type":"TOTAL","count":4613,"amount":6008458.096208755}]},{"name":"kanker district","metric":[{"type":"TOTAL","count":39505,"amount":6.060170239365116E7}]},{"name":"korea district","metric":[{"type":"TOTAL","count":54668,"amount":9.505051151330401E7}]},{"name":"mungeli district","metric":[{"type":"TOTAL","count":31126,"amount":3.696729702084474E7}]},{"name":"bilaspur district","metric":[{"type":"TOTAL","count":227499,"amount":3.244495532865913E8}]},{"name":"balrampur district","metric":[{"type":"TOTAL","count":45309,"amount":1.1247357226822115E8}]},{"name":"bijapur district","metric":[{"type":"TOTAL","count":12815,"amount":2.620113389758309E7}]},{"name":"bemetara district","metric":[{"type":"TOTAL","count":61257,"amount":8.064758692949432E7}]},{"name":"bastar district","metric":[{"type":"TOTAL","count":57153,"amount":9.60216356917436E7}]},{"name":"kondagaon district","metric":[{"type":"TOTAL","count":31090,"amount":4.919022037838579E7}]},{"name":"mahasamund district","metric":[{"type":"TOTAL","count":93218,"amount":1.2450701167411298E8}]}]},"responseTimestamp":1630502910931}