{"success":true,"code":"SUCCESS","data":{"hoverDataList":[{"name":"dhamtari district","metric":[{"type":"TOTAL","count":82428,"amount":1.174880090239144E8}]},{"name":"korba district","metric":[{"type":"TOTAL","count":184852,"amount":2.9343619459698164E8}]},{"name":"surajpur district","metric":[{"type":"TOTAL","count":70726,"amount":1.173945262211022E8}]},{"name":"baloda bazar district","metric":[{"type":"TOTAL","count":127539,"amount":2.0469399296310723E8}]},{"name":"sukma district","metric":[{"type":"TOTAL","count":14906,"amount":3.449722233322545E7}]},{"name":"raigarh district","metric":[{"type":"TOTAL","count":263831,"amount":4.1015329534528005E8}]},{"name":"janjgir champa district","metric":[{"type":"TOTAL","count":544027,"amount":7.617815456720302E8}]},{"name":"jashpur district","metric":[{"type":"TOTAL","count":68085,"amount":1.0765298444522895E8}]},{"name":"balod district","metric":[{"type":"TOTAL","count":71561,"amount":9.266125852399492E7}]},{"name":"kabirdham district","metric":[{"type":"TOTAL","count":59769,"amount":7.908157709812817E7}]},{"name":"surguja district","metric":[{"type":"TOTAL","count":123129,"amount":2.2246743369994545E8}]},{"name":"dantewada district","metric":[{"type":"TOTAL","count":30707,"amount":6.198319157948123E7}]},{"name":"gariyaband district","metric":[{"type":"TOTAL","count":68853,"amount":1.001974817308268E8}]},{"name":"durg district","metric":[{"type":"TOTAL","count":397408,"amount":6.706513157474772E8}]},{"name":"rajnandgaon district","metric":[{"type":"TOTAL","count":154856,"amount":2.3442813706427848E8}]},{"name":"raipur district","metric":[{"type":"TOTAL","count":659871,"amount":1.2351903039525878E9}]},{"name":"narayanpur district","metric":[{"type":"TOTAL","count":10326,"amount":1.4992218067332882E7}]},{"name":"kanker district","metric":[{"type":"TOTAL","count":62200,"amount":9.906643065690401E7}]},{"name":"korea district","metric":[{"type":"TOTAL","count":79975,"amount":1.5184965785464737E8}]},{"name":"mungeli district","metric":[{"type":"TOTAL","count":40168,"amount":5.898298665258928E7}]},{"name":"bilaspur district","metric":[{"type":"TOTAL","count":335751,"amount":4.981278618344182E8}]},{"name":"balrampur district","metric":[{"type":"TOTAL","count":59664,"amount":1.5005286827342016E8}]},{"name":"bijapur district","metric":[{"type":"TOTAL","count":23318,"amount":5.222160748542527E7}]},{"name":"bemetara district","metric":[{"type":"TOTAL","count":73056,"amount":1.1060094488712542E8}]},{"name":"bastar district","metric":[{"type":"TOTAL","count":84286,"amount":1.5277316490885538E8}]},{"name":"kondagaon district","metric":[{"type":"TOTAL","count":42641,"amount":7.002698347794574E7}]},{"name":"mahasamund district","metric":[{"type":"TOTAL","count":125671,"amount":1.9985387935012454E8}]}]},"responseTimestamp":1630502910982}