{"success":true,"code":"SUCCESS","data":{"hoverDataList":[{"name":"dhamtari district","metric":[{"type":"TOTAL","count":108799,"amount":1.6470873396832758E8}]},{"name":"korba district","metric":[{"type":"TOTAL","count":270387,"amount":4.8036544942326164E8}]},{"name":"surajpur district","metric":[{"type":"TOTAL","count":109764,"amount":1.9293827021663088E8}]},{"name":"baloda bazar district","metric":[{"type":"TOTAL","count":190033,"amount":2.9598210636890244E8}]},{"name":"sukma district","metric":[{"type":"TOTAL","count":29759,"amount":6.649304742363013E7}]},{"name":"raigarh district","metric":[{"type":"TOTAL","count":371009,"amount":6.093552161028209E8}]},{"name":"janjgir champa district","metric":[{"type":"TOTAL","count":669790,"amount":1.023380162572681E9}]},{"name":"jashpur district","metric":[{"type":"TOTAL","count":91425,"amount":1.814391337637751E8}]},{"name":"balod district","metric":[{"type":"TOTAL","count":101967,"amount":1.494671981419273E8}]},{"name":"kabirdham district","metric":[{"type":"TOTAL","count":90957,"amount":1.302611254707921E8}]},{"name":"surguja district","metric":[{"type":"TOTAL","count":174043,"amount":3.5417970654506606E8}]},{"name":"dantewada district","metric":[{"type":"TOTAL","count":51960,"amount":1.1408758590967672E8}]},{"name":"gariyaband district","metric":[{"type":"TOTAL","count":82751,"amount":1.544671584469632E8}]},{"name":"durg district","metric":[{"type":"TOTAL","count":529904,"amount":9.442873675683255E8}]},{"name":"rajnandgaon district","metric":[{"type":"TOTAL","count":204099,"amount":3.5290150478259885E8}]},{"name":"raipur district","metric":[{"type":"TOTAL","count":891868,"amount":1.7408611080445876E9}]},{"name":"narayanpur district","metric":[{"type":"TOTAL","count":20798,"amount":3.792153367589848E7}]},{"name":"kanker district","metric":[{"type":"TOTAL","count":102769,"amount":2.0461947911186063E8}]},{"name":"korea district","metric":[{"type":"TOTAL","count":122536,"amount":2.3708346933324972E8}]},{"name":"mungeli district","metric":[{"type":"TOTAL","count":82792,"amount":1.0641484643663485E8}]},{"name":"bilaspur district","metric":[{"type":"TOTAL","count":471373,"amount":7.3044643189519E8}]},{"name":"balrampur district","metric":[{"type":"TOTAL","count":92320,"amount":2.4764305291707128E8}]},{"name":"bijapur district","metric":[{"type":"TOTAL","count":38826,"amount":8.303026577317062E7}]},{"name":"bemetara district","metric":[{"type":"TOTAL","count":100405,"amount":1.5608770993434596E8}]},{"name":"bastar district","metric":[{"type":"TOTAL","count":123188,"amount":2.4007396967640284E8}]},{"name":"kondagaon district","metric":[{"type":"TOTAL","count":63449,"amount":1.2075046563868642E8}]},{"name":"mahasamund district","metric":[{"type":"TOTAL","count":178873,"amount":2.9716656582886094E8}]}]},"responseTimestamp":1630502911029}