{"success":true,"code":"SUCCESS","data":{"states":null,"districts":[{"name":"west","registeredUsers":820526},{"name":"south east delhi","registeredUsers":671667},{"name":"north west","registeredUsers":583438},{"name":"new delhi","registeredUsers":558516},{"name":"central delhi","registeredUsers":529918},{"name":"south west","registeredUsers":467571},{"name":"north","registeredUsers":447987},{"name":"east","registeredUsers":439639},{"name":"south","registeredUsers":407519},{"name":"shahdara","registeredUsers":310351}],"pincodes":[{"name":"110059","registeredUsers":246566},{"name":"110092","registeredUsers":206805},{"name":"110086","registeredUsers":158267},{"name":"110085","registeredUsers":152640},{"name":"110044","registeredUsers":145716},{"name":"110096","registeredUsers":135423},{"name":"110041","registeredUsers":129476},{"name":"110043","registeredUsers":117835},{"name":"110094","registeredUsers":114562},{"name":"110042","registeredUsers":113898}]},"responseTimestamp":1630501496479}