{"success":true,"code":"SUCCESS","data":{"states":null,"districts":[{"name":"west","registeredUsers":919096},{"name":"south east delhi","registeredUsers":749218},{"name":"north west","registeredUsers":649377},{"name":"new delhi","registeredUsers":637526},{"name":"central delhi","registeredUsers":596940},{"name":"south west","registeredUsers":519422},{"name":"north","registeredUsers":502570},{"name":"east","registeredUsers":487121},{"name":"south","registeredUsers":453829},{"name":"shahdara","registeredUsers":352312}],"pincodes":[{"name":"110059","registeredUsers":274593},{"name":"110092","registeredUsers":228546},{"name":"110086","registeredUsers":177199},{"name":"110085","registeredUsers":167307},{"name":"110044","registeredUsers":162716},{"name":"110096","registeredUsers":150097},{"name":"110041","registeredUsers":146820},{"name":"110043","registeredUsers":131498},{"name":"110094","registeredUsers":130660},{"name":"110042","registeredUsers":129008}]},"responseTimestamp":1630501496810}