{"success":true,"code":"SUCCESS","data":{"states":null,"districts":[{"name":"west","registeredUsers":1008836},{"name":"south east delhi","registeredUsers":821304},{"name":"north west","registeredUsers":709448},{"name":"new delhi","registeredUsers":705546},{"name":"central delhi","registeredUsers":658985},{"name":"south west","registeredUsers":567496},{"name":"north","registeredUsers":554029},{"name":"east","registeredUsers":532254},{"name":"south","registeredUsers":498200},{"name":"shahdara","registeredUsers":391827}],"pincodes":[{"name":"110059","registeredUsers":300007},{"name":"110092","registeredUsers":248727},{"name":"110086","registeredUsers":194575},{"name":"110085","registeredUsers":180186},{"name":"110044","registeredUsers":178410},{"name":"110096","registeredUsers":164301},{"name":"110041","registeredUsers":163228},{"name":"110001","registeredUsers":148352},{"name":"110094","registeredUsers":146798},{"name":"110043","registeredUsers":144276}]},"responseTimestamp":1630501497432}