{"success":true,"code":"SUCCESS","data":{"states":null,"districts":[{"name":"west","registeredUsers":1081496},{"name":"south east delhi","registeredUsers":883080},{"name":"north west","registeredUsers":758620},{"name":"new delhi","registeredUsers":757888},{"name":"central delhi","registeredUsers":711015},{"name":"south west","registeredUsers":605482},{"name":"north","registeredUsers":598910},{"name":"east","registeredUsers":568283},{"name":"south","registeredUsers":533716},{"name":"shahdara","registeredUsers":425305}],"pincodes":[{"name":"110059","registeredUsers":320535},{"name":"110092","registeredUsers":264380},{"name":"110086","registeredUsers":209488},{"name":"110044","registeredUsers":192424},{"name":"110085","registeredUsers":189774},{"name":"110041","registeredUsers":177838},{"name":"110096","registeredUsers":176194},{"name":"110094","registeredUsers":161096},{"name":"110001","registeredUsers":160180},{"name":"110053","registeredUsers":156000}]},"responseTimestamp":1630501497908}