{"success":true,"code":"SUCCESS","data":{"states":null,"districts":[{"entityName":"kolkata","metric":{"type":"TOTAL","count":9807639,"amount":1.233294423704475E10}},{"entityName":"north twenty four parganas","metric":{"type":"TOTAL","count":6016538,"amount":6.234416494557014E9}},{"entityName":"birbhum","metric":{"type":"TOTAL","count":5081745,"amount":6.063627232544631E9}},{"entityName":"murshidabad","metric":{"type":"TOTAL","count":2701331,"amount":2.4353413208521204E9}},{"entityName":"purba bardhaman","metric":{"type":"TOTAL","count":2576757,"amount":2.1022770821985483E9}},{"entityName":"hooghly","metric":{"type":"TOTAL","count":2488635,"amount":2.0456441423086185E9}},{"entityName":"south twenty four parganas","metric":{"type":"TOTAL","count":2381496,"amount":2.207352520777785E9}},{"entityName":"purba medinipur","metric":{"type":"TOTAL","count":2175167,"amount":2.4261381021437855E9}},{"entityName":"paschim medinipur","metric":{"type":"TOTAL","count":2056170,"amount":1.9768068575443428E9}},{"entityName":"nadia","metric":{"type":"TOTAL","count":1878230,"amount":1.6747234680591764E9}}],"pincodes":[{"entityName":"700009","metric":{"type":"TOTAL","count":6353573,"amount":7.885002278529918E9}},{"entityName":"731101","metric":{"type":"TOTAL","count":3773146,"amount":5.209476344848623E9}},{"entityName":"713101","metric":{"type":"TOTAL","count":693786,"amount":6.505586390425024E8}},{"entityName":"700156","metric":{"type":"TOTAL","count":458706,"amount":3.8116019352539307E8}},{"entityName":"700135","metric":{"type":"TOTAL","count":412165,"amount":2.993231422180462E8}},{"entityName":"713145","metric":{"type":"TOTAL","count":335528,"amount":2.917227684871103E8}},{"entityName":"700091","metric":{"type":"TOTAL","count":333939,"amount":3.2986453024381566E8}},{"entityName":"713201","metric":{"type":"TOTAL","count":271824,"amount":2.5831079049117124E8}},{"entityName":"734006","metric":{"type":"TOTAL","count":238641,"amount":3.1822000917729104E8}},{"entityName":"721101","metric":{"type":"TOTAL","count":238165,"amount":2.2378612413063136E8}}]},"responseTimestamp":1630501490407}