{"success":true,"code":"SUCCESS","data":{"states":null,"districts":[{"entityName":"kolkata","metric":{"type":"TOTAL","count":13259522,"amount":1.726084890077318E10}},{"entityName":"north twenty four parganas","metric":{"type":"TOTAL","count":6157371,"amount":7.197223705950621E9}},{"entityName":"purba bardhaman","metric":{"type":"TOTAL","count":4174535,"amount":4.375901182135069E9}},{"entityName":"hooghly","metric":{"type":"TOTAL","count":2379459,"amount":2.4423366736144834E9}},{"entityName":"murshidabad","metric":{"type":"TOTAL","count":2301748,"amount":2.7444611543824716E9}},{"entityName":"paschim bardhaman","metric":{"type":"TOTAL","count":2145729,"amount":2.557384605140711E9}},{"entityName":"south twenty four parganas","metric":{"type":"TOTAL","count":2092814,"amount":2.4371946766534767E9}},{"entityName":"purba medinipur","metric":{"type":"TOTAL","count":1850677,"amount":2.4399967337922893E9}},{"entityName":"howrah","metric":{"type":"TOTAL","count":1740780,"amount":2.186684125294092E9}},{"entityName":"nadia","metric":{"type":"TOTAL","count":1702468,"amount":1.996301068112169E9}}],"pincodes":[{"entityName":"700009","metric":{"type":"TOTAL","count":9694969,"amount":1.2068405239946836E10}},{"entityName":"713101","metric":{"type":"TOTAL","count":1923462,"amount":2.0912512724866529E9}},{"entityName":"713145","metric":{"type":"TOTAL","count":978252,"amount":1.0337920714113638E9}},{"entityName":"713201","metric":{"type":"TOTAL","count":718997,"amount":7.841505273931092E8}},{"entityName":"734006","metric":{"type":"TOTAL","count":642496,"amount":8.51702638298517E8}},{"entityName":"700156","metric":{"type":"TOTAL","count":553505,"amount":4.442006009528749E8}},{"entityName":"700135","metric":{"type":"TOTAL","count":390972,"amount":3.3830030032541716E8}},{"entityName":"700091","metric":{"type":"TOTAL","count":370516,"amount":3.712084875275229E8}},{"entityName":"732142","metric":{"type":"TOTAL","count":298645,"amount":3.2428406760089546E8}},{"entityName":"742101","metric":{"type":"TOTAL","count":268739,"amount":3.4123518998530924E8}}]},"responseTimestamp":1630501490816}