{"success":true,"code":"SUCCESS","data":{"states":null,"districts":[{"entityName":"kolkata","metric":{"type":"TOTAL","count":16306691,"amount":2.1451201632248753E10}},{"entityName":"north twenty four parganas","metric":{"type":"TOTAL","count":8854937,"amount":9.351811604762173E9}},{"entityName":"purba bardhaman","metric":{"type":"TOTAL","count":5809301,"amount":5.357582349263203E9}},{"entityName":"murshidabad","metric":{"type":"TOTAL","count":4494100,"amount":3.4741578849006653E9}},{"entityName":"hooghly","metric":{"type":"TOTAL","count":3690825,"amount":3.0884413132360687E9}},{"entityName":"paschim bardhaman","metric":{"type":"TOTAL","count":3088578,"amount":3.1797742110084143E9}},{"entityName":"south twenty four parganas","metric":{"type":"TOTAL","count":2784616,"amount":2.980743400200357E9}},{"entityName":"purba medinipur","metric":{"type":"TOTAL","count":2642814,"amount":2.923218852733621E9}},{"entityName":"nadia","metric":{"type":"TOTAL","count":2571191,"amount":2.474590164314495E9}},{"entityName":"paschim medinipur","metric":{"type":"TOTAL","count":2347260,"amount":2.1901571006562915E9}}],"pincodes":[{"entityName":"700009","metric":{"type":"TOTAL","count":11494363,"amount":1.4573984421133255E10}},{"entityName":"713101","metric":{"type":"TOTAL","count":2682494,"amount":2.5741667661354055E9}},{"entityName":"713145","metric":{"type":"TOTAL","count":1348216,"amount":1.2482323637037086E9}},{"entityName":"713201","metric":{"type":"TOTAL","count":1003337,"amount":9.824339542646382E8}},{"entityName":"734006","metric":{"type":"TOTAL","count":951153,"amount":1.0612604869969358E9}},{"entityName":"700156","metric":{"type":"TOTAL","count":734472,"amount":5.963031353474452E8}},{"entityName":"742304","metric":{"type":"TOTAL","count":559363,"amount":2.2355622047242972E8}},{"entityName":"700135","metric":{"type":"TOTAL","count":552620,"amount":4.441300764742651E8}},{"entityName":"700091","metric":{"type":"TOTAL","count":508713,"amount":4.9687609281984484E8}},{"entityName":"732142","metric":{"type":"TOTAL","count":458361,"amount":4.321092720093521E8}}]},"responseTimestamp":1630501491137}