{"success":true,"code":"SUCCESS","data":{"states":null,"districts":[{"entityName":"kolkata","metric":{"type":"TOTAL","count":21917627,"amount":2.647574891832508E10}},{"entityName":"north twenty four parganas","metric":{"type":"TOTAL","count":10387653,"amount":1.0930067930509941E10}},{"entityName":"purba bardhaman","metric":{"type":"TOTAL","count":9422447,"amount":6.51817622712306E9}},{"entityName":"bankura","metric":{"type":"TOTAL","count":6055533,"amount":1.9778572789550972E9}},{"entityName":"murshidabad","metric":{"type":"TOTAL","count":5467828,"amount":4.214583776974844E9}},{"entityName":"paschim bardhaman","metric":{"type":"TOTAL","count":5025410,"amount":4.100414909372712E9}},{"entityName":"hooghly","metric":{"type":"TOTAL","count":4540564,"amount":3.7637128169060802E9}},{"entityName":"birbhum","metric":{"type":"TOTAL","count":4269094,"amount":1.9491452950043097E9}},{"entityName":"paschim medinipur","metric":{"type":"TOTAL","count":4095923,"amount":2.9247861125345197E9}},{"entityName":"purba medinipur","metric":{"type":"TOTAL","count":3988434,"amount":3.949509409870963E9}}],"pincodes":[{"entityName":"700009","metric":{"type":"TOTAL","count":16310685,"amount":1.842909474325623E10}},{"entityName":"713101","metric":{"type":"TOTAL","count":3770853,"amount":3.016424970561536E9}},{"entityName":"713145","metric":{"type":"TOTAL","count":1972119,"amount":1.3977506540984242E9}},{"entityName":"734006","metric":{"type":"TOTAL","count":1424232,"amount":1.4346643087331166E9}},{"entityName":"713201","metric":{"type":"TOTAL","count":1311109,"amount":1.133138105690066E9}},{"entityName":"700156","metric":{"type":"TOTAL","count":829338,"amount":6.712751963301816E8}},{"entityName":"700135","metric":{"type":"TOTAL","count":607014,"amount":5.1574251312187946E8}},{"entityName":"700091","metric":{"type":"TOTAL","count":605844,"amount":5.523441407627981E8}},{"entityName":"722122","metric":{"type":"TOTAL","count":592104,"amount":1.793359723743889E8}},{"entityName":"732142","metric":{"type":"TOTAL","count":562413,"amount":5.093489245841799E8}}]},"responseTimestamp":1630501491517}