{"success":true,"code":"SUCCESS","data":{"from":1640975400000,"to":1648405800000,"transactionData":[{"name":"Peer-to-peer payments","paymentInstruments":[{"type":"TOTAL","count":118999900,"amount":3.6444746110748627E11}]},{"name":"Merchant payments","paymentInstruments":[{"type":"TOTAL","count":118108271,"amount":7.43020515977621E10}]},{"name":"Recharge & bill payments","paymentInstruments":[{"type":"TOTAL","count":26083549,"amount":1.2133153536781809E10}]},{"name":"Financial Services","paymentInstruments":[{"type":"TOTAL","count":102802,"amount":1.1894601437332995E8}]},{"name":"Others","paymentInstruments":[{"type":"TOTAL","count":338977,"amount":2.256995234203592E8}]}]},"responseTimestamp":1651127599294}