{"success":true,"code":"SUCCESS","data":{"hoverData":{"udham singh nagar district":{"registeredUsers":100236,"appOpens":0},"haridwar district":{"registeredUsers":104823,"appOpens":0},"almora district":{"registeredUsers":11367,"appOpens":0},"pithoragarh district":{"registeredUsers":8836,"appOpens":0},"rudraprayag district":{"registeredUsers":4263,"appOpens":0},"pauri garhwal district":{"registeredUsers":20425,"appOpens":0},"bageshwar district":{"registeredUsers":4231,"appOpens":0},"champawat district":{"registeredUsers":5442,"appOpens":0},"nainital district":{"registeredUsers":49083,"appOpens":0},"dehradun district":{"registeredUsers":147998,"appOpens":0},"chamoli district":{"registeredUsers":7493,"appOpens":0},"uttarkashi district":{"registeredUsers":5816,"appOpens":0},"tehri garhwal district":{"registeredUsers":13030,"appOpens":0}}},"responseTimestamp":1630502911545}