{"success":true,"code":"SUCCESS","data":{"hoverData":{"udham singh nagar district":{"registeredUsers":132549,"appOpens":0},"haridwar district":{"registeredUsers":140718,"appOpens":0},"almora district":{"registeredUsers":15473,"appOpens":0},"pithoragarh district":{"registeredUsers":12486,"appOpens":0},"rudraprayag district":{"registeredUsers":6028,"appOpens":0},"pauri garhwal district":{"registeredUsers":28153,"appOpens":0},"bageshwar district":{"registeredUsers":5915,"appOpens":0},"champawat district":{"registeredUsers":7632,"appOpens":0},"nainital district":{"registeredUsers":65142,"appOpens":0},"dehradun district":{"registeredUsers":198296,"appOpens":0},"chamoli district":{"registeredUsers":10502,"appOpens":0},"uttarkashi district":{"registeredUsers":8227,"appOpens":0},"tehri garhwal district":{"registeredUsers":18021,"appOpens":0}}},"responseTimestamp":1630502911589}