{"success":true,"code":"SUCCESS","data":{"hoverData":{"udham singh nagar district":{"registeredUsers":162754,"appOpens":0},"haridwar district":{"registeredUsers":174526,"appOpens":0},"almora district":{"registeredUsers":20152,"appOpens":0},"pithoragarh district":{"registeredUsers":16483,"appOpens":0},"rudraprayag district":{"registeredUsers":7979,"appOpens":0},"pauri garhwal district":{"registeredUsers":36059,"appOpens":0},"bageshwar district":{"registeredUsers":7784,"appOpens":0},"champawat district":{"registeredUsers":9982,"appOpens":0},"nainital district":{"registeredUsers":79936,"appOpens":0},"dehradun district":{"registeredUsers":246477,"appOpens":0},"chamoli district":{"registeredUsers":14112,"appOpens":0},"uttarkashi district":{"registeredUsers":10793,"appOpens":0},"tehri garhwal district":{"registeredUsers":23575,"appOpens":0}}},"responseTimestamp":1630502911631}