{"success":true,"code":"SUCCESS","data":{"hoverData":{"udham singh nagar district":{"registeredUsers":200079,"appOpens":0},"haridwar district":{"registeredUsers":217634,"appOpens":0},"almora district":{"registeredUsers":26282,"appOpens":0},"pithoragarh district":{"registeredUsers":21378,"appOpens":0},"rudraprayag district":{"registeredUsers":10229,"appOpens":0},"pauri garhwal district":{"registeredUsers":45898,"appOpens":0},"bageshwar district":{"registeredUsers":9800,"appOpens":0},"champawat district":{"registeredUsers":12649,"appOpens":0},"nainital district":{"registeredUsers":98591,"appOpens":0},"dehradun district":{"registeredUsers":306969,"appOpens":0},"chamoli district":{"registeredUsers":18391,"appOpens":0},"uttarkashi district":{"registeredUsers":14114,"appOpens":0},"tehri garhwal district":{"registeredUsers":30089,"appOpens":0}}},"responseTimestamp":1630502911663}