{"success":true,"code":"SUCCESS","data":{"aggregated":{"registeredUsers":209616,"appOpens":12440193},"usersByDevice":[{"brand":"Samsung","count":61996,"percentage":0.29575986565911},{"brand":"Xiaomi","count":41866,"percentage":0.19972712006717044},{"brand":"Vivo","count":37402,"percentage":0.178431035798794},{"brand":"Oppo","count":22501,"percentage":0.10734390504541638},{"brand":"Realme","count":14771,"percentage":0.07046694908785589},{"brand":"Apple","count":7058,"percentage":0.03367109380963285},{"brand":"OnePlus","count":3294,"percentage":0.015714449278681018},{"brand":"Tecno","count":3147,"percentage":0.015013166933821846},{"brand":"HMD Global","count":2316,"percentage":0.011048774902679186},{"brand":"Motorola","count":2125,"percentage":0.010137584917181895},{"brand":"Others","count":13140,"percentage":0.06268605449965652}]},"responseTimestamp":1651127676972}