{"success":true,"code":"SUCCESS","data":{"hoverDataList":[{"name":"narayanpet district","metric":[{"type":"TOTAL","count":1167125,"amount":3.310846779258506E9}]},{"name":"nalgonda district","metric":[{"type":"TOTAL","count":8018559,"amount":1.9628854223156055E10}]},{"name":"jangaon district","metric":[{"type":"TOTAL","count":3112444,"amount":6.973669289332452E9}]},{"name":"bhadradri kothagudem district","metric":[{"type":"TOTAL","count":5386614,"amount":1.365905664317039E10}]},{"name":"warangal rural district","metric":[{"type":"TOTAL","count":3145714,"amount":7.121440709901886E9}]},{"name":"kumuram bheem asifabad district","metric":[{"type":"TOTAL","count":1378555,"amount":3.1579928307553616E9}]},{"name":"nizamabad district","metric":[{"type":"TOTAL","count":5831809,"amount":1.4665519256295437E10}]},{"name":"adilabad district","metric":[{"type":"TOTAL","count":1676245,"amount":4.215815167282011E9}]},{"name":"rajanna sircilla district","metric":[{"type":"TOTAL","count":2140974,"amount":5.260861081591412E9}]},{"name":"nagarkurnool district","metric":[{"type":"TOTAL","count":3694212,"amount":1.0257144532350464E10}]},{"name":"peddapalle district","metric":[{"type":"TOTAL","count":5112755,"amount":1.0786831118767836E10}]},{"name":"nirmal district","metric":[{"type":"TOTAL","count":1744066,"amount":5.096550372246416E9}]},{"name":"mahabubabad district","metric":[{"type":"TOTAL","count":2942202,"amount":6.803110882943872E9}]},{"name":"sangareddy district","metric":[{"type":"TOTAL","count":12350347,"amount":2.3546322114765312E10}]},{"name":"wanaparthy district","metric":[{"type":"TOTAL","count":1880504,"amount":5.057446529389015E9}]},{"name":"vikarabad district","metric":[{"type":"TOTAL","count":2667959,"amount":6.288645224650791E9}]},{"name":"jagtial district","metric":[{"type":"TOTAL","count":3293619,"amount":8.495922767498055E9}]},{"name":"yadadri bhuvanagiri district","metric":[{"type":"TOTAL","count":4682204,"amount":1.0482121487112892E10}]},{"name":"medak district","metric":[{"type":"TOTAL","count":2852487,"amount":6.251716708054497E9}]},{"name":"mahbubnagar district","metric":[{"type":"TOTAL","count":4009637,"amount":9.130053733193928E9}]},{"name":"jaya shankar bhalupally district","metric":[{"type":"TOTAL","count":2105785,"amount":5.545124764415361E9}]},{"name":"warangal urban district","metric":[{"type":"TOTAL","count":13629397,"amount":2.8292658503028107E10}]},{"name":"rangareddy district","metric":[{"type":"TOTAL","count":60675056,"amount":9.888314896130931E10}]},{"name":"hyderabad district","metric":[{"type":"TOTAL","count":169703372,"amount":3.165723881337874E11}]},{"name":"suryapet district","metric":[{"type":"TOTAL","count":4438459,"amount":1.1053139673870525E10}]},{"name":"jogulamba gadwal district","metric":[{"type":"TOTAL","count":1749281,"amount":4.982989534247987E9}]},{"name":"kamareddy district","metric":[{"type":"TOTAL","count":2897037,"amount":7.016072957359794E9}]},{"name":"mulugu district","metric":[{"type":"TOTAL","count":1158750,"amount":3.293242509204965E9}]},{"name":"medchal malkajgiri district","metric":[{"type":"TOTAL","count":54854446,"amount":8.751673864629623E10}]},{"name":"karimnagar district","metric":[{"type":"TOTAL","count":6934134,"amount":1.5385243676854752E10}]},{"name":"mancherial district","metric":[{"type":"TOTAL","count":5080342,"amount":1.1065632622696743E10}]},{"name":"siddipet district","metric":[{"type":"TOTAL","count":5117034,"amount":1.190543542443538E10}]},{"name":"khammam district","metric":[{"type":"TOTAL","count":7140986,"amount":1.7657527187368073E10}]}]},"responseTimestamp":1630502911454}