{"success":true,"code":"SUCCESS","data":{"hoverDataList":[{"name":"narayanpet district","metric":[{"type":"TOTAL","count":1654354,"amount":4.363288456829841E9}]},{"name":"nalgonda district","metric":[{"type":"TOTAL","count":10161723,"amount":2.5305904142337223E10}]},{"name":"jangaon district","metric":[{"type":"TOTAL","count":4101984,"amount":9.097534046327433E9}]},{"name":"bhadradri kothagudem district","metric":[{"type":"TOTAL","count":6854796,"amount":1.672684123068533E10}]},{"name":"warangal rural district","metric":[{"type":"TOTAL","count":4096643,"amount":9.608357753675695E9}]},{"name":"kumuram bheem asifabad district","metric":[{"type":"TOTAL","count":1750108,"amount":3.6161406318292265E9}]},{"name":"nizamabad district","metric":[{"type":"TOTAL","count":7753597,"amount":2.1755545090473732E10}]},{"name":"adilabad district","metric":[{"type":"TOTAL","count":2085591,"amount":4.963034633522783E9}]},{"name":"rajanna sircilla district","metric":[{"type":"TOTAL","count":2831321,"amount":6.928172010622464E9}]},{"name":"nagarkurnool district","metric":[{"type":"TOTAL","count":4876420,"amount":1.2210795742454664E10}]},{"name":"peddapalle district","metric":[{"type":"TOTAL","count":6670402,"amount":1.4414394127107388E10}]},{"name":"nirmal district","metric":[{"type":"TOTAL","count":2400460,"amount":7.249341788021781E9}]},{"name":"mahabubabad district","metric":[{"type":"TOTAL","count":3894628,"amount":9.05775491676895E9}]},{"name":"sangareddy district","metric":[{"type":"TOTAL","count":14851128,"amount":2.879972341687831E10}]},{"name":"wanaparthy district","metric":[{"type":"TOTAL","count":2603925,"amount":6.670336828621043E9}]},{"name":"vikarabad district","metric":[{"type":"TOTAL","count":3556227,"amount":7.761185953963232E9}]},{"name":"jagtial district","metric":[{"type":"TOTAL","count":4428112,"amount":1.2612225820950344E10}]},{"name":"yadadri bhuvanagiri district","metric":[{"type":"TOTAL","count":5848194,"amount":1.3244058903996319E10}]},{"name":"medak district","metric":[{"type":"TOTAL","count":3415198,"amount":7.629372343577742E9}]},{"name":"mahbubnagar district","metric":[{"type":"TOTAL","count":5064194,"amount":1.1391442175389671E10}]},{"name":"jaya shankar bhalupally district","metric":[{"type":"TOTAL","count":2675877,"amount":6.859770059015409E9}]},{"name":"warangal urban district","metric":[{"type":"TOTAL","count":15534189,"amount":3.532433200702503E10}]},{"name":"rangareddy district","metric":[{"type":"TOTAL","count":63155281,"amount":1.1398718762893881E11}]},{"name":"hyderabad district","metric":[{"type":"TOTAL","count":212326623,"amount":4.2487274146513696E11}]},{"name":"suryapet district","metric":[{"type":"TOTAL","count":6058271,"amount":1.5856636127353405E10}]},{"name":"jogulamba gadwal district","metric":[{"type":"TOTAL","count":2339787,"amount":6.421818499090552E9}]},{"name":"kamareddy district","metric":[{"type":"TOTAL","count":3927221,"amount":1.0042472983437822E10}]},{"name":"mulugu district","metric":[{"type":"TOTAL","count":1462923,"amount":4.115582609583652E9}]},{"name":"medchal malkajgiri district","metric":[{"type":"TOTAL","count":58755991,"amount":1.0286436000468025E11}]},{"name":"karimnagar district","metric":[{"type":"TOTAL","count":8548354,"amount":2.053423359075627E10}]},{"name":"mancherial district","metric":[{"type":"TOTAL","count":6439833,"amount":1.3999260362653545E10}]},{"name":"siddipet district","metric":[{"type":"TOTAL","count":6647863,"amount":1.590314726101064E10}]},{"name":"khammam district","metric":[{"type":"TOTAL","count":9096326,"amount":2.377134018486827E10}]}]},"responseTimestamp":1630502911497}