{"success":true,"code":"SUCCESS","data":{"hoverDataList":[{"name":"narayanpet district","metric":[{"type":"TOTAL","count":1866231,"amount":4.77494052625939E9}]},{"name":"nalgonda district","metric":[{"type":"TOTAL","count":11844124,"amount":2.6760618927739136E10}]},{"name":"jangaon district","metric":[{"type":"TOTAL","count":4543161,"amount":9.323782160149391E9}]},{"name":"bhadradri kothagudem district","metric":[{"type":"TOTAL","count":8176066,"amount":1.8135807092898582E10}]},{"name":"warangal rural district","metric":[{"type":"TOTAL","count":4443014,"amount":9.28794966412062E9}]},{"name":"kumuram bheem asifabad district","metric":[{"type":"TOTAL","count":2106478,"amount":3.942987886809449E9}]},{"name":"nizamabad district","metric":[{"type":"TOTAL","count":9331288,"amount":2.2809748582059334E10}]},{"name":"adilabad district","metric":[{"type":"TOTAL","count":2630821,"amount":5.478367906889686E9}]},{"name":"rajanna sircilla district","metric":[{"type":"TOTAL","count":3381445,"amount":7.695820233395802E9}]},{"name":"nagarkurnool district","metric":[{"type":"TOTAL","count":5674815,"amount":1.3208290733935995E10}]},{"name":"peddapalle district","metric":[{"type":"TOTAL","count":7647792,"amount":1.5215632332166233E10}]},{"name":"nirmal district","metric":[{"type":"TOTAL","count":2881221,"amount":7.695725936471862E9}]},{"name":"mahabubabad district","metric":[{"type":"TOTAL","count":4261138,"amount":8.803059150714489E9}]},{"name":"sangareddy district","metric":[{"type":"TOTAL","count":18758999,"amount":3.3876669677960114E10}]},{"name":"wanaparthy district","metric":[{"type":"TOTAL","count":2940519,"amount":7.211167470111839E9}]},{"name":"vikarabad district","metric":[{"type":"TOTAL","count":4239647,"amount":8.82644596978196E9}]},{"name":"jagtial district","metric":[{"type":"TOTAL","count":5294868,"amount":1.3500491629987583E10}]},{"name":"yadadri bhuvanagiri district","metric":[{"type":"TOTAL","count":6990011,"amount":1.4856731507023874E10}]},{"name":"medak district","metric":[{"type":"TOTAL","count":3824263,"amount":7.874530429994419E9}]},{"name":"mahbubnagar district","metric":[{"type":"TOTAL","count":6305580,"amount":1.3292231448187187E10}]},{"name":"jaya shankar bhalupally district","metric":[{"type":"TOTAL","count":3033601,"amount":7.101185779855804E9}]},{"name":"warangal urban district","metric":[{"type":"TOTAL","count":20050897,"amount":4.142218051683781E10}]},{"name":"rangareddy district","metric":[{"type":"TOTAL","count":87884143,"amount":1.4777204791914047E11}]},{"name":"hyderabad district","metric":[{"type":"TOTAL","count":262028284,"amount":4.7934332136537256E11}]},{"name":"suryapet district","metric":[{"type":"TOTAL","count":7084587,"amount":1.6323643910434517E10}]},{"name":"jogulamba gadwal district","metric":[{"type":"TOTAL","count":2868741,"amount":7.342093816797329E9}]},{"name":"kamareddy district","metric":[{"type":"TOTAL","count":4500228,"amount":9.9131238801505E9}]},{"name":"mulugu district","metric":[{"type":"TOTAL","count":1650210,"amount":4.101683407368558E9}]},{"name":"medchal malkajgiri district","metric":[{"type":"TOTAL","count":79514766,"amount":1.308382550956952E11}]},{"name":"karimnagar district","metric":[{"type":"TOTAL","count":10704240,"amount":2.3540118368011086E10}]},{"name":"mancherial district","metric":[{"type":"TOTAL","count":7689749,"amount":1.5494076002531456E10}]},{"name":"siddipet district","metric":[{"type":"TOTAL","count":7797337,"amount":1.7131036339073977E10}]},{"name":"khammam district","metric":[{"type":"TOTAL","count":10938504,"amount":2.5395360624334126E10}]}]},"responseTimestamp":1634575093627}