{"success":true,"code":"SUCCESS","data":{"hoverDataList":[{"name":"narayanpet district","metric":[{"type":"TOTAL","count":2282965,"amount":5.838076193554827E9}]},{"name":"nalgonda district","metric":[{"type":"TOTAL","count":14645444,"amount":3.3883155723957207E10}]},{"name":"jangaon district","metric":[{"type":"TOTAL","count":5473214,"amount":1.136233249824181E10}]},{"name":"bhadradri kothagudem district","metric":[{"type":"TOTAL","count":10121890,"amount":2.2567782620241013E10}]},{"name":"warangal rural district","metric":[{"type":"TOTAL","count":5340764,"amount":1.1031577612931116E10}]},{"name":"kumuram bheem asifabad district","metric":[{"type":"TOTAL","count":2622817,"amount":4.842428620143704E9}]},{"name":"nizamabad district","metric":[{"type":"TOTAL","count":12113902,"amount":3.17403686513557E10}]},{"name":"adilabad district","metric":[{"type":"TOTAL","count":3432958,"amount":7.16544634119846E9}]},{"name":"rajanna sircilla district","metric":[{"type":"TOTAL","count":4250102,"amount":9.96779930703175E9}]},{"name":"nagarkurnool district","metric":[{"type":"TOTAL","count":6870712,"amount":1.612572917009507E10}]},{"name":"peddapalle district","metric":[{"type":"TOTAL","count":9303742,"amount":1.8789687776656185E10}]},{"name":"nirmal district","metric":[{"type":"TOTAL","count":3762262,"amount":1.0108069725924149E10}]},{"name":"mahabubabad district","metric":[{"type":"TOTAL","count":5140128,"amount":1.0537179557287468E10}]},{"name":"sangareddy district","metric":[{"type":"TOTAL","count":23598968,"amount":4.3773604056366425E10}]},{"name":"wanaparthy district","metric":[{"type":"TOTAL","count":3681940,"amount":8.637954228043968E9}]},{"name":"vikarabad district","metric":[{"type":"TOTAL","count":5428281,"amount":1.1135599548666336E10}]},{"name":"jagtial district","metric":[{"type":"TOTAL","count":6608911,"amount":1.7110347754193672E10}]},{"name":"yadadri bhuvanagiri district","metric":[{"type":"TOTAL","count":8618815,"amount":1.8491066294295353E10}]},{"name":"medak district","metric":[{"type":"TOTAL","count":4942024,"amount":1.0748306259237926E10}]},{"name":"mahbubnagar district","metric":[{"type":"TOTAL","count":7948433,"amount":1.6922744330353779E10}]},{"name":"jaya shankar bhalupally district","metric":[{"type":"TOTAL","count":3598414,"amount":7.906894768336119E9}]},{"name":"warangal urban district","metric":[{"type":"TOTAL","count":24530882,"amount":5.072502075670878E10}]},{"name":"rangareddy district","metric":[{"type":"TOTAL","count":111354739,"amount":1.8883896604613513E11}]},{"name":"hyderabad district","metric":[{"type":"TOTAL","count":325636475,"amount":5.820791705340186E11}]},{"name":"suryapet district","metric":[{"type":"TOTAL","count":8746371,"amount":2.0490140341438477E10}]},{"name":"jogulamba gadwal district","metric":[{"type":"TOTAL","count":3475042,"amount":8.363108584318649E9}]},{"name":"kamareddy district","metric":[{"type":"TOTAL","count":5852557,"amount":1.401917011857151E10}]},{"name":"mulugu district","metric":[{"type":"TOTAL","count":2002635,"amount":4.656636196093929E9}]},{"name":"medchal malkajgiri district","metric":[{"type":"TOTAL","count":98780634,"amount":1.6456826233006238E11}]},{"name":"karimnagar district","metric":[{"type":"TOTAL","count":13040240,"amount":2.914922915648455E10}]},{"name":"mancherial district","metric":[{"type":"TOTAL","count":9454805,"amount":1.8941077302156723E10}]},{"name":"siddipet district","metric":[{"type":"TOTAL","count":9904471,"amount":2.199605278869565E10}]},{"name":"khammam district","metric":[{"type":"TOTAL","count":13424236,"amount":3.124520430811756E10}]}]},"responseTimestamp":1643295708645}