{"success":true,"code":"SUCCESS","data":{"aggregated":{"registeredUsers":140532,"appOpens":0},"usersByDevice":[{"brand":"Xiaomi","count":34460,"percentage":0.24521105513335043},{"brand":"Vivo","count":27883,"percentage":0.1984103264736857},{"brand":"Samsung","count":25799,"percentage":0.18358096376625965},{"brand":"Oppo","count":15701,"percentage":0.11172544331540148},{"brand":"Realme","count":7762,"percentage":0.0552329718498278},{"brand":"Lenovo","count":3296,"percentage":0.023453732957618195},{"brand":"Motorola","count":3175,"percentage":0.022592719096006603},{"brand":"Apple","count":2928,"percentage":0.020835112287592862},{"brand":"Huawei","count":2510,"percentage":0.017860700765661913},{"brand":"OnePlus","count":2058,"percentage":0.014644351464435146},{"brand":"Others","count":14960,"percentage":0.10645262289016025}]},"responseTimestamp":1630501496479}