{"success":true,"code":"SUCCESS","data":{"aggregated":{"registeredUsers":158580,"appOpens":860686},"usersByDevice":[{"brand":"Xiaomi","count":38996,"percentage":0.2459074284272922},{"brand":"Vivo","count":32183,"percentage":0.20294488586202547},{"brand":"Samsung","count":28908,"percentage":0.18229284903518728},{"brand":"Oppo","count":18106,"percentage":0.11417581031655946},{"brand":"Realme","count":8833,"percentage":0.05570059276075167},{"brand":"Lenovo","count":3513,"percentage":0.022152856602345818},{"brand":"Motorola","count":3454,"percentage":0.021780804641190567},{"brand":"Apple","count":3276,"percentage":0.020658342792281497},{"brand":"Huawei","count":2827,"percentage":0.01782696430823559},{"brand":"OnePlus","count":2202,"percentage":0.013885735906167235},{"brand":"Others","count":16282,"percentage":0.10267372934796318}]},"responseTimestamp":1630501496810}