{"success":true,"code":"SUCCESS","data":{"aggregated":{"registeredUsers":176929,"appOpens":3126189},"usersByDevice":[{"brand":"Xiaomi","count":43202,"percentage":0.2441770427685682},{"brand":"Vivo","count":37115,"percentage":0.2097734119336005},{"brand":"Samsung","count":31867,"percentage":0.18011179625725574},{"brand":"Oppo","count":20623,"percentage":0.116560880353136},{"brand":"Realme","count":10150,"percentage":0.057367644648418294},{"brand":"Lenovo","count":3660,"percentage":0.020686263981597137},{"brand":"Motorola","count":3640,"percentage":0.02057322428770863},{"brand":"Apple","count":3605,"percentage":0.020375404823403737},{"brand":"Huawei","count":3096,"percentage":0.017498544613941184},{"brand":"OnePlus","count":2366,"percentage":0.013372595787010609},{"brand":"Others","count":17605,"percentage":0.09950319054536}]},"responseTimestamp":1630501497432}