{"success":true,"code":"SUCCESS","data":{"aggregated":{"registeredUsers":197598,"appOpens":3770543},"usersByDevice":[{"brand":"Xiaomi","count":48012,"percentage":0.2429781677952206},{"brand":"Vivo","count":42886,"percentage":0.21703660968228422},{"brand":"Samsung","count":35031,"percentage":0.17728418303828986},{"brand":"Oppo","count":23415,"percentage":0.11849816293687183},{"brand":"Realme","count":12044,"percentage":0.0609520339274689},{"brand":"Apple","count":3874,"percentage":0.01960546159374083},{"brand":"Motorola","count":3849,"percentage":0.019478942094555612},{"brand":"Lenovo","count":3794,"percentage":0.01920059919634814},{"brand":"Huawei","count":3405,"percentage":0.017231955789026206},{"brand":"OnePlus","count":2529,"percentage":0.012798712537576291},{"brand":"Others","count":18759,"percentage":0.0949351714086175}]},"responseTimestamp":1630501497908}