{"success":true,"code":"SUCCESS","data":{"from":1640975400000,"to":1648405800000,"transactionData":[{"name":"Merchant payments","paymentInstruments":[{"type":"TOTAL","count":22595602,"amount":1.4585438346473846E10}]},{"name":"Peer-to-peer payments","paymentInstruments":[{"type":"TOTAL","count":16201632,"amount":5.353552143895823E10}]},{"name":"Recharge & bill payments","paymentInstruments":[{"type":"TOTAL","count":5617605,"amount":2.745987927683198E9}]},{"name":"Financial Services","paymentInstruments":[{"type":"TOTAL","count":39033,"amount":4.969599971828518E7}]},{"name":"Others","paymentInstruments":[{"type":"TOTAL","count":106900,"amount":6.21387872410843E7}]}]},"responseTimestamp":1651127629082}