{"success":true,"code":"SUCCESS","data":{"states":null,"districts":[{"name":"hyderabad","registeredUsers":4306136},{"name":"rangareddy","registeredUsers":3722676},{"name":"medchal malkajgiri","registeredUsers":3138387},{"name":"sangareddy","registeredUsers":997988},{"name":"warangal urban","registeredUsers":797162},{"name":"nalgonda","registeredUsers":681754},{"name":"khammam","registeredUsers":650223},{"name":"nizamabad","registeredUsers":628661},{"name":"karimnagar","registeredUsers":592752},{"name":"bhadradri kothagudem","registeredUsers":465349}],"pincodes":[{"name":"500072","registeredUsers":476073},{"name":"505001","registeredUsers":307339},{"name":"500018","registeredUsers":307198},{"name":"500008","registeredUsers":270516},{"name":"500055","registeredUsers":257896},{"name":"500037","registeredUsers":238487},{"name":"500039","registeredUsers":233903},{"name":"502032","registeredUsers":220570},{"name":"506002","registeredUsers":217091},{"name":"500013","registeredUsers":215918}]},"responseTimestamp":1651127669803}