{"success":true,"code":"SUCCESS","data":{"states":null,"districts":[{"entityName":"raipur","metric":{"type":"TOTAL","count":10625343,"amount":1.7249749779092148E10}},{"entityName":"durg","metric":{"type":"TOTAL","count":5455260,"amount":7.697855739555682E9}},{"entityName":"bilaspur","metric":{"type":"TOTAL","count":3400745,"amount":5.548981180581254E9}},{"entityName":"janjgir champa","metric":{"type":"TOTAL","count":2237748,"amount":4.0865406752864065E9}},{"entityName":"raigarh","metric":{"type":"TOTAL","count":2237708,"amount":4.233022686648001E9}},{"entityName":"korba","metric":{"type":"TOTAL","count":2152362,"amount":3.5476731128294754E9}},{"entityName":"rajnandgaon","metric":{"type":"TOTAL","count":1390205,"amount":2.509162848912773E9}},{"entityName":"surguja","metric":{"type":"TOTAL","count":1195343,"amount":2.299690489114688E9}},{"entityName":"baloda bazar","metric":{"type":"TOTAL","count":1102370,"amount":2.0846776375493598E9}},{"entityName":"mahasamund","metric":{"type":"TOTAL","count":1084511,"amount":2.2203998143984013E9}}],"pincodes":[{"entityName":"492009","metric":{"type":"TOTAL","count":3152697,"amount":5.281456698639032E9}},{"entityName":"492001","metric":{"type":"TOTAL","count":2062104,"amount":3.1569837827872276E9}},{"entityName":"495001","metric":{"type":"TOTAL","count":1558405,"amount":2.376898658800415E9}},{"entityName":"497001","metric":{"type":"TOTAL","count":957928,"amount":1.8231478057569232E9}},{"entityName":"491001","metric":{"type":"TOTAL","count":872723,"amount":1.2944413612765474E9}},{"entityName":"490023","metric":{"type":"TOTAL","count":869244,"amount":1.1540158062811897E9}},{"entityName":"490006","metric":{"type":"TOTAL","count":774112,"amount":9.142118715270494E8}},{"entityName":"491441","metric":{"type":"TOTAL","count":653315,"amount":1.1227048437664142E9}},{"entityName":"495450","metric":{"type":"TOTAL","count":595796,"amount":9.73484691251247E8}},{"entityName":"496005","metric":{"type":"TOTAL","count":593116,"amount":1.1847745455928895E9}}]},"responseTimestamp":1630501493770}