{"success":true,"code":"SUCCESS","data":{"states":null,"districts":[{"entityName":"raipur","metric":{"type":"TOTAL","count":10882417,"amount":1.8678914879009037E10}},{"entityName":"durg","metric":{"type":"TOTAL","count":5360198,"amount":8.406607059064627E9}},{"entityName":"bilaspur","metric":{"type":"TOTAL","count":3617926,"amount":6.128946520089718E9}},{"entityName":"janjgir champa","metric":{"type":"TOTAL","count":2835495,"amount":4.781785298469424E9}},{"entityName":"raigarh","metric":{"type":"TOTAL","count":2634959,"amount":4.606676921965151E9}},{"entityName":"korba","metric":{"type":"TOTAL","count":2556656,"amount":4.078628168159371E9}},{"entityName":"rajnandgaon","metric":{"type":"TOTAL","count":1698948,"amount":3.047951973381322E9}},{"entityName":"baloda bazar","metric":{"type":"TOTAL","count":1461126,"amount":2.5789303131679645E9}},{"entityName":"mahasamund","metric":{"type":"TOTAL","count":1375779,"amount":2.609044564352538E9}},{"entityName":"surguja","metric":{"type":"TOTAL","count":1332917,"amount":2.575596438475781E9}}],"pincodes":[{"entityName":"492009","metric":{"type":"TOTAL","count":3531665,"amount":6.237261109571448E9}},{"entityName":"492001","metric":{"type":"TOTAL","count":1790662,"amount":3.0807772327858667E9}},{"entityName":"495001","metric":{"type":"TOTAL","count":1455312,"amount":2.510462991251886E9}},{"entityName":"497001","metric":{"type":"TOTAL","count":1031909,"amount":2.008561517648296E9}},{"entityName":"491001","metric":{"type":"TOTAL","count":837157,"amount":1.3647140877809932E9}},{"entityName":"490023","metric":{"type":"TOTAL","count":763575,"amount":1.174072727567776E9}},{"entityName":"491441","metric":{"type":"TOTAL","count":740582,"amount":1.3106024056028762E9}},{"entityName":"495450","metric":{"type":"TOTAL","count":704041,"amount":1.132961727260648E9}},{"entityName":"490006","metric":{"type":"TOTAL","count":668949,"amount":9.460465191898482E8}},{"entityName":"496005","metric":{"type":"TOTAL","count":645183,"amount":1.2163891226233206E9}}]},"responseTimestamp":1630501494262}