{"success":true,"code":"SUCCESS","data":{"states":null,"districts":[{"entityName":"raipur","metric":{"type":"TOTAL","count":17276668,"amount":2.676924529571399E10}},{"entityName":"durg","metric":{"type":"TOTAL","count":8289193,"amount":1.1563387669133894E10}},{"entityName":"bilaspur","metric":{"type":"TOTAL","count":5603933,"amount":8.478327761385537E9}},{"entityName":"janjgir champa","metric":{"type":"TOTAL","count":3691134,"amount":6.044129725467278E9}},{"entityName":"raigarh","metric":{"type":"TOTAL","count":3676121,"amount":6.178904602829477E9}},{"entityName":"korba","metric":{"type":"TOTAL","count":3562384,"amount":5.269832115824791E9}},{"entityName":"rajnandgaon","metric":{"type":"TOTAL","count":2353407,"amount":3.963184198405422E9}},{"entityName":"surguja","metric":{"type":"TOTAL","count":2006253,"amount":3.4184411230492086E9}},{"entityName":"baloda bazar","metric":{"type":"TOTAL","count":1923490,"amount":3.2859591116154323E9}},{"entityName":"mahasamund","metric":{"type":"TOTAL","count":1814073,"amount":3.248154697285629E9}}],"pincodes":[{"entityName":"492009","metric":{"type":"TOTAL","count":5612983,"amount":8.770212351408337E9}},{"entityName":"492001","metric":{"type":"TOTAL","count":3200184,"amount":4.768793686020849E9}},{"entityName":"495001","metric":{"type":"TOTAL","count":2572993,"amount":3.7348965397337685E9}},{"entityName":"497001","metric":{"type":"TOTAL","count":1635520,"amount":2.7604627577578793E9}},{"entityName":"491001","metric":{"type":"TOTAL","count":1305695,"amount":1.938305539075568E9}},{"entityName":"490023","metric":{"type":"TOTAL","count":1253256,"amount":1.7045424365901656E9}},{"entityName":"491441","metric":{"type":"TOTAL","count":1124790,"amount":1.8033201867983453E9}},{"entityName":"490006","metric":{"type":"TOTAL","count":1096245,"amount":1.2994678760104809E9}},{"entityName":"496005","metric":{"type":"TOTAL","count":1006702,"amount":1.7840487041108124E9}},{"entityName":"495450","metric":{"type":"TOTAL","count":1004357,"amount":1.5001825811138833E9}}]},"responseTimestamp":1634575107266}