{"success":true,"code":"SUCCESS","data":{"states":null,"districts":[{"entityName":"raipur","metric":{"type":"TOTAL","count":23353982,"amount":3.6279287404820206E10}},{"entityName":"durg","metric":{"type":"TOTAL","count":10300130,"amount":1.4816073916178635E10}},{"entityName":"bilaspur","metric":{"type":"TOTAL","count":7784221,"amount":1.1326296354842556E10}},{"entityName":"raigarh","metric":{"type":"TOTAL","count":4987956,"amount":8.118529781855953E9}},{"entityName":"korba","metric":{"type":"TOTAL","count":4813732,"amount":6.967488786247882E9}},{"entityName":"janjgir champa","metric":{"type":"TOTAL","count":4713652,"amount":7.509616301088512E9}},{"entityName":"rajnandgaon","metric":{"type":"TOTAL","count":2897306,"amount":4.944916181246885E9}},{"entityName":"surguja","metric":{"type":"TOTAL","count":2774724,"amount":4.648918490631775E9}},{"entityName":"baloda bazar","metric":{"type":"TOTAL","count":2428335,"amount":4.1257534095956497E9}},{"entityName":"mahasamund","metric":{"type":"TOTAL","count":2324300,"amount":4.0254817367157373E9}}],"pincodes":[{"entityName":"492009","metric":{"type":"TOTAL","count":8304401,"amount":1.2964571702987217E10}},{"entityName":"492001","metric":{"type":"TOTAL","count":4178829,"amount":6.231047914337536E9}},{"entityName":"495001","metric":{"type":"TOTAL","count":3644800,"amount":4.999084676501506E9}},{"entityName":"497001","metric":{"type":"TOTAL","count":2276401,"amount":3.766123278042672E9}},{"entityName":"491001","metric":{"type":"TOTAL","count":1687886,"amount":2.560648248895311E9}},{"entityName":"490023","metric":{"type":"TOTAL","count":1599521,"amount":2.248105461586821E9}},{"entityName":"490006","metric":{"type":"TOTAL","count":1410015,"amount":1.7326820820393152E9}},{"entityName":"491441","metric":{"type":"TOTAL","count":1395385,"amount":2.296675958189373E9}},{"entityName":"495450","metric":{"type":"TOTAL","count":1373013,"amount":2.0115142804747252E9}},{"entityName":"496005","metric":{"type":"TOTAL","count":1357792,"amount":2.314581216562727E9}}]},"responseTimestamp":1643295722620}