{"success":true,"code":"SUCCESS","data":{"hoverDataList":[{"name":"puducherry","metric":[{"type":"TOTAL","count":501092,"amount":9.064730243065231E8}]},{"name":"tamil nadu","metric":[{"type":"TOTAL","count":32275045,"amount":5.6204036816128555E10}]},{"name":"uttar pradesh","metric":[{"type":"TOTAL","count":57324504,"amount":7.65241801340167E10}]},{"name":"madhya pradesh","metric":[{"type":"TOTAL","count":37301049,"amount":4.807027952204201E10}]},{"name":"andhra pradesh","metric":[{"type":"TOTAL","count":57264522,"amount":8.37605959170792E10}]},{"name":"tripura","metric":[{"type":"TOTAL","count":580926,"amount":7.568949416158216E8}]},{"name":"lakshadweep","metric":[{"type":"TOTAL","count":2481,"amount":8786130.479338994}]},{"name":"manipur","metric":[{"type":"TOTAL","count":265409,"amount":6.598980604240801E8}]},{"name":"maharashtra","metric":[{"type":"TOTAL","count":75079069,"amount":1.1142069092033997E11}]},{"name":"dadra & nagar haveli & daman & diu","metric":[{"type":"TOTAL","count":661814,"amount":8.433697760499002E8}]},{"name":"meghalaya","metric":[{"type":"TOTAL","count":208741,"amount":3.9903716215343595E8}]},{"name":"andaman & nicobar islands","metric":[{"type":"TOTAL","count":30486,"amount":1.0229974067348987E8}]},{"name":"haryana","metric":[{"type":"TOTAL","count":22135775,"amount":3.4051655721631077E10}]},{"name":"rajasthan","metric":[{"type":"TOTAL","count":43956040,"amount":6.114115857555252E10}]},{"name":"ladakh","metric":[{"type":"TOTAL","count":46145,"amount":1.528599209491272E8}]},{"name":"punjab","metric":[{"type":"TOTAL","count":7172137,"amount":1.3574490001853222E10}]},{"name":"assam","metric":[{"type":"TOTAL","count":4533005,"amount":8.002099536451059E9}]},{"name":"jharkhand","metric":[{"type":"TOTAL","count":9387708,"amount":1.3627236449278034E10}]},{"name":"odisha","metric":[{"type":"TOTAL","count":34031942,"amount":3.5427127930698456E10}]},{"name":"bihar","metric":[{"type":"TOTAL","count":26356234,"amount":4.150282751452612E10}]},{"name":"kerala","metric":[{"type":"TOTAL","count":6469039,"amount":1.0235031134849785E10}]},{"name":"karnataka","metric":[{"type":"TOTAL","count":86587609,"amount":1.1797638214574966E11}]},{"name":"chandigarh","metric":[{"type":"TOTAL","count":1274476,"amount":2.396032050444029E9}]},{"name":"telangana","metric":[{"type":"TOTAL","count":65290702,"amount":9.552326203566321E10}]},{"name":"himachal pradesh","metric":[{"type":"TOTAL","count":2168718,"amount":3.381481442991081E9}]},{"name":"west bengal","metric":[{"type":"TOTAL","count":47626388,"amount":5.016467262387851E10}]},{"name":"gujarat","metric":[{"type":"TOTAL","count":24991451,"amount":3.585608030847724E10}]},{"name":"sikkim","metric":[{"type":"TOTAL","count":240287,"amount":4.579936343840939E8}]},{"name":"nagaland","metric":[{"type":"TOTAL","count":168579,"amount":4.4194171241233104E8}]},{"name":"mizoram","metric":[{"type":"TOTAL","count":70306,"amount":2.1816089539740258E8}]},{"name":"chhattisgarh","metric":[{"type":"TOTAL","count":7887669,"amount":1.2544556385328796E10}]},{"name":"jammu & kashmir","metric":[{"type":"TOTAL","count":3584987,"amount":5.951835476521047E9}]},{"name":"goa","metric":[{"type":"TOTAL","count":738812,"amount":1.475323397276577E9}]},{"name":"arunachal pradesh","metric":[{"type":"TOTAL","count":226506,"amount":6.099501063139492E8}]},{"name":"delhi","metric":[{"type":"TOTAL","count":47007327,"amount":5.846913178949733E10}]},{"name":"uttarakhand","metric":[{"type":"TOTAL","count":5546001,"amount":7.183529175274033E9}]}]},"responseTimestamp":1630502909429}