{"success":true,"code":"SUCCESS","data":{"hoverDataList":[{"name":"puducherry","metric":[{"type":"TOTAL","count":580077,"amount":1.211446910127807E9}]},{"name":"tamil nadu","metric":[{"type":"TOTAL","count":32171737,"amount":6.420767602575553E10}]},{"name":"uttar pradesh","metric":[{"type":"TOTAL","count":58883500,"amount":9.891751937067831E10}]},{"name":"madhya pradesh","metric":[{"type":"TOTAL","count":40846013,"amount":6.833456638056182E10}]},{"name":"andhra pradesh","metric":[{"type":"TOTAL","count":56409015,"amount":1.1363451875822931E11}]},{"name":"tripura","metric":[{"type":"TOTAL","count":532558,"amount":8.418214828473747E8}]},{"name":"lakshadweep","metric":[{"type":"TOTAL","count":2926,"amount":9242524.13698889}]},{"name":"manipur","metric":[{"type":"TOTAL","count":257425,"amount":7.227899421495004E8}]},{"name":"maharashtra","metric":[{"type":"TOTAL","count":101149853,"amount":1.5329447008805945E11}]},{"name":"dadra & nagar haveli & daman & diu","metric":[{"type":"TOTAL","count":489656,"amount":8.2444127656507E8}]},{"name":"meghalaya","metric":[{"type":"TOTAL","count":232286,"amount":4.929312891072781E8}]},{"name":"andaman & nicobar islands","metric":[{"type":"TOTAL","count":33689,"amount":1.202547096756632E8}]},{"name":"haryana","metric":[{"type":"TOTAL","count":22741816,"amount":4.250153981321669E10}]},{"name":"rajasthan","metric":[{"type":"TOTAL","count":50009286,"amount":8.910731317266756E10}]},{"name":"ladakh","metric":[{"type":"TOTAL","count":68772,"amount":2.592555069974248E8}]},{"name":"punjab","metric":[{"type":"TOTAL","count":8509830,"amount":1.8614793394772213E10}]},{"name":"assam","metric":[{"type":"TOTAL","count":5454929,"amount":1.0954969189126175E10}]},{"name":"jharkhand","metric":[{"type":"TOTAL","count":10128211,"amount":1.862270130554623E10}]},{"name":"odisha","metric":[{"type":"TOTAL","count":29512024,"amount":4.475485487167608E10}]},{"name":"bihar","metric":[{"type":"TOTAL","count":29960479,"amount":6.313243828354397E10}]},{"name":"kerala","metric":[{"type":"TOTAL","count":7283826,"amount":1.3031371561185568E10}]},{"name":"karnataka","metric":[{"type":"TOTAL","count":115401604,"amount":1.637020242260841E11}]},{"name":"chandigarh","metric":[{"type":"TOTAL","count":1252470,"amount":2.6931160989444556E9}]},{"name":"telangana","metric":[{"type":"TOTAL","count":89610379,"amount":1.5567644318243457E11}]},{"name":"himachal pradesh","metric":[{"type":"TOTAL","count":2502306,"amount":4.87588397361058E9}]},{"name":"west bengal","metric":[{"type":"TOTAL","count":47023535,"amount":5.710569111911844E10}]},{"name":"gujarat","metric":[{"type":"TOTAL","count":28981842,"amount":4.932061521926732E10}]},{"name":"sikkim","metric":[{"type":"TOTAL","count":388244,"amount":7.388942434359412E8}]},{"name":"nagaland","metric":[{"type":"TOTAL","count":188753,"amount":5.200666821585048E8}]},{"name":"mizoram","metric":[{"type":"TOTAL","count":75671,"amount":2.4801670813501447E8}]},{"name":"chhattisgarh","metric":[{"type":"TOTAL","count":9389945,"amount":1.700235568882225E10}]},{"name":"jammu & kashmir","metric":[{"type":"TOTAL","count":2296355,"amount":6.100142201563448E9}]},{"name":"goa","metric":[{"type":"TOTAL","count":768441,"amount":1.5918671033876143E9}]},{"name":"arunachal pradesh","metric":[{"type":"TOTAL","count":258656,"amount":7.526558743550282E8}]},{"name":"delhi","metric":[{"type":"TOTAL","count":57171512,"amount":8.170681606362862E10}]},{"name":"uttarakhand","metric":[{"type":"TOTAL","count":4813275,"amount":8.5885328509184885E9}]}]},"responseTimestamp":1630502909429}