{"success":true,"code":"SUCCESS","data":{"hoverDataList":[{"name":"puducherry","metric":[{"type":"TOTAL","count":1012655,"amount":1.932028317878899E9}]},{"name":"tamil nadu","metric":[{"type":"TOTAL","count":56596411,"amount":1.0319086551253719E11}]},{"name":"uttar pradesh","metric":[{"type":"TOTAL","count":86905005,"amount":1.455389265073059E11}]},{"name":"madhya pradesh","metric":[{"type":"TOTAL","count":68131989,"amount":1.0468792679086589E11}]},{"name":"andhra pradesh","metric":[{"type":"TOTAL","count":107218103,"amount":2.0094831548880518E11}]},{"name":"tripura","metric":[{"type":"TOTAL","count":801824,"amount":1.2154001602581887E9}]},{"name":"lakshadweep","metric":[{"type":"TOTAL","count":3765,"amount":1.126991340492385E7}]},{"name":"manipur","metric":[{"type":"TOTAL","count":449344,"amount":1.200897682088641E9}]},{"name":"maharashtra","metric":[{"type":"TOTAL","count":201260620,"amount":2.729944287995649E11}]},{"name":"dadra & nagar haveli & daman & diu","metric":[{"type":"TOTAL","count":768971,"amount":1.2266412620110402E9}]},{"name":"meghalaya","metric":[{"type":"TOTAL","count":365981,"amount":7.424364717902198E8}]},{"name":"andaman & nicobar islands","metric":[{"type":"TOTAL","count":35159,"amount":1.368385305173779E8}]},{"name":"haryana","metric":[{"type":"TOTAL","count":37825985,"amount":6.935971986910008E10}]},{"name":"rajasthan","metric":[{"type":"TOTAL","count":85074242,"amount":1.5945241004968317E11}]},{"name":"ladakh","metric":[{"type":"TOTAL","count":84706,"amount":3.2468936002811134E8}]},{"name":"punjab","metric":[{"type":"TOTAL","count":13698625,"amount":2.998980224619331E10}]},{"name":"assam","metric":[{"type":"TOTAL","count":6760510,"amount":1.5281983895512564E10}]},{"name":"jharkhand","metric":[{"type":"TOTAL","count":18248618,"amount":2.8147748376677704E10}]},{"name":"odisha","metric":[{"type":"TOTAL","count":64995633,"amount":7.976937363204843E10}]},{"name":"bihar","metric":[{"type":"TOTAL","count":43530314,"amount":9.331342657780905E10}]},{"name":"kerala","metric":[{"type":"TOTAL","count":12498637,"amount":2.1151326637805134E10}]},{"name":"karnataka","metric":[{"type":"TOTAL","count":237796252,"amount":2.9504714344723846E11}]},{"name":"chandigarh","metric":[{"type":"TOTAL","count":1850915,"amount":4.152513817939354E9}]},{"name":"telangana","metric":[{"type":"TOTAL","count":163572258,"amount":2.807467655477425E11}]},{"name":"himachal pradesh","metric":[{"type":"TOTAL","count":3516646,"amount":7.271163537248161E9}]},{"name":"west bengal","metric":[{"type":"TOTAL","count":96805838,"amount":8.820361025464601E10}]},{"name":"gujarat","metric":[{"type":"TOTAL","count":42547632,"amount":7.669066205491542E10}]},{"name":"sikkim","metric":[{"type":"TOTAL","count":767070,"amount":1.1765096016562185E9}]},{"name":"nagaland","metric":[{"type":"TOTAL","count":317170,"amount":8.345371383487777E8}]},{"name":"mizoram","metric":[{"type":"TOTAL","count":125239,"amount":3.686893506344881E8}]},{"name":"chhattisgarh","metric":[{"type":"TOTAL","count":16305758,"amount":2.714378873721397E10}]},{"name":"jammu & kashmir","metric":[{"type":"TOTAL","count":489928,"amount":1.9296959978225975E9}]},{"name":"goa","metric":[{"type":"TOTAL","count":1515272,"amount":2.9234603484994645E9}]},{"name":"arunachal pradesh","metric":[{"type":"TOTAL","count":459475,"amount":1.1905731795272837E9}]},{"name":"delhi","metric":[{"type":"TOTAL","count":80744997,"amount":1.2902446742489062E11}]},{"name":"uttarakhand","metric":[{"type":"TOTAL","count":7362116,"amount":1.2573706305150612E10}]}]},"responseTimestamp":1630502909430}