{"success":true,"code":"SUCCESS","data":{"states":null,"districts":[{"entityName":"gautam buddha nagar","metric":{"type":"TOTAL","count":16781339,"amount":1.9356764212732895E10}},{"entityName":"lucknow","metric":{"type":"TOTAL","count":15484604,"amount":3.517543763148635E10}},{"entityName":"ghaziabad","metric":{"type":"TOTAL","count":8267770,"amount":1.1998182771021786E10}},{"entityName":"prayagraj","metric":{"type":"TOTAL","count":3666845,"amount":6.073221861020849E9}},{"entityName":"varanasi","metric":{"type":"TOTAL","count":3542507,"amount":5.628921241986841E9}},{"entityName":"kanpur nagar","metric":{"type":"TOTAL","count":3526062,"amount":6.302890117188827E9}},{"entityName":"meerut","metric":{"type":"TOTAL","count":2734403,"amount":5.750006817718883E9}},{"entityName":"agra","metric":{"type":"TOTAL","count":2580164,"amount":4.626649236040559E9}},{"entityName":"gorakhpur","metric":{"type":"TOTAL","count":1933805,"amount":3.977529990219E9}},{"entityName":"bareilly","metric":{"type":"TOTAL","count":1552726,"amount":2.6440816912668533E9}}],"pincodes":[{"entityName":"226004","metric":{"type":"TOTAL","count":9379065,"amount":2.5604240132822746E10}},{"entityName":"201301","metric":{"type":"TOTAL","count":5805295,"amount":6.230032613270485E9}},{"entityName":"201307","metric":{"type":"TOTAL","count":1865591,"amount":2.046335836437913E9}},{"entityName":"201308","metric":{"type":"TOTAL","count":1797906,"amount":1.993215936876497E9}},{"entityName":"250001","metric":{"type":"TOTAL","count":1369151,"amount":3.275564105912902E9}},{"entityName":"201009","metric":{"type":"TOTAL","count":1343777,"amount":1.8371005967914388E9}},{"entityName":"201303","metric":{"type":"TOTAL","count":1265203,"amount":1.3820141614161623E9}},{"entityName":"201304","metric":{"type":"TOTAL","count":1256012,"amount":1.5021945203290753E9}},{"entityName":"201014","metric":{"type":"TOTAL","count":1144853,"amount":1.3758826425890007E9}},{"entityName":"201318","metric":{"type":"TOTAL","count":1107456,"amount":1.5825524519809124E9}}]},"responseTimestamp":1630501491913}