{"success":true,"code":"SUCCESS","data":{"states":null,"districts":[{"entityName":"lucknow","metric":{"type":"TOTAL","count":12430842,"amount":3.0895556075945335E10}},{"entityName":"gautam buddha nagar","metric":{"type":"TOTAL","count":10896512,"amount":1.293394678093526E10}},{"entityName":"ghaziabad","metric":{"type":"TOTAL","count":7640595,"amount":1.1178742327553669E10}},{"entityName":"kanpur nagar","metric":{"type":"TOTAL","count":3495087,"amount":6.575767545013139E9}},{"entityName":"meerut","metric":{"type":"TOTAL","count":2994911,"amount":6.172148246847013E9}},{"entityName":"prayagraj","metric":{"type":"TOTAL","count":2935110,"amount":5.163514764361202E9}},{"entityName":"agra","metric":{"type":"TOTAL","count":2837641,"amount":5.153788501153106E9}},{"entityName":"varanasi","metric":{"type":"TOTAL","count":2569684,"amount":4.411716947662937E9}},{"entityName":"gorakhpur","metric":{"type":"TOTAL","count":2231738,"amount":4.183285969668811E9}},{"entityName":"aligarh","metric":{"type":"TOTAL","count":1873486,"amount":3.333199475158868E9}}],"pincodes":[{"entityName":"226004","metric":{"type":"TOTAL","count":7759585,"amount":2.322820495563629E10}},{"entityName":"201301","metric":{"type":"TOTAL","count":2632882,"amount":3.0324409792706E9}},{"entityName":"201307","metric":{"type":"TOTAL","count":1490791,"amount":1.6587858109373493E9}},{"entityName":"250001","metric":{"type":"TOTAL","count":1444660,"amount":3.560011431827073E9}},{"entityName":"201009","metric":{"type":"TOTAL","count":1415732,"amount":1.7324136920150585E9}},{"entityName":"201102","metric":{"type":"TOTAL","count":1234207,"amount":1.6683701375368576E9}},{"entityName":"201318","metric":{"type":"TOTAL","count":1079644,"amount":1.4361155721857004E9}},{"entityName":"201304","metric":{"type":"TOTAL","count":1024526,"amount":1.1332691933246734E9}},{"entityName":"201308","metric":{"type":"TOTAL","count":983057,"amount":1.16031524908782E9}},{"entityName":"201303","metric":{"type":"TOTAL","count":932952,"amount":9.847609408620598E8}}]},"responseTimestamp":1630501492376}