{"success":true,"code":"SUCCESS","data":{"states":null,"districts":[{"entityName":"lucknow","metric":{"type":"TOTAL","count":18626637,"amount":4.4986768816575165E10}},{"entityName":"gautam buddha nagar","metric":{"type":"TOTAL","count":17085582,"amount":2.133763112767076E10}},{"entityName":"ghaziabad","metric":{"type":"TOTAL","count":10353511,"amount":1.672269868328836E10}},{"entityName":"prayagraj","metric":{"type":"TOTAL","count":4424797,"amount":8.784004360762121E9}},{"entityName":"kanpur nagar","metric":{"type":"TOTAL","count":4224357,"amount":8.417780315508661E9}},{"entityName":"meerut","metric":{"type":"TOTAL","count":3739519,"amount":8.114325789555465E9}},{"entityName":"agra","metric":{"type":"TOTAL","count":3402430,"amount":6.647928319006588E9}},{"entityName":"varanasi","metric":{"type":"TOTAL","count":3370707,"amount":6.634516647606381E9}},{"entityName":"gorakhpur","metric":{"type":"TOTAL","count":3197317,"amount":7.043485657433089E9}},{"entityName":"aligarh","metric":{"type":"TOTAL","count":2172376,"amount":4.4331493413868065E9}}],"pincodes":[{"entityName":"226004","metric":{"type":"TOTAL","count":11561325,"amount":3.2419324318886276E10}},{"entityName":"201301","metric":{"type":"TOTAL","count":4881051,"amount":5.988749980204367E9}},{"entityName":"201307","metric":{"type":"TOTAL","count":2082018,"amount":2.3303935737160997E9}},{"entityName":"201009","metric":{"type":"TOTAL","count":1901182,"amount":2.646259864451938E9}},{"entityName":"250001","metric":{"type":"TOTAL","count":1776682,"amount":4.2469320228562107E9}},{"entityName":"201318","metric":{"type":"TOTAL","count":1718615,"amount":2.362990063401171E9}},{"entityName":"201102","metric":{"type":"TOTAL","count":1483902,"amount":2.5239712483865833E9}},{"entityName":"201304","metric":{"type":"TOTAL","count":1460713,"amount":1.7270543333191237E9}},{"entityName":"201308","metric":{"type":"TOTAL","count":1444635,"amount":1.7848500591333647E9}},{"entityName":"201303","metric":{"type":"TOTAL","count":1182569,"amount":1.3410426832311177E9}}]},"responseTimestamp":1630501493259}