{"success":true,"code":"SUCCESS","data":{"states":null,"districts":[{"entityName":"gautam buddha nagar","metric":{"type":"TOTAL","count":26875484,"amount":3.2842519367026226E10}},{"entityName":"lucknow","metric":{"type":"TOTAL","count":21791125,"amount":4.866086284775142E10}},{"entityName":"ghaziabad","metric":{"type":"TOTAL","count":15220234,"amount":2.4565353557018074E10}},{"entityName":"prayagraj","metric":{"type":"TOTAL","count":6423026,"amount":1.2760082970572113E10}},{"entityName":"kanpur nagar","metric":{"type":"TOTAL","count":6052576,"amount":1.2308345528861279E10}},{"entityName":"agra","metric":{"type":"TOTAL","count":5121332,"amount":1.037854935494224E10}},{"entityName":"meerut","metric":{"type":"TOTAL","count":5063989,"amount":1.0705409123829666E10}},{"entityName":"varanasi","metric":{"type":"TOTAL","count":5020393,"amount":1.0194936776671387E10}},{"entityName":"gorakhpur","metric":{"type":"TOTAL","count":4537853,"amount":1.0798676241771055E10}},{"entityName":"aligarh","metric":{"type":"TOTAL","count":3179237,"amount":6.659603398445011E9}}],"pincodes":[{"entityName":"226004","metric":{"type":"TOTAL","count":10577161,"amount":2.897126181262314E10}},{"entityName":"201301","metric":{"type":"TOTAL","count":8269422,"amount":9.516431137386436E9}},{"entityName":"201307","metric":{"type":"TOTAL","count":3169124,"amount":3.5130427324788995E9}},{"entityName":"201009","metric":{"type":"TOTAL","count":2745899,"amount":3.9357678441679306E9}},{"entityName":"201318","metric":{"type":"TOTAL","count":2635508,"amount":3.627149674616274E9}},{"entityName":"201308","metric":{"type":"TOTAL","count":2252985,"amount":2.6776699242664537E9}},{"entityName":"201304","metric":{"type":"TOTAL","count":2149594,"amount":2.548975368669379E9}},{"entityName":"201102","metric":{"type":"TOTAL","count":2128338,"amount":3.813297884071787E9}},{"entityName":"250001","metric":{"type":"TOTAL","count":2126289,"amount":4.735111011244249E9}},{"entityName":"201303","metric":{"type":"TOTAL","count":1853382,"amount":2.070170152263678E9}}]},"responseTimestamp":1630501493697}