{"success":true,"code":"SUCCESS","data":{"states":null,"districts":[{"entityName":"south andaman","metric":{"type":"TOTAL","count":705512,"amount":1.872991195902684E9}},{"entityName":"north and middle andaman","metric":{"type":"TOTAL","count":60059,"amount":1.6162487852274162E8}},{"entityName":"nicobars","metric":{"type":"TOTAL","count":29177,"amount":9.441412764974089E7}}],"pincodes":[{"entityName":"744101","metric":{"type":"TOTAL","count":209941,"amount":6.159780806944855E8}},{"entityName":"744103","metric":{"type":"TOTAL","count":157230,"amount":3.997159801391735E8}},{"entityName":"744105","metric":{"type":"TOTAL","count":122716,"amount":3.218506087396423E8}},{"entityName":"744102","metric":{"type":"TOTAL","count":74883,"amount":1.9333654994178736E8}},{"entityName":"744104","metric":{"type":"TOTAL","count":32471,"amount":7.291552183614868E7}},{"entityName":"744211","metric":{"type":"TOTAL","count":30272,"amount":8.695557058655271E7}},{"entityName":"744107","metric":{"type":"TOTAL","count":25379,"amount":5.877672762636636E7}},{"entityName":"744202","metric":{"type":"TOTAL","count":24022,"amount":6.851926877643085E7}},{"entityName":"744112","metric":{"type":"TOTAL","count":23471,"amount":5.54697836622991E7}},{"entityName":"744301","metric":{"type":"TOTAL","count":17630,"amount":5.687999228461884E7}}]},"responseTimestamp":1651127590011}