{"success":true,"code":"SUCCESS","data":{"states":null,"districts":[{"entityName":"leh ladakh","metric":{"type":"TOTAL","count":92250,"amount":3.0888981671047306E8}},{"entityName":"kargil","metric":{"type":"TOTAL","count":24169,"amount":6.874986073527025E7}}],"pincodes":[{"entityName":"194104","metric":{"type":"TOTAL","count":30289,"amount":9.492939376009162E7}},{"entityName":"194101","metric":{"type":"TOTAL","count":22693,"amount":7.528776873591267E7}},{"entityName":"194201","metric":{"type":"TOTAL","count":13298,"amount":4.62935579571719E7}},{"entityName":"194107","metric":{"type":"TOTAL","count":10562,"amount":3.597579400399302E7}},{"entityName":"194103","metric":{"type":"TOTAL","count":6375,"amount":1.8421217781011183E7}},{"entityName":"194401","metric":{"type":"TOTAL","count":6291,"amount":2.331438937033766E7}},{"entityName":"194106","metric":{"type":"TOTAL","count":5017,"amount":1.731169659900993E7}},{"entityName":"194703","metric":{"type":"TOTAL","count":4869,"amount":1.501449855526915E7}},{"entityName":"194102","metric":{"type":"TOTAL","count":4520,"amount":1.338051882518247E7}},{"entityName":"194105","metric":{"type":"TOTAL","count":4084,"amount":1.2257718474653965E7}}]},"responseTimestamp":1630501491691}