{"success":true,"code":"SUCCESS","data":{"states":null,"districts":[{"entityName":"leh ladakh","metric":{"type":"TOTAL","count":116607,"amount":3.983784845171527E8}},{"entityName":"kargil","metric":{"type":"TOTAL","count":38403,"amount":1.2541451413487196E8}}],"pincodes":[{"entityName":"194104","metric":{"type":"TOTAL","count":38688,"amount":1.2940281508383374E8}},{"entityName":"194101","metric":{"type":"TOTAL","count":27753,"amount":9.471657292702219E7}},{"entityName":"194201","metric":{"type":"TOTAL","count":17285,"amount":5.5812009496215954E7}},{"entityName":"194107","metric":{"type":"TOTAL","count":13133,"amount":4.397669809230614E7}},{"entityName":"194103","metric":{"type":"TOTAL","count":9288,"amount":3.2883827747635525E7}},{"entityName":"194401","metric":{"type":"TOTAL","count":8670,"amount":3.3734198393975794E7}},{"entityName":"194102","metric":{"type":"TOTAL","count":8264,"amount":3.0947937286563996E7}},{"entityName":"194105","metric":{"type":"TOTAL","count":7237,"amount":2.1165123923762888E7}},{"entityName":"194703","metric":{"type":"TOTAL","count":7031,"amount":2.369227611660263E7}},{"entityName":"194106","metric":{"type":"TOTAL","count":5244,"amount":1.7771134590414867E7}}]},"responseTimestamp":1630501492078}