{"success":true,"code":"SUCCESS","data":{"states":null,"districts":[{"entityName":"leh ladakh","metric":{"type":"TOTAL","count":174514,"amount":6.523466062279811E8}},{"entityName":"kargil","metric":{"type":"TOTAL","count":53708,"amount":1.8314089383021227E8}}],"pincodes":[{"entityName":"194104","metric":{"type":"TOTAL","count":53009,"amount":1.9575917521942508E8}},{"entityName":"194101","metric":{"type":"TOTAL","count":36318,"amount":1.2576220910383196E8}},{"entityName":"194201","metric":{"type":"TOTAL","count":33208,"amount":1.317884172799292E8}},{"entityName":"194107","metric":{"type":"TOTAL","count":21812,"amount":8.091125192241782E7}},{"entityName":"194102","metric":{"type":"TOTAL","count":13177,"amount":5.019327197390421E7}},{"entityName":"194103","metric":{"type":"TOTAL","count":13164,"amount":4.868298929905912E7}},{"entityName":"194401","metric":{"type":"TOTAL","count":11567,"amount":5.153551095584342E7}},{"entityName":"194105","metric":{"type":"TOTAL","count":9087,"amount":3.1090704288437817E7}},{"entityName":"194106","metric":{"type":"TOTAL","count":8926,"amount":2.959520392357209E7}},{"entityName":"194703","metric":{"type":"TOTAL","count":8098,"amount":2.8106789559085622E7}}]},"responseTimestamp":1630501492832}