{"success":true,"code":"SUCCESS","data":{"states":null,"districts":[{"entityName":"leh ladakh","metric":{"type":"TOTAL","count":252454,"amount":8.692807939100087E8}},{"entityName":"kargil","metric":{"type":"TOTAL","count":79680,"amount":2.426826765979519E8}}],"pincodes":[{"entityName":"194104","metric":{"type":"TOTAL","count":79598,"amount":2.6544662774241495E8}},{"entityName":"194101","metric":{"type":"TOTAL","count":53569,"amount":1.8645597580271304E8}},{"entityName":"194201","metric":{"type":"TOTAL","count":40398,"amount":1.4587410104263115E8}},{"entityName":"194107","metric":{"type":"TOTAL","count":28650,"amount":1.0199410220863494E8}},{"entityName":"194103","metric":{"type":"TOTAL","count":19884,"amount":6.3335720984377906E7}},{"entityName":"194401","metric":{"type":"TOTAL","count":19253,"amount":7.610725440349069E7}},{"entityName":"194102","metric":{"type":"TOTAL","count":17941,"amount":6.194606118721973E7}},{"entityName":"194106","metric":{"type":"TOTAL","count":13802,"amount":3.700187832567723E7}},{"entityName":null,"metric":{"type":"TOTAL","count":13717,"amount":3.671160392132313E7}},{"entityName":"194703","metric":{"type":"TOTAL","count":12137,"amount":4.1598849489292465E7}}]},"responseTimestamp":1630501493439}