{"success":true,"code":"SUCCESS","data":{"aggregated":{"registeredUsers":411900,"appOpens":22637747},"usersByDevice":[{"brand":"Xiaomi","count":193373,"percentage":0.4694658897790726},{"brand":"Samsung","count":62042,"percentage":0.15062393784899247},{"brand":"Vivo","count":51648,"percentage":0.12538965768390387},{"brand":"Oppo","count":37434,"percentage":0.09088128186453022},{"brand":"Realme","count":24745,"percentage":0.060075260985676136},{"brand":"Apple","count":10256,"percentage":0.02489924739014324},{"brand":"OnePlus","count":5335,"percentage":0.012952172857489681},{"brand":"Huawei","count":4094,"percentage":0.009939305656712794},{"brand":"HMD Global","count":2518,"percentage":0.006113134255887351},{"brand":"Motorola","count":2359,"percentage":0.005727118232580724},{"brand":"Others","count":18096,"percentage":0.04393299344501093}]},"responseTimestamp":1651127644540}