{"success":true,"code":"SUCCESS","data":{"states":null,"districts":[{"name":"dadra and nagar haveli","registeredUsers":83987},{"name":"daman","registeredUsers":51093},{"name":"diu","registeredUsers":5452}],"pincodes":[{"name":"396230","registeredUsers":69568},{"name":"396210","registeredUsers":32703},{"name":"396215","registeredUsers":18018},{"name":"396235","registeredUsers":14419},{"name":"362520","registeredUsers":2879},{"name":"362571","registeredUsers":1582},{"name":"362540","registeredUsers":842},{"name":"396220","registeredUsers":372},{"name":"362570","registeredUsers":149}]},"responseTimestamp":1630501496479}