{"success":true,"code":"SUCCESS","data":{"states":null,"districts":[{"name":"dadra and nagar haveli","registeredUsers":94382},{"name":"daman","registeredUsers":58005},{"name":"diu","registeredUsers":6193}],"pincodes":[{"name":"396230","registeredUsers":78132},{"name":"396210","registeredUsers":37160},{"name":"396215","registeredUsers":20428},{"name":"396235","registeredUsers":16250},{"name":"362520","registeredUsers":3291},{"name":"362571","registeredUsers":1785},{"name":"362540","registeredUsers":947},{"name":"396220","registeredUsers":417},{"name":"362570","registeredUsers":170}]},"responseTimestamp":1630501496810}