{"success":true,"code":"SUCCESS","data":{"states":null,"districts":[{"name":"dadra and nagar haveli","registeredUsers":105329},{"name":"daman","registeredUsers":64854},{"name":"diu","registeredUsers":6746}],"pincodes":[{"name":"396230","registeredUsers":87039},{"name":"396210","registeredUsers":41395},{"name":"396215","registeredUsers":22996},{"name":"396235","registeredUsers":18290},{"name":"362520","registeredUsers":3618},{"name":"362571","registeredUsers":1908},{"name":"362540","registeredUsers":1044},{"name":"396220","registeredUsers":463},{"name":"362570","registeredUsers":176}]},"responseTimestamp":1630501497432}