{"success":true,"code":"SUCCESS","data":{"states":null,"districts":[{"name":"dadra and nagar haveli","registeredUsers":117805},{"name":"daman","registeredUsers":72470},{"name":"diu","registeredUsers":7323}],"pincodes":[{"name":"396230","registeredUsers":97116},{"name":"396210","registeredUsers":46041},{"name":"396215","registeredUsers":25932},{"name":"396235","registeredUsers":20689},{"name":"362520","registeredUsers":3953},{"name":"362571","registeredUsers":2041},{"name":"362540","registeredUsers":1138},{"name":"396220","registeredUsers":497},{"name":"362570","registeredUsers":191}]},"responseTimestamp":1630501497908}