{"success":true,"code":"SUCCESS","data":{"states":null,"districts":[{"name":"ludhiana","registeredUsers":454370},{"name":"sas nagar","registeredUsers":298288},{"name":"amritsar","registeredUsers":171264},{"name":"patiala","registeredUsers":169872},{"name":"jalandhar","registeredUsers":164130},{"name":"bathinda","registeredUsers":128070},{"name":"fazilka","registeredUsers":104942},{"name":"sangrur","registeredUsers":97326},{"name":"hoshiarpur","registeredUsers":72128},{"name":"gurdaspur","registeredUsers":62502}],"pincodes":[{"name":"143001","registeredUsers":119228},{"name":"141008","registeredUsers":64166},{"name":"140603","registeredUsers":45359},{"name":"141001","registeredUsers":42727},{"name":"140301","registeredUsers":42199},{"name":"147001","registeredUsers":40621},{"name":"141003","registeredUsers":37255},{"name":"145001","registeredUsers":33513},{"name":"151001","registeredUsers":32544},{"name":"152116","registeredUsers":30355}]},"responseTimestamp":1630501496663}