{"success":true,"code":"SUCCESS","data":{"states":null,"districts":[{"name":"ludhiana","registeredUsers":528745},{"name":"sas nagar","registeredUsers":343153},{"name":"amritsar","registeredUsers":206517},{"name":"patiala","registeredUsers":199960},{"name":"jalandhar","registeredUsers":195283},{"name":"bathinda","registeredUsers":145282},{"name":"fazilka","registeredUsers":118707},{"name":"sangrur","registeredUsers":111996},{"name":"hoshiarpur","registeredUsers":86022},{"name":"gurdaspur","registeredUsers":75170}],"pincodes":[{"name":"143001","registeredUsers":142830},{"name":"141008","registeredUsers":75374},{"name":"140603","registeredUsers":51976},{"name":"141001","registeredUsers":51332},{"name":"140301","registeredUsers":49010},{"name":"147001","registeredUsers":48451},{"name":"141003","registeredUsers":43136},{"name":"145001","registeredUsers":38854},{"name":"151001","registeredUsers":36490},{"name":"144001","registeredUsers":35403}]},"responseTimestamp":1630501497228}