{"success":true,"code":"SUCCESS","data":{"states":null,"districts":[{"name":"ludhiana","registeredUsers":601479},{"name":"sas nagar","registeredUsers":385263},{"name":"amritsar","registeredUsers":238628},{"name":"patiala","registeredUsers":229488},{"name":"jalandhar","registeredUsers":225027},{"name":"bathinda","registeredUsers":162800},{"name":"fazilka","registeredUsers":132573},{"name":"sangrur","registeredUsers":127329},{"name":"hoshiarpur","registeredUsers":99272},{"name":"gurdaspur","registeredUsers":87043}],"pincodes":[{"name":"143001","registeredUsers":163956},{"name":"141008","registeredUsers":86040},{"name":"141001","registeredUsers":59363},{"name":"140603","registeredUsers":58135},{"name":"140301","registeredUsers":55421},{"name":"147001","registeredUsers":55395},{"name":"141003","registeredUsers":48731},{"name":"145001","registeredUsers":43993},{"name":"144001","registeredUsers":41150},{"name":"151001","registeredUsers":41035}]},"responseTimestamp":1630501497756}