{"success":true,"code":"SUCCESS","data":{"states":null,"districts":[{"name":"ludhiana","registeredUsers":671579},{"name":"sas nagar","registeredUsers":422041},{"name":"amritsar","registeredUsers":268663},{"name":"patiala","registeredUsers":256911},{"name":"jalandhar","registeredUsers":251259},{"name":"bathinda","registeredUsers":180722},{"name":"fazilka","registeredUsers":149868},{"name":"sangrur","registeredUsers":143162},{"name":"hoshiarpur","registeredUsers":113296},{"name":"gurdaspur","registeredUsers":100393}],"pincodes":[{"name":"143001","registeredUsers":181854},{"name":"141008","registeredUsers":95986},{"name":"141001","registeredUsers":65261},{"name":"140603","registeredUsers":63297},{"name":"147001","registeredUsers":60870},{"name":"140301","registeredUsers":60612},{"name":"141003","registeredUsers":53849},{"name":"145001","registeredUsers":48845},{"name":"144001","registeredUsers":45418},{"name":"151001","registeredUsers":44790}]},"responseTimestamp":1630501498083}