{"success":true,"code":"SUCCESS","data":{"states":null,"districts":[{"entityName":"kolkata","metric":{"type":"TOTAL","count":76392752,"amount":1.554177837926444E11}},{"entityName":"north twenty four parganas","metric":{"type":"TOTAL","count":31930105,"amount":5.966150058475365E10}},{"entityName":"howrah","metric":{"type":"TOTAL","count":23702322,"amount":4.41109029695602E10}},{"entityName":"murshidabad","metric":{"type":"TOTAL","count":15588410,"amount":4.114089234113233E10}},{"entityName":"purba medinipur","metric":{"type":"TOTAL","count":11506248,"amount":2.8979875250478428E10}},{"entityName":"south twenty four parganas","metric":{"type":"TOTAL","count":11243229,"amount":2.696535687385303E10}},{"entityName":"hooghly","metric":{"type":"TOTAL","count":10497390,"amount":2.1694250432038437E10}},{"entityName":"nadia","metric":{"type":"TOTAL","count":9791890,"amount":2.2740547217901745E10}},{"entityName":"paschim bardhaman","metric":{"type":"TOTAL","count":9783656,"amount":1.7440405834011703E10}},{"entityName":"paschim medinipur","metric":{"type":"TOTAL","count":9156926,"amount":2.0055779613652466E10}}],"pincodes":[{"entityName":"700009","metric":{"type":"TOTAL","count":54223924,"amount":1.091751530574741E11}},{"entityName":"711102","metric":{"type":"TOTAL","count":15124838,"amount":2.4749959654695976E10}},{"entityName":"734006","metric":{"type":"TOTAL","count":3455929,"amount":7.903256310021596E9}},{"entityName":"742133","metric":{"type":"TOTAL","count":3079765,"amount":6.876033656983646E9}},{"entityName":"700156","metric":{"type":"TOTAL","count":2003969,"amount":2.294219082637669E9}},{"entityName":"742149","metric":{"type":"TOTAL","count":1775561,"amount":4.979297986568863E9}},{"entityName":"700135","metric":{"type":"TOTAL","count":1531846,"amount":2.555928156964094E9}},{"entityName":"700091","metric":{"type":"TOTAL","count":1462065,"amount":1.608064724665882E9}},{"entityName":"711101","metric":{"type":"TOTAL","count":1201800,"amount":3.0835787168715744E9}},{"entityName":"721401","metric":{"type":"TOTAL","count":1113517,"amount":2.712019531008008E9}}]},"responseTimestamp":1651127613952}