{"success":true,"code":"SUCCESS","data":{"aggregated":{"registeredUsers":321396,"appOpens":7302462},"usersByDevice":[{"brand":"Vivo","count":79699,"percentage":0.2479775728384921},{"brand":"Xiaomi","count":73383,"percentage":0.22832580368143973},{"brand":"Samsung","count":54230,"percentage":0.16873265379780705},{"brand":"Oppo","count":40045,"percentage":0.12459707028089957},{"brand":"Realme","count":23882,"percentage":0.07430708534020336},{"brand":"Apple","count":5784,"percentage":0.017996490311018184},{"brand":"Huawei","count":4871,"percentage":0.015155758005700133},{"brand":"Motorola","count":4859,"percentage":0.015118420888872294},{"brand":"Lenovo","count":4531,"percentage":0.014097873028911374},{"brand":"Tecno","count":3575,"percentage":0.011123349388293569},{"brand":"Others","count":26537,"percentage":0.08256792243836264}]},"responseTimestamp":1630501499818}