{"success":true,"code":"SUCCESS","data":{"aggregated":{"registeredUsers":344994,"appOpens":5062983},"usersByDevice":[{"brand":"Vivo","count":87001,"percentage":0.2521811973541569},{"brand":"Xiaomi","count":77605,"percentage":0.22494594108883054},{"brand":"Samsung","count":57137,"percentage":0.1656173730557633},{"brand":"Oppo","count":43131,"percentage":0.12501956555766186},{"brand":"Realme","count":27996,"percentage":0.08114923737804136},{"brand":"Apple","count":6273,"percentage":0.0181829249204334},{"brand":"Huawei","count":4834,"percentage":0.014011837887035717},{"brand":"Motorola","count":4803,"percentage":0.013921981251847858},{"brand":"Tecno","count":4453,"percentage":0.012907470854565587},{"brand":"Lenovo","count":4280,"percentage":0.012406012858194636},{"brand":"Others","count":27481,"percentage":0.07965645779346887}]},"responseTimestamp":1630501500253}