{"success":true,"code":"SUCCESS","data":{"aggregated":{"registeredUsers":371874,"appOpens":7162734},"usersByDevice":[{"brand":"Vivo","count":95723,"percentage":0.25740707874172436},{"brand":"Xiaomi","count":82367,"percentage":0.2214916880448754},{"brand":"Samsung","count":59023,"percentage":0.15871773772837036},{"brand":"Oppo","count":46708,"percentage":0.1256016822902381},{"brand":"Realme","count":32929,"percentage":0.08854880954301726},{"brand":"Apple","count":6802,"percentage":0.01829114162323798},{"brand":"Tecno","count":5777,"percentage":0.015534831690303706},{"brand":"Motorola","count":4807,"percentage":0.012926421314746393},{"brand":"Huawei","count":4785,"percentage":0.012867261491795607},{"brand":"Infinix","count":4734,"percentage":0.012730118265864244},{"brand":"Others","count":28219,"percentage":0.0758832292658266}]},"responseTimestamp":1634575135783}