{"success":true,"code":"SUCCESS","data":{"aggregated":{"registeredUsers":398963,"appOpens":15009455},"usersByDevice":[{"brand":"Vivo","count":104203,"percentage":0.26118462113028024},{"brand":"Xiaomi","count":85964,"percentage":0.2154686023515965},{"brand":"Samsung","count":61231,"percentage":0.15347538493544513},{"brand":"Oppo","count":50155,"percentage":0.12571341202066358},{"brand":"Realme","count":39211,"percentage":0.09828229685459554},{"brand":"Apple","count":7542,"percentage":0.018904008642405438},{"brand":"Tecno","count":6955,"percentage":0.01743269425986871},{"brand":"Infinix","count":6018,"percentage":0.015084105543621839},{"brand":"OnePlus","count":5332,"percentage":0.013364647849549958},{"brand":"Motorola","count":4828,"percentage":0.012101372809007352},{"brand":"Others","count":27524,"percentage":0.0689888536029657}]},"responseTimestamp":1643295750681}