{"success":true,"code":"SUCCESS","data":{"states":null,"districts":[{"name":"bengaluru urban","registeredUsers":5003207},{"name":"mysuru","registeredUsers":432208},{"name":"belagavi","registeredUsers":412265},{"name":"dharwad","registeredUsers":287568},{"name":"ballari","registeredUsers":281648},{"name":"bengaluru rural","registeredUsers":267147},{"name":"tumakuru","registeredUsers":258398},{"name":"dakshina kannada","registeredUsers":254135},{"name":"kalaburagi","registeredUsers":230020},{"name":"kolar","registeredUsers":201909}],"pincodes":[{"name":"560068","registeredUsers":237280},{"name":"560078","registeredUsers":157977},{"name":"560076","registeredUsers":157367},{"name":"560037","registeredUsers":156716},{"name":"560100","registeredUsers":145990},{"name":"560043","registeredUsers":126199},{"name":"560058","registeredUsers":120584},{"name":"560091","registeredUsers":115911},{"name":"560064","registeredUsers":110644},{"name":"560079","registeredUsers":109287}]},"responseTimestamp":1630501496534}