{"success":true,"code":"SUCCESS","data":{"states":null,"districts":[{"name":"bengaluru urban","registeredUsers":5694165},{"name":"mysuru","registeredUsers":517839},{"name":"belagavi","registeredUsers":492435},{"name":"dharwad","registeredUsers":342439},{"name":"ballari","registeredUsers":330704},{"name":"bengaluru rural","registeredUsers":314610},{"name":"tumakuru","registeredUsers":312592},{"name":"dakshina kannada","registeredUsers":306684},{"name":"kalaburagi","registeredUsers":267907},{"name":"kolar","registeredUsers":240400}],"pincodes":[{"name":"560068","registeredUsers":263531},{"name":"560078","registeredUsers":178837},{"name":"560076","registeredUsers":176066},{"name":"560037","registeredUsers":170073},{"name":"560100","registeredUsers":161939},{"name":"560043","registeredUsers":143778},{"name":"560058","registeredUsers":138060},{"name":"560091","registeredUsers":134585},{"name":"560064","registeredUsers":126663},{"name":"560079","registeredUsers":125493}]},"responseTimestamp":1630501496897}