{"success":true,"code":"SUCCESS","data":{"states":null,"districts":[{"name":"bengaluru urban","registeredUsers":6383771},{"name":"mysuru","registeredUsers":601068},{"name":"belagavi","registeredUsers":568340},{"name":"dharwad","registeredUsers":397243},{"name":"ballari","registeredUsers":376264},{"name":"tumakuru","registeredUsers":366543},{"name":"dakshina kannada","registeredUsers":363240},{"name":"bengaluru rural","registeredUsers":361924},{"name":"kalaburagi","registeredUsers":306756},{"name":"kolar","registeredUsers":277877}],"pincodes":[{"name":"560068","registeredUsers":289417},{"name":"560078","registeredUsers":200025},{"name":"560076","registeredUsers":194819},{"name":"560037","registeredUsers":182526},{"name":"560100","registeredUsers":177026},{"name":"560043","registeredUsers":161899},{"name":"560058","registeredUsers":155618},{"name":"560091","registeredUsers":152819},{"name":"560064","registeredUsers":143378},{"name":"560079","registeredUsers":141222}]},"responseTimestamp":1630501497604}