{"success":true,"code":"SUCCESS","data":{"states":null,"districts":[{"name":"bengaluru urban","registeredUsers":7016836},{"name":"mysuru","registeredUsers":686169},{"name":"belagavi","registeredUsers":656749},{"name":"dharwad","registeredUsers":452178},{"name":"ballari","registeredUsers":429391},{"name":"tumakuru","registeredUsers":428605},{"name":"dakshina kannada","registeredUsers":423031},{"name":"bengaluru rural","registeredUsers":411896},{"name":"kalaburagi","registeredUsers":355228},{"name":"kolar","registeredUsers":321279}],"pincodes":[{"name":"560068","registeredUsers":313673},{"name":"560078","registeredUsers":218317},{"name":"560076","registeredUsers":211683},{"name":"560037","registeredUsers":193752},{"name":"560100","registeredUsers":191154},{"name":"560043","registeredUsers":177784},{"name":"560058","registeredUsers":172754},{"name":"560091","registeredUsers":170454},{"name":"560064","registeredUsers":157979},{"name":"560079","registeredUsers":155676}]},"responseTimestamp":1630501497951}