{"success":true,"code":"SUCCESS","data":{"states":null,"districts":[{"name":"east khasi hills","registeredUsers":9310},{"name":"west garo hills","registeredUsers":3671},{"name":"ribhoi","registeredUsers":1891},{"name":"east jaintia hills","registeredUsers":1419},{"name":"west jaintia hills","registeredUsers":736},{"name":"south garo hills","registeredUsers":343},{"name":"south west garo hills","registeredUsers":299},{"name":"west khasi hills","registeredUsers":299},{"name":"north garo hills","registeredUsers":254},{"name":"east garo hills","registeredUsers":236}],"pincodes":[{"name":"793001","registeredUsers":2493},{"name":"793002","registeredUsers":1386},{"name":"794001","registeredUsers":1033},{"name":"793210","registeredUsers":999},{"name":"793011","registeredUsers":943},{"name":"793101","registeredUsers":908},{"name":"794105","registeredUsers":855},{"name":"794101","registeredUsers":752},{"name":"793007","registeredUsers":646},{"name":"793004","registeredUsers":613}]},"responseTimestamp":1630501494717}