{"success":true,"code":"SUCCESS","data":{"states":null,"districts":[{"name":"east khasi hills","registeredUsers":12907},{"name":"west garo hills","registeredUsers":5289},{"name":"ribhoi","registeredUsers":2869},{"name":"east jaintia hills","registeredUsers":2051},{"name":"west jaintia hills","registeredUsers":1023},{"name":"south garo hills","registeredUsers":530},{"name":"south west garo hills","registeredUsers":485},{"name":"west khasi hills","registeredUsers":472},{"name":"north garo hills","registeredUsers":445},{"name":"east garo hills","registeredUsers":437}],"pincodes":[{"name":"793001","registeredUsers":3410},{"name":"793002","registeredUsers":1857},{"name":"793210","registeredUsers":1430},{"name":"794001","registeredUsers":1415},{"name":"793101","registeredUsers":1379},{"name":"793011","registeredUsers":1320},{"name":"794105","registeredUsers":1233},{"name":"794101","registeredUsers":1144},{"name":"793007","registeredUsers":895},{"name":"793004","registeredUsers":878}]},"responseTimestamp":1630501495231}