{"success":true,"code":"SUCCESS","data":{"states":null,"districts":[{"name":"east khasi hills","registeredUsers":17543},{"name":"west garo hills","registeredUsers":7529},{"name":"ribhoi","registeredUsers":3889},{"name":"east jaintia hills","registeredUsers":2886},{"name":"west jaintia hills","registeredUsers":1465},{"name":"south garo hills","registeredUsers":821},{"name":"south west garo hills","registeredUsers":810},{"name":"north garo hills","registeredUsers":737},{"name":"west khasi hills","registeredUsers":730},{"name":"east garo hills","registeredUsers":694}],"pincodes":[{"name":"793001","registeredUsers":4591},{"name":"793002","registeredUsers":2453},{"name":"794001","registeredUsers":2006},{"name":"793210","registeredUsers":1964},{"name":"793101","registeredUsers":1851},{"name":"793011","registeredUsers":1798},{"name":"794105","registeredUsers":1690},{"name":"794101","registeredUsers":1597},{"name":"794104","registeredUsers":1242},{"name":"793007","registeredUsers":1209}]},"responseTimestamp":1630501495550}