{"success":true,"code":"SUCCESS","data":{"states":null,"districts":[{"name":"east khasi hills","registeredUsers":22845},{"name":"west garo hills","registeredUsers":10445},{"name":"ribhoi","registeredUsers":5207},{"name":"east jaintia hills","registeredUsers":3735},{"name":"west jaintia hills","registeredUsers":1861},{"name":"south west garo hills","registeredUsers":1115},{"name":"north garo hills","registeredUsers":1092},{"name":"east garo hills","registeredUsers":1067},{"name":"south garo hills","registeredUsers":1057},{"name":"west khasi hills","registeredUsers":957}],"pincodes":[{"name":"793001","registeredUsers":5880},{"name":"793002","registeredUsers":3195},{"name":"794001","registeredUsers":2785},{"name":"793101","registeredUsers":2480},{"name":"793210","registeredUsers":2438},{"name":"793011","registeredUsers":2340},{"name":"794105","registeredUsers":2307},{"name":"794101","registeredUsers":2184},{"name":"794104","registeredUsers":1774},{"name":"793004","registeredUsers":1600}]},"responseTimestamp":1630501496303}