{"success":true,"code":"SUCCESS","data":{"states":null,"districts":[{"name":"west","registeredUsers":1559112},{"name":"south east delhi","registeredUsers":1260645},{"name":"north west","registeredUsers":1094464},{"name":"new delhi","registeredUsers":1039016},{"name":"central delhi","registeredUsers":1035060},{"name":"north","registeredUsers":890194},{"name":"south west","registeredUsers":849223},{"name":"east","registeredUsers":786308},{"name":"south","registeredUsers":749173},{"name":"shahdara","registeredUsers":636908}],"pincodes":[{"name":"110059","registeredUsers":454201},{"name":"110092","registeredUsers":359376},{"name":"110086","registeredUsers":310419},{"name":"110044","registeredUsers":278606},{"name":"110041","registeredUsers":272303},{"name":"110085","registeredUsers":257921},{"name":"110094","registeredUsers":248570},{"name":"110053","registeredUsers":245562},{"name":"110096","registeredUsers":245046},{"name":"110042","registeredUsers":237271}]},"responseTimestamp":1630501499820}