{"success":true,"code":"SUCCESS","data":{"states":null,"districts":[{"name":"west","registeredUsers":1666267},{"name":"south east delhi","registeredUsers":1346063},{"name":"north west","registeredUsers":1170137},{"name":"new delhi","registeredUsers":1108471},{"name":"central delhi","registeredUsers":1105640},{"name":"north","registeredUsers":952374},{"name":"south west","registeredUsers":906878},{"name":"east","registeredUsers":839185},{"name":"south","registeredUsers":799590},{"name":"shahdara","registeredUsers":681073}],"pincodes":[{"name":"110059","registeredUsers":485328},{"name":"110092","registeredUsers":383095},{"name":"110086","registeredUsers":332618},{"name":"110044","registeredUsers":297678},{"name":"110041","registeredUsers":291909},{"name":"110085","registeredUsers":275085},{"name":"110094","registeredUsers":266143},{"name":"110053","registeredUsers":262977},{"name":"110096","registeredUsers":261791},{"name":"110042","registeredUsers":254105}]},"responseTimestamp":1630501500298}