{"success":true,"code":"SUCCESS","data":{"states":null,"districts":[{"name":"west","registeredUsers":1785309},{"name":"south east delhi","registeredUsers":1441462},{"name":"north west","registeredUsers":1254464},{"name":"new delhi","registeredUsers":1185588},{"name":"central delhi","registeredUsers":1184217},{"name":"north","registeredUsers":1022251},{"name":"south west","registeredUsers":971552},{"name":"east","registeredUsers":898137},{"name":"south","registeredUsers":855177},{"name":"shahdara","registeredUsers":730209}],"pincodes":[{"name":"110059","registeredUsers":520096},{"name":"110092","registeredUsers":409520},{"name":"110086","registeredUsers":357590},{"name":"110044","registeredUsers":319096},{"name":"110041","registeredUsers":314015},{"name":"110085","registeredUsers":293937},{"name":"110094","registeredUsers":285714},{"name":"110053","registeredUsers":282380},{"name":"110096","registeredUsers":280334},{"name":"110042","registeredUsers":273110}]},"responseTimestamp":1634575175122}