{"success":true,"code":"SUCCESS","data":{"states":null,"districts":[{"name":"west","registeredUsers":1905278},{"name":"south east delhi","registeredUsers":1537814},{"name":"north west","registeredUsers":1339480},{"name":"central delhi","registeredUsers":1263911},{"name":"new delhi","registeredUsers":1263818},{"name":"north","registeredUsers":1093028},{"name":"south west","registeredUsers":1036466},{"name":"east","registeredUsers":957392},{"name":"south","registeredUsers":911399},{"name":"shahdara","registeredUsers":779798}],"pincodes":[{"name":"110059","registeredUsers":555449},{"name":"110092","registeredUsers":436075},{"name":"110086","registeredUsers":382858},{"name":"110044","registeredUsers":340833},{"name":"110041","registeredUsers":336405},{"name":"110085","registeredUsers":312819},{"name":"110094","registeredUsers":305422},{"name":"110053","registeredUsers":301988},{"name":"110096","registeredUsers":299233},{"name":"110042","registeredUsers":292597}]},"responseTimestamp":1643295790051}