{"success":true,"code":"SUCCESS","data":{"states":null,"districts":[{"entityName":"puducherry","metric":{"type":"TOTAL","count":6470067,"amount":1.0377036935727272E10}},{"entityName":"yanam","metric":{"type":"TOTAL","count":410527,"amount":8.192483143131009E8}},{"entityName":"karaikal","metric":{"type":"TOTAL","count":362403,"amount":7.024481832222145E8}},{"entityName":"mahe","metric":{"type":"TOTAL","count":116179,"amount":1.8474147212407243E8}}],"pincodes":[{"entityName":"605002","metric":{"type":"TOTAL","count":2725323,"amount":4.579265602263967E9}},{"entityName":"605110","metric":{"type":"TOTAL","count":483083,"amount":7.783865347659646E8}},{"entityName":"533464","metric":{"type":"TOTAL","count":410527,"amount":8.192483143131008E8}},{"entityName":"605107","metric":{"type":"TOTAL","count":348546,"amount":5.2667948027469003E8}},{"entityName":"605004","metric":{"type":"TOTAL","count":333638,"amount":5.742363278022084E8}},{"entityName":"605008","metric":{"type":"TOTAL","count":323707,"amount":5.273273580428722E8}},{"entityName":"605001","metric":{"type":"TOTAL","count":323420,"amount":4.458187065618657E8}},{"entityName":"605009","metric":{"type":"TOTAL","count":302620,"amount":4.7315014573652303E8}},{"entityName":"605011","metric":{"type":"TOTAL","count":275930,"amount":4.654362161464253E8}},{"entityName":"605013","metric":{"type":"TOTAL","count":222478,"amount":3.630942409214482E8}}]},"responseTimestamp":1651127572731}