{"success":true,"code":"SUCCESS","data":{"from":1609439400000,"to":1616869800000,"transactionData":[{"name":"Peer-to-peer payments","paymentInstruments":[{"type":"TOTAL","count":10951083,"amount":4.690863214331532E10}]},{"name":"Merchant payments","paymentInstruments":[{"type":"TOTAL","count":9333364,"amount":7.651004598907397E9}]},{"name":"Recharge & bill payments","paymentInstruments":[{"type":"TOTAL","count":6332928,"amount":3.9808744032760215E9}]},{"name":"Financial Services","paymentInstruments":[{"type":"TOTAL","count":43094,"amount":5.200948241407214E7}]},{"name":"Others","paymentInstruments":[{"type":"TOTAL","count":110366,"amount":9.836646319387978E7}]}]},"responseTimestamp":1630501494067}