{"success":true,"code":"SUCCESS","data":{"from":1617215400000,"to":1624818600000,"transactionData":[{"name":"Peer-to-peer payments","paymentInstruments":[{"type":"TOTAL","count":13180933,"amount":5.528248611130394E10}]},{"name":"Merchant payments","paymentInstruments":[{"type":"TOTAL","count":11225598,"amount":9.710508482436422E9}]},{"name":"Recharge & bill payments","paymentInstruments":[{"type":"TOTAL","count":7591039,"amount":4.370756868518326E9}]},{"name":"Financial Services","paymentInstruments":[{"type":"TOTAL","count":46218,"amount":5.330905106501615E7}]},{"name":"Others","paymentInstruments":[{"type":"TOTAL","count":127460,"amount":1.1399804929147904E8}]}]},"responseTimestamp":1630501494459}