{"success":true,"code":"SUCCESS","data":{"from":1625077800000,"to":1632767400000,"transactionData":[{"name":"Peer-to-peer payments","paymentInstruments":[{"type":"TOTAL","count":17024782,"amount":6.6149902036358826E10}]},{"name":"Merchant payments","paymentInstruments":[{"type":"TOTAL","count":16837685,"amount":1.4103740968543571E10}]},{"name":"Recharge & bill payments","paymentInstruments":[{"type":"TOTAL","count":8465739,"amount":5.540272095274853E9}]},{"name":"Financial Services","paymentInstruments":[{"type":"TOTAL","count":43789,"amount":6.3576666590925634E7}]},{"name":"Others","paymentInstruments":[{"type":"TOTAL","count":161494,"amount":1.3506907384402025E8}]}]},"responseTimestamp":1634575083768}