{"success":true,"code":"SUCCESS","data":{"from":1633026600000,"to":1640629800000,"transactionData":[{"name":"Merchant payments","paymentInstruments":[{"type":"TOTAL","count":22669743,"amount":2.0753662875546524E10}]},{"name":"Peer-to-peer payments","paymentInstruments":[{"type":"TOTAL","count":20663881,"amount":8.361140363731992E10}]},{"name":"Recharge & bill payments","paymentInstruments":[{"type":"TOTAL","count":8765579,"amount":6.107473171935022E9}]},{"name":"Financial Services","paymentInstruments":[{"type":"TOTAL","count":58581,"amount":8.635645660324252E7}]},{"name":"Others","paymentInstruments":[{"type":"TOTAL","count":201576,"amount":1.512301005948589E8}]}]},"responseTimestamp":1643295698554}