{"success":true,"code":"SUCCESS","data":{"hoverDataList":[{"name":"thiruvananthapuram district","metric":[{"type":"TOTAL","count":7747326,"amount":1.2106537679278353E10}]},{"name":"kasaragod district","metric":[{"type":"TOTAL","count":2282517,"amount":3.9230729283004293E9}]},{"name":"malappuram district","metric":[{"type":"TOTAL","count":10270093,"amount":1.39688860829426E10}]},{"name":"pathanamthitta district","metric":[{"type":"TOTAL","count":1963871,"amount":3.3619634552387085E9}]},{"name":"wayanad district","metric":[{"type":"TOTAL","count":2620413,"amount":4.0174862628773155E9}]},{"name":"alappuzha district","metric":[{"type":"TOTAL","count":3687088,"amount":5.795828219423043E9}]},{"name":"kozhikode district","metric":[{"type":"TOTAL","count":9526680,"amount":1.3732159882740732E10}]},{"name":"kollam district","metric":[{"type":"TOTAL","count":4851496,"amount":8.628660586960697E9}]},{"name":"thrissur district","metric":[{"type":"TOTAL","count":7612460,"amount":1.2265599938768522E10}]},{"name":"palakkad district","metric":[{"type":"TOTAL","count":4504996,"amount":7.445457072739984E9}]},{"name":"kannur district","metric":[{"type":"TOTAL","count":4837076,"amount":7.88229359926064E9}]},{"name":"kottayam district","metric":[{"type":"TOTAL","count":4029330,"amount":6.642441538163085E9}]},{"name":"ernakulam district","metric":[{"type":"TOTAL","count":29451475,"amount":3.691531857207093E10}]},{"name":"idukki district","metric":[{"type":"TOTAL","count":1896144,"amount":3.303236645929193E9}]}]},"responseTimestamp":1651127605610}