{"success":true,"code":"SUCCESS","data":{"states":null,"districts":[{"entityName":"khordha","metric":{"type":"TOTAL","count":104052705,"amount":1.527453289274852E11}},{"entityName":"cuttack","metric":{"type":"TOTAL","count":18955932,"amount":3.1482914773528687E10}},{"entityName":"ganjam","metric":{"type":"TOTAL","count":14289760,"amount":2.967485768321894E10}},{"entityName":"jajapur","metric":{"type":"TOTAL","count":10760033,"amount":1.7569845983615986E10}},{"entityName":"baleshwar","metric":{"type":"TOTAL","count":10164531,"amount":1.9169857482365425E10}},{"entityName":"puri","metric":{"type":"TOTAL","count":9268269,"amount":1.506352018006602E10}},{"entityName":"sundargarh","metric":{"type":"TOTAL","count":8621086,"amount":1.5915215285753382E10}},{"entityName":"kendujhar","metric":{"type":"TOTAL","count":7553005,"amount":1.5056691322671288E10}},{"entityName":"bhadrak","metric":{"type":"TOTAL","count":7049860,"amount":1.2413725786608274E10}},{"entityName":"anugul","metric":{"type":"TOTAL","count":6423393,"amount":1.2666904909368557E10}}],"pincodes":[{"entityName":"751001","metric":{"type":"TOTAL","count":58525215,"amount":9.121020343381744E10}},{"entityName":"751024","metric":{"type":"TOTAL","count":3489794,"amount":3.848236098457849E9}},{"entityName":"751002","metric":{"type":"TOTAL","count":2935353,"amount":4.593468371232569E9}},{"entityName":"753001","metric":{"type":"TOTAL","count":2489610,"amount":4.383919593679377E9}},{"entityName":"751006","metric":{"type":"TOTAL","count":2448507,"amount":3.820876580565175E9}},{"entityName":"751012","metric":{"type":"TOTAL","count":2432034,"amount":2.749718531046708E9}},{"entityName":"751003","metric":{"type":"TOTAL","count":2344409,"amount":2.9386710415904655E9}},{"entityName":"751019","metric":{"type":"TOTAL","count":2280623,"amount":3.1262688706377654E9}},{"entityName":"756001","metric":{"type":"TOTAL","count":2140801,"amount":3.691728325653761E9}},{"entityName":"751010","metric":{"type":"TOTAL","count":2139606,"amount":2.9258650908262615E9}}]},"responseTimestamp":1651127599537}