{"success":true,"code":"SUCCESS","data":{"states":null,"districts":[{"entityName":"aizawl","metric":{"type":"TOTAL","count":341192,"amount":1.0817003619959884E9}},{"entityName":"lunglei","metric":{"type":"TOTAL","count":70118,"amount":2.257623106230601E8}},{"entityName":"lawngtlai","metric":{"type":"TOTAL","count":52546,"amount":1.777109049278997E8}},{"entityName":"kolasib","metric":{"type":"TOTAL","count":41730,"amount":1.3156535372167373E8}},{"entityName":"mamit","metric":{"type":"TOTAL","count":31141,"amount":8.561581392389987E7}},{"entityName":"champhai","metric":{"type":"TOTAL","count":28284,"amount":1.0477886241112822E8}},{"entityName":"serchhip","metric":{"type":"TOTAL","count":25542,"amount":7.357750413530782E7}},{"entityName":"saiha","metric":{"type":"TOTAL","count":14364,"amount":6.444785187228675E7}}],"pincodes":[{"entityName":"796009","metric":{"type":"TOTAL","count":161596,"amount":4.931129815938037E8}},{"entityName":"796005","metric":{"type":"TOTAL","count":58251,"amount":1.8763079284342003E8}},{"entityName":"796701","metric":{"type":"TOTAL","count":35178,"amount":1.1730168494663581E8}},{"entityName":"796017","metric":{"type":"TOTAL","count":31604,"amount":1.0491598212321794E8}},{"entityName":"796772","metric":{"type":"TOTAL","count":24395,"amount":7.277559547269389E7}},{"entityName":"796012","metric":{"type":"TOTAL","count":23586,"amount":8.872236923976086E7}},{"entityName":"796014","metric":{"type":"TOTAL","count":19739,"amount":6.820851731733309E7}},{"entityName":"796181","metric":{"type":"TOTAL","count":16509,"amount":5.008384259821437E7}},{"entityName":"796081","metric":{"type":"TOTAL","count":15566,"amount":4.8358136969522744E7}},{"entityName":"796770","metric":{"type":"TOTAL","count":14772,"amount":5.337053167660181E7}}]},"responseTimestamp":1651127621175}