{"success":true,"code":"SUCCESS","data":{"hoverDataList":[{"name":"shahid bhagat singh nagar district","metric":[{"type":"TOTAL","count":50360,"amount":7.524377162254676E7}]},{"name":"fazilka district","metric":[{"type":"TOTAL","count":157892,"amount":2.700231032648601E8}]},{"name":"barnala district","metric":[{"type":"TOTAL","count":30636,"amount":7.326168588822013E7}]},{"name":"mansa district","metric":[{"type":"TOTAL","count":66110,"amount":1.0927859536315215E8}]},{"name":"ludhiana district","metric":[{"type":"TOTAL","count":778963,"amount":1.4564171503474631E9}]},{"name":"sri muktsar sahib district","metric":[{"type":"TOTAL","count":68801,"amount":1.36393053694744E8}]},{"name":"patiala district","metric":[{"type":"TOTAL","count":250988,"amount":5.635795702701482E8}]},{"name":"pathankot district","metric":[{"type":"TOTAL","count":108152,"amount":2.793493291457398E8}]},{"name":"fatehgarh sahib district","metric":[{"type":"TOTAL","count":54979,"amount":1.0601540304070948E8}]},{"name":"rupnagar district","metric":[{"type":"TOTAL","count":58143,"amount":1.2495970008678234E8}]},{"name":"tarn taran district","metric":[{"type":"TOTAL","count":38829,"amount":1.0024082621259984E8}]},{"name":"sas nagar district","metric":[{"type":"TOTAL","count":547349,"amount":1.0705506392870404E9}]},{"name":"sangrur district","metric":[{"type":"TOTAL","count":206582,"amount":2.8413355035333884E8}]},{"name":"jalandhar district","metric":[{"type":"TOTAL","count":215686,"amount":5.2138826373223054E8}]},{"name":"bathinda district","metric":[{"type":"TOTAL","count":187177,"amount":4.000492545805787E8}]},{"name":"kapurthala district","metric":[{"type":"TOTAL","count":106984,"amount":1.883121156799224E8}]},{"name":"firozepur district","metric":[{"type":"TOTAL","count":82490,"amount":1.7119676005485505E8}]},{"name":"gurdaspur district","metric":[{"type":"TOTAL","count":63775,"amount":1.6446095248305684E8}]},{"name":"amritsar district","metric":[{"type":"TOTAL","count":195357,"amount":5.3082922663244426E8}]},{"name":"faridkot district","metric":[{"type":"TOTAL","count":50038,"amount":1.1591281153407659E8}]},{"name":"hoshiarpur district","metric":[{"type":"TOTAL","count":85294,"amount":1.8750508774747258E8}]},{"name":"moga district","metric":[{"type":"TOTAL","count":57523,"amount":1.365861927992548E8}]}]},"responseTimestamp":1630502911006}