{"success":true,"code":"SUCCESS","data":{"aggregated":{"registeredUsers":17149069,"appOpens":920040042},"usersByDevice":[{"brand":"Xiaomi","count":4458631,"percentage":0.2599925978488978},{"brand":"Samsung","count":3491284,"percentage":0.20358446280669815},{"brand":"Vivo","count":3089209,"percentage":0.18013858361640506},{"brand":"Oppo","count":1818686,"percentage":0.10605158798999526},{"brand":"Realme","count":1065087,"percentage":0.06210756980451825},{"brand":"Apple","count":674068,"percentage":0.03930639033524211},{"brand":"OnePlus","count":461518,"percentage":0.026912131498217192},{"brand":"Motorola","count":454264,"percentage":0.026489134774604964},{"brand":"Huawei","count":393000,"percentage":0.022916695944252136},{"brand":"Lenovo","count":233554,"percentage":0.013619048357668863},{"brand":"Others","count":1009768,"percentage":0.05888179702350023}]},"responseTimestamp":1630501500082}