{"success":true,"code":"SUCCESS","data":{"aggregated":{"registeredUsers":18306880,"appOpens":905317692},"usersByDevice":[{"brand":"Xiaomi","count":4736356,"percentage":0.25872000034959536},{"brand":"Samsung","count":3662257,"percentage":0.20004812398398852},{"brand":"Vivo","count":3396906,"percentage":0.1855535186771312},{"brand":"Oppo","count":1971737,"percentage":0.10770469899840934},{"brand":"Realme","count":1259720,"percentage":0.06881128843363807},{"brand":"Apple","count":719281,"percentage":0.03929020127951895},{"brand":"OnePlus","count":508619,"percentage":0.027782942806201822},{"brand":"Motorola","count":442262,"percentage":0.024158239962243703},{"brand":"Huawei","count":380961,"percentage":0.020809717439563703},{"brand":"Lenovo","count":219429,"percentage":0.011986149469489067},{"brand":"Others","count":1009352,"percentage":0.055135118600220245}]},"responseTimestamp":1630501500485}