{"success":true,"code":"SUCCESS","data":{"aggregated":{"registeredUsers":19615278,"appOpens":1107529197},"usersByDevice":[{"brand":"Xiaomi","count":5040723,"percentage":0.256979432052913},{"brand":"Vivo","count":3776315,"percentage":0.19251906600559013},{"brand":"Samsung","count":3769093,"percentage":0.1921508836122537},{"brand":"Oppo","count":2168812,"percentage":0.11056748724132281},{"brand":"Realme","count":1483670,"percentage":0.07563848954880986},{"brand":"Apple","count":767224,"percentage":0.03911359298603874},{"brand":"OnePlus","count":590963,"percentage":0.0301276892430482},{"brand":"Motorola","count":426789,"percentage":0.021757988849304098},{"brand":"Huawei","count":374748,"percentage":0.019104903840771462},{"brand":"Lenovo","count":204439,"percentage":0.010422437041167604},{"brand":"Others","count":1012502,"percentage":0.05161802957878038}]},"responseTimestamp":1634575153835}