{"success":true,"code":"SUCCESS","data":{"aggregated":{"registeredUsers":20917649,"appOpens":1407599392},"usersByDevice":[{"brand":"Xiaomi","count":5285587,"percentage":0.2526855192952133},{"brand":"Vivo","count":4135644,"percentage":0.19771074655665175},{"brand":"Samsung","count":3885608,"percentage":0.1857573955849436},{"brand":"Oppo","count":2358132,"percentage":0.11273408402636453},{"brand":"Realme","count":1759654,"percentage":0.08412293370062764},{"brand":"Apple","count":856106,"percentage":0.040927448395371775},{"brand":"OnePlus","count":676556,"percentage":0.03234378777462037},{"brand":"Motorola","count":415921,"percentage":0.019883735500103285},{"brand":"Huawei","count":353829,"percentage":0.01691533307591116},{"brand":"Lenovo","count":187416,"percentage":0.008959706705089086},{"brand":"Others","count":1003196,"percentage":0.04795930938510346}]},"responseTimestamp":1643295769030}