{"success":true,"code":"SUCCESS","data":{"states":null,"districts":[{"name":"chandigarh","registeredUsers":209175}],"pincodes":[{"name":"160101","registeredUsers":29177},{"name":"160002","registeredUsers":25286},{"name":"160036","registeredUsers":22093},{"name":"160047","registeredUsers":20696},{"name":"160022","registeredUsers":17171},{"name":"160014","registeredUsers":13548},{"name":"160015","registeredUsers":8582},{"name":"160030","registeredUsers":8239},{"name":"160019","registeredUsers":7885},{"name":"160020","registeredUsers":7361}]},"responseTimestamp":1630501496479}