{"success":true,"code":"SUCCESS","data":{"states":null,"districts":[{"name":"chandigarh","registeredUsers":240439}],"pincodes":[{"name":"160101","registeredUsers":33226},{"name":"160002","registeredUsers":28840},{"name":"160036","registeredUsers":25318},{"name":"160047","registeredUsers":23915},{"name":"160022","registeredUsers":19707},{"name":"160014","registeredUsers":15583},{"name":"160015","registeredUsers":9647},{"name":"160030","registeredUsers":9337},{"name":"160011","registeredUsers":8964},{"name":"160019","registeredUsers":8898}]},"responseTimestamp":1630501496808}