{"success":true,"code":"SUCCESS","data":{"states":null,"districts":[{"name":"chandigarh","registeredUsers":267337}],"pincodes":[{"name":"160101","registeredUsers":36777},{"name":"160002","registeredUsers":31994},{"name":"160036","registeredUsers":28167},{"name":"160047","registeredUsers":26498},{"name":"160022","registeredUsers":21892},{"name":"160014","registeredUsers":17435},{"name":"160011","registeredUsers":10735},{"name":"160015","registeredUsers":10628},{"name":"160030","registeredUsers":10239},{"name":"160019","registeredUsers":9821}]},"responseTimestamp":1630501497386}