{"success":true,"code":"SUCCESS","data":{"states":null,"districts":[{"name":"chandigarh","registeredUsers":289590}],"pincodes":[{"name":"160101","registeredUsers":39986},{"name":"160002","registeredUsers":34899},{"name":"160036","registeredUsers":30449},{"name":"160047","registeredUsers":28715},{"name":"160022","registeredUsers":23574},{"name":"160014","registeredUsers":19040},{"name":"160011","registeredUsers":11692},{"name":"160015","registeredUsers":11476},{"name":"160030","registeredUsers":10959},{"name":"160019","registeredUsers":10540}]},"responseTimestamp":1630501497907}