{"success":true,"code":"SUCCESS","data":{"aggregated":{"registeredUsers":424570,"appOpens":3910792},"usersByDevice":[{"brand":"Vivo","count":111699,"percentage":0.2630873589749629},{"brand":"Xiaomi","count":89446,"percentage":0.2106743293214311},{"brand":"Samsung","count":63414,"percentage":0.1493605294768825},{"brand":"Oppo","count":53652,"percentage":0.12636785453517677},{"brand":"Realme","count":44772,"percentage":0.10545257554702404},{"brand":"Apple","count":8300,"percentage":0.019549190946133735},{"brand":"Tecno","count":8287,"percentage":0.019518571731398825},{"brand":"Infinix","count":6909,"percentage":0.01627293496949855},{"brand":"OnePlus","count":5945,"percentage":0.014002402430694585},{"brand":"Motorola","count":4850,"percentage":0.011423322420331158},{"brand":"Others","count":27296,"percentage":0.06429092964646584}]},"responseTimestamp":1651127651051}