{"success":true,"code":"SUCCESS","data":{"hoverDataList":[{"name":"kangpokpi district","metric":[{"type":"TOTAL","count":33643,"amount":8.140032390620552E7}]},{"name":"noney district","metric":[{"type":"TOTAL","count":8941,"amount":2.333188338449249E7}]},{"name":"imphal east district","metric":[{"type":"TOTAL","count":97573,"amount":2.2247975842504126E8}]},{"name":"thoubal district","metric":[{"type":"TOTAL","count":40558,"amount":9.24134143395817E7}]},{"name":"kakching district","metric":[{"type":"TOTAL","count":16690,"amount":3.752592022436564E7}]},{"name":"jiribam district","metric":[{"type":"TOTAL","count":8704,"amount":2.03320723920429E7}]},{"name":"ukhrul district","metric":[{"type":"TOTAL","count":13355,"amount":3.0659040231015503E7}]},{"name":"tamenglong district","metric":[{"type":"TOTAL","count":14451,"amount":3.149124617045552E7}]},{"name":"kamjong district","metric":[{"type":"TOTAL","count":2768,"amount":6910208.366847619}]},{"name":"chandel district","metric":[{"type":"TOTAL","count":13716,"amount":3.1278977085135248E7}]},{"name":"bishnupur district","metric":[{"type":"TOTAL","count":40172,"amount":8.381855786725357E7}]},{"name":"senapati district","metric":[{"type":"TOTAL","count":9922,"amount":1.8344875736180037E7}]},{"name":"pherzawl district","metric":[{"type":"TOTAL","count":982,"amount":1624394.409407775}]},{"name":"churachandpur district","metric":[{"type":"TOTAL","count":33637,"amount":8.45662214462608E7}]},{"name":"tengnoupal district","metric":[{"type":"TOTAL","count":12297,"amount":3.3219739526860353E7}]},{"name":"imphal west district","metric":[{"type":"TOTAL","count":471392,"amount":1.7991937473658047E9}]}]},"responseTimestamp":1630502911276}