{"success":true,"code":"SUCCESS","data":{"hoverDataList":[{"name":"kangpokpi district","metric":[{"type":"TOTAL","count":48617,"amount":1.0503488103695941E8}]},{"name":"noney district","metric":[{"type":"TOTAL","count":14604,"amount":4.4082720741025195E7}]},{"name":"imphal east district","metric":[{"type":"TOTAL","count":127255,"amount":2.6964786343556607E8}]},{"name":"thoubal district","metric":[{"type":"TOTAL","count":66183,"amount":1.5861530151328385E8}]},{"name":"kakching district","metric":[{"type":"TOTAL","count":30404,"amount":5.379118145126964E7}]},{"name":"jiribam district","metric":[{"type":"TOTAL","count":13861,"amount":2.886225651424871E7}]},{"name":"ukhrul district","metric":[{"type":"TOTAL","count":24243,"amount":4.356041796634197E7}]},{"name":"tamenglong district","metric":[{"type":"TOTAL","count":21294,"amount":4.7020896803083815E7}]},{"name":"kamjong district","metric":[{"type":"TOTAL","count":4430,"amount":1.1168145844261197E7}]},{"name":"chandel district","metric":[{"type":"TOTAL","count":21517,"amount":4.9008541100852005E7}]},{"name":"bishnupur district","metric":[{"type":"TOTAL","count":70841,"amount":1.4229953495281482E8}]},{"name":"senapati district","metric":[{"type":"TOTAL","count":17187,"amount":2.779292958458709E7}]},{"name":"pherzawl district","metric":[{"type":"TOTAL","count":1363,"amount":4220742.5953207435}]},{"name":"churachandpur district","metric":[{"type":"TOTAL","count":50818,"amount":1.2893617025492851E8}]},{"name":"tengnoupal district","metric":[{"type":"TOTAL","count":18676,"amount":5.0033115318425305E7}]},{"name":"imphal west district","metric":[{"type":"TOTAL","count":551775,"amount":2.0348615136925411E9}]}]},"responseTimestamp":1630502911306}