{"success":true,"code":"SUCCESS","data":{"hoverDataList":[{"name":"kangpokpi district","metric":[{"type":"TOTAL","count":56646,"amount":1.4149495288474357E8}]},{"name":"noney district","metric":[{"type":"TOTAL","count":12955,"amount":4.257624700801732E7}]},{"name":"imphal east district","metric":[{"type":"TOTAL","count":148992,"amount":3.5742038546601486E8}]},{"name":"thoubal district","metric":[{"type":"TOTAL","count":75667,"amount":1.7831481740950677E8}]},{"name":"kakching district","metric":[{"type":"TOTAL","count":33268,"amount":7.274460562932977E7}]},{"name":"jiribam district","metric":[{"type":"TOTAL","count":17173,"amount":4.478589180461171E7}]},{"name":"ukhrul district","metric":[{"type":"TOTAL","count":27857,"amount":6.312051996337035E7}]},{"name":"tamenglong district","metric":[{"type":"TOTAL","count":24595,"amount":5.710259474572652E7}]},{"name":"kamjong district","metric":[{"type":"TOTAL","count":5040,"amount":1.6944663485157657E7}]},{"name":"chandel district","metric":[{"type":"TOTAL","count":25158,"amount":6.350452107112962E7}]},{"name":"bishnupur district","metric":[{"type":"TOTAL","count":82097,"amount":1.787528520332132E8}]},{"name":"senapati district","metric":[{"type":"TOTAL","count":22336,"amount":4.7618195960208856E7}]},{"name":"pherzawl district","metric":[{"type":"TOTAL","count":2016,"amount":4920973.997680077}]},{"name":"churachandpur district","metric":[{"type":"TOTAL","count":61160,"amount":1.7900840876793516E8}]},{"name":"tengnoupal district","metric":[{"type":"TOTAL","count":19244,"amount":5.0761115422037035E7}]},{"name":"imphal west district","metric":[{"type":"TOTAL","count":805964,"amount":3.1169053752218285E9}]}]},"responseTimestamp":1630502911351}