{"success":true,"code":"SUCCESS","data":{"hoverDataList":[{"name":"kangpokpi district","metric":[{"type":"TOTAL","count":74472,"amount":2.1645850328856832E8}]},{"name":"noney district","metric":[{"type":"TOTAL","count":14618,"amount":5.281931683640482E7}]},{"name":"imphal east district","metric":[{"type":"TOTAL","count":179438,"amount":5.2404165100012255E8}]},{"name":"thoubal district","metric":[{"type":"TOTAL","count":87208,"amount":2.4931110138298762E8}]},{"name":"kakching district","metric":[{"type":"TOTAL","count":37180,"amount":9.676739390324815E7}]},{"name":"jiribam district","metric":[{"type":"TOTAL","count":19898,"amount":5.627652099872882E7}]},{"name":"ukhrul district","metric":[{"type":"TOTAL","count":32947,"amount":9.168818917603046E7}]},{"name":"tamenglong district","metric":[{"type":"TOTAL","count":27674,"amount":7.795651678360562E7}]},{"name":"kamjong district","metric":[{"type":"TOTAL","count":6676,"amount":2.181582679135724E7}]},{"name":"chandel district","metric":[{"type":"TOTAL","count":31540,"amount":9.047327549273106E7}]},{"name":"bishnupur district","metric":[{"type":"TOTAL","count":95869,"amount":2.6744420638869548E8}]},{"name":"senapati district","metric":[{"type":"TOTAL","count":27636,"amount":7.953729538666978E7}]},{"name":"pherzawl district","metric":[{"type":"TOTAL","count":2329,"amount":4810299.528864712}]},{"name":"churachandpur district","metric":[{"type":"TOTAL","count":71693,"amount":2.4335488054309082E8}]},{"name":"tengnoupal district","metric":[{"type":"TOTAL","count":23797,"amount":8.198971600595729E7}]},{"name":"imphal west district","metric":[{"type":"TOTAL","count":894877,"amount":3.4474798649516916E9}]}]},"responseTimestamp":1630502911400}