{"success":true,"code":"SUCCESS","data":{"states":null,"districts":[{"name":"ernakulam","registeredUsers":409812},{"name":"thiruvananthapuram","registeredUsers":239634},{"name":"kozhikode","registeredUsers":212403},{"name":"malappuram","registeredUsers":206857},{"name":"thrissur","registeredUsers":184516},{"name":"palakkad","registeredUsers":145211},{"name":"kannur","registeredUsers":143289},{"name":"kollam","registeredUsers":125697},{"name":"kottayam","registeredUsers":121975},{"name":"alappuzha","registeredUsers":114882}],"pincodes":[{"name":"682042","registeredUsers":15428},{"name":"682024","registeredUsers":13454},{"name":"695001","registeredUsers":13156},{"name":"682025","registeredUsers":11515},{"name":"682020","registeredUsers":11406},{"name":"682035","registeredUsers":10441},{"name":"682032","registeredUsers":10331},{"name":"673032","registeredUsers":9504},{"name":"682301","registeredUsers":9471},{"name":"673004","registeredUsers":8130}]},"responseTimestamp":1630501496534}