{"success":true,"code":"SUCCESS","data":{"states":null,"districts":[{"name":"ernakulam","registeredUsers":479320},{"name":"thiruvananthapuram","registeredUsers":288292},{"name":"kozhikode","registeredUsers":251348},{"name":"malappuram","registeredUsers":243384},{"name":"thrissur","registeredUsers":220648},{"name":"palakkad","registeredUsers":174037},{"name":"kannur","registeredUsers":172894},{"name":"kollam","registeredUsers":152841},{"name":"kottayam","registeredUsers":145387},{"name":"alappuzha","registeredUsers":139046}],"pincodes":[{"name":"682042","registeredUsers":17514},{"name":"695001","registeredUsers":15525},{"name":"682024","registeredUsers":15397},{"name":"682025","registeredUsers":13311},{"name":"682020","registeredUsers":13276},{"name":"682035","registeredUsers":12409},{"name":"682032","registeredUsers":11984},{"name":"673032","registeredUsers":11095},{"name":"682301","registeredUsers":11074},{"name":"673016","registeredUsers":9775}]},"responseTimestamp":1630501497121}