{"success":true,"code":"SUCCESS","data":{"states":null,"districts":[{"name":"ernakulam","registeredUsers":553200},{"name":"thiruvananthapuram","registeredUsers":340900},{"name":"kozhikode","registeredUsers":294333},{"name":"malappuram","registeredUsers":282514},{"name":"thrissur","registeredUsers":259366},{"name":"kannur","registeredUsers":204129},{"name":"palakkad","registeredUsers":202761},{"name":"kollam","registeredUsers":183743},{"name":"kottayam","registeredUsers":169581},{"name":"alappuzha","registeredUsers":166845}],"pincodes":[{"name":"682042","registeredUsers":19670},{"name":"695001","registeredUsers":18084},{"name":"682024","registeredUsers":17413},{"name":"682025","registeredUsers":15371},{"name":"682020","registeredUsers":15188},{"name":"682035","registeredUsers":14451},{"name":"682032","registeredUsers":13667},{"name":"673032","registeredUsers":12880},{"name":"682301","registeredUsers":12671},{"name":"673016","registeredUsers":11696}]},"responseTimestamp":1630501497602}