{"success":true,"code":"SUCCESS","data":{"states":null,"districts":[{"name":"ernakulam","registeredUsers":633101},{"name":"thiruvananthapuram","registeredUsers":400110},{"name":"kozhikode","registeredUsers":345534},{"name":"malappuram","registeredUsers":333816},{"name":"thrissur","registeredUsers":302503},{"name":"kannur","registeredUsers":240296},{"name":"palakkad","registeredUsers":237650},{"name":"kollam","registeredUsers":221687},{"name":"alappuzha","registeredUsers":198940},{"name":"kottayam","registeredUsers":197540}],"pincodes":[{"name":"682042","registeredUsers":22058},{"name":"695001","registeredUsers":20669},{"name":"682024","registeredUsers":19609},{"name":"682025","registeredUsers":17548},{"name":"682020","registeredUsers":17137},{"name":"682035","registeredUsers":16535},{"name":"682032","registeredUsers":15426},{"name":"673032","registeredUsers":14691},{"name":"682301","registeredUsers":14302},{"name":"673016","registeredUsers":13376}]},"responseTimestamp":1630501497952}