{"success":true,"code":"SUCCESS","data":{"hoverData":{"east godavari district":{"registeredUsers":2432305,"appOpens":87134562},"srikakulam district":{"registeredUsers":1027283,"appOpens":46691467},"visakhapatnam district":{"registeredUsers":3061324,"appOpens":88803090},"prakasam district":{"registeredUsers":1408929,"appOpens":104851997},"anantapur district":{"registeredUsers":1827094,"appOpens":155792533},"kurnool district":{"registeredUsers":1729513,"appOpens":119653214},"guntur district":{"registeredUsers":2387051,"appOpens":88844052},"krishna district":{"registeredUsers":2423373,"appOpens":85871644},"spsr nellore district":{"registeredUsers":1431664,"appOpens":101671767},"vizianagaram district":{"registeredUsers":892889,"appOpens":44804002},"ysr district":{"registeredUsers":1339782,"appOpens":98878499},"west godavari district":{"registeredUsers":1626039,"appOpens":87642475},"chittoor district":{"registeredUsers":2270705,"appOpens":144146671}}},"responseTimestamp":1651127643212}