{"success":true,"code":"SUCCESS","data":{"aggregated":{"registeredUsers":197575164,"appOpens":4768944662},"usersByDevice":[{"brand":"Xiaomi","count":51004503,"percentage":0.2581524011793304},{"brand":"Samsung","count":39560399,"percentage":0.20022961489228475},{"brand":"Vivo","count":33573609,"percentage":0.1699282861281087},{"brand":"Oppo","count":23375458,"percentage":0.11831172262116912},{"brand":"Realme","count":10582375,"percentage":0.05356126137392451},{"brand":"Apple","count":5755009,"percentage":0.02912820054650189},{"brand":"Motorola","count":4756036,"percentage":0.02407203366917109},{"brand":"OnePlus","count":4027133,"percentage":0.020382789610135413},{"brand":"Huawei","count":3850925,"percentage":0.019490936623997944},{"brand":"Lenovo","count":3276777,"percentage":0.01658496408991972},{"brand":"Others","count":17812940,"percentage":0.09015778926545646}]},"responseTimestamp":1630501482811}