{"success":true,"code":"SUCCESS","data":{"aggregated":{"registeredUsers":241169683,"appOpens":5739326491},"usersByDevice":[{"brand":"Xiaomi","count":61383234,"percentage":0.2545230115014083},{"brand":"Samsung","count":48012276,"percentage":0.19908089359639786},{"brand":"Vivo","count":43182078,"percentage":0.179052679685282},{"brand":"Oppo","count":29530065,"percentage":0.122445178982136},{"brand":"Realme","count":13737667,"percentage":0.05696266143037556},{"brand":"Apple","count":6523683,"percentage":0.02705017860806327},{"brand":"Motorola","count":5363550,"percentage":0.02223973566362402},{"brand":"Huawei","count":4565437,"percentage":0.01893039350223801},{"brand":"OnePlus","count":4382412,"percentage":0.018171487997519158},{"brand":"Lenovo","count":3679349,"percentage":0.015256266684233275},{"brand":"Others","count":20809932,"percentage":0.08628751234872253}]},"responseTimestamp":1630501483101}