{"success":true,"code":"SUCCESS","data":{"states":null,"districts":[{"name":"dadra and nagar haveli","registeredUsers":192262},{"name":"daman","registeredUsers":117728},{"name":"diu","registeredUsers":11406}],"pincodes":[{"name":"396230","registeredUsers":157679},{"name":"396210","registeredUsers":74340},{"name":"396215","registeredUsers":42510},{"name":"396235","registeredUsers":34583},{"name":"362520","registeredUsers":5885},{"name":"362571","registeredUsers":3337},{"name":"362540","registeredUsers":1890},{"name":"396220","registeredUsers":878},{"name":"362570","registeredUsers":294}]},"responseTimestamp":1630501499818}