{"success":true,"code":"SUCCESS","data":{"states":null,"districts":[{"name":"dadra and nagar haveli","registeredUsers":206516},{"name":"daman","registeredUsers":126258},{"name":"diu","registeredUsers":12220}],"pincodes":[{"name":"396230","registeredUsers":169433},{"name":"396210","registeredUsers":79673},{"name":"396215","registeredUsers":45646},{"name":"396235","registeredUsers":37083},{"name":"362520","registeredUsers":6307},{"name":"362571","registeredUsers":3577},{"name":"362540","registeredUsers":2027},{"name":"396220","registeredUsers":939},{"name":"362570","registeredUsers":309}]},"responseTimestamp":1630501500254}