{"success":true,"code":"SUCCESS","data":{"states":null,"districts":[{"name":"dadra and nagar haveli","registeredUsers":222731},{"name":"daman","registeredUsers":135976},{"name":"diu","registeredUsers":13167}],"pincodes":[{"name":"396230","registeredUsers":182708},{"name":"396210","registeredUsers":85704},{"name":"396215","registeredUsers":49261},{"name":"396235","registeredUsers":40023},{"name":"362520","registeredUsers":6787},{"name":"362571","registeredUsers":3850},{"name":"362540","registeredUsers":2189},{"name":"396220","registeredUsers":1011},{"name":"362570","registeredUsers":341}]},"responseTimestamp":1634575136156}