{"success":true,"code":"SUCCESS","data":{"states":null,"districts":[{"name":"dadra and nagar haveli","registeredUsers":239110},{"name":"daman","registeredUsers":145806},{"name":"diu","registeredUsers":14047}],"pincodes":[{"name":"396230","registeredUsers":196135},{"name":"396210","registeredUsers":91807},{"name":"396215","registeredUsers":52915},{"name":"396235","registeredUsers":42975},{"name":"362520","registeredUsers":7231},{"name":"362571","registeredUsers":4107},{"name":"362540","registeredUsers":2349},{"name":"396220","registeredUsers":1084},{"name":"362570","registeredUsers":360}]},"responseTimestamp":1643295750867}