{"success":true,"code":"SUCCESS","data":{"states":null,"districts":[{"entityName":"dehradun","metric":{"type":"TOTAL","count":4292172,"amount":7.855577949518105E9}},{"entityName":"haridwar","metric":{"type":"TOTAL","count":1746548,"amount":2.82968233755844E9}},{"entityName":"udham singh nagar","metric":{"type":"TOTAL","count":1320641,"amount":2.462031686668817E9}},{"entityName":"nainital","metric":{"type":"TOTAL","count":591916,"amount":1.0124197624026623E9}},{"entityName":"pauri garhwal","metric":{"type":"TOTAL","count":265239,"amount":4.289560860113152E8}},{"entityName":"tehri garhwal","metric":{"type":"TOTAL","count":200636,"amount":3.654281072466619E8}},{"entityName":"almora","metric":{"type":"TOTAL","count":158941,"amount":2.6251658653569758E8}},{"entityName":"pithoragarh","metric":{"type":"TOTAL","count":132585,"amount":2.315554808832615E8}},{"entityName":"chamoli","metric":{"type":"TOTAL","count":122706,"amount":2.119086752839394E8}},{"entityName":"uttarkashi","metric":{"type":"TOTAL","count":96469,"amount":1.7625618179746825E8}}],"pincodes":[{"entityName":"248001","metric":{"type":"TOTAL","count":1786332,"amount":3.9880263204777536E9}},{"entityName":"248007","metric":{"type":"TOTAL","count":456777,"amount":4.231213597891923E8}},{"entityName":"248008","metric":{"type":"TOTAL","count":444610,"amount":1.0238685898632491E9}},{"entityName":"247667","metric":{"type":"TOTAL","count":440223,"amount":6.059306419620668E8}},{"entityName":"263153","metric":{"type":"TOTAL","count":349982,"amount":5.85533642285765E8}},{"entityName":"244713","metric":{"type":"TOTAL","count":340753,"amount":8.044456541756821E8}},{"entityName":"263139","metric":{"type":"TOTAL","count":321532,"amount":5.444995223794603E8}},{"entityName":"249403","metric":{"type":"TOTAL","count":304921,"amount":4.902639799991224E8}},{"entityName":"248011","metric":{"type":"TOTAL","count":201227,"amount":1.7943341724228215E8}},{"entityName":"248171","metric":{"type":"TOTAL","count":175134,"amount":2.4148612037241974E8}}]},"responseTimestamp":1630501491913}