{"success":true,"code":"SUCCESS","data":{"states":null,"districts":[{"entityName":"dehradun","metric":{"type":"TOTAL","count":3619286,"amount":7.204561616480451E9}},{"entityName":"haridwar","metric":{"type":"TOTAL","count":1633204,"amount":2.717831193887991E9}},{"entityName":"udham singh nagar","metric":{"type":"TOTAL","count":1430868,"amount":2.6050475318868837E9}},{"entityName":"nainital","metric":{"type":"TOTAL","count":661723,"amount":1.075299747558831E9}},{"entityName":"pauri garhwal","metric":{"type":"TOTAL","count":337679,"amount":4.884753497643055E8}},{"entityName":"tehri garhwal","metric":{"type":"TOTAL","count":274627,"amount":4.1009839170712256E8}},{"entityName":"almora","metric":{"type":"TOTAL","count":256356,"amount":3.3335950669689095E8}},{"entityName":"pithoragarh","metric":{"type":"TOTAL","count":193141,"amount":3.0986881402295196E8}},{"entityName":"chamoli","metric":{"type":"TOTAL","count":180349,"amount":2.7441955319735515E8}},{"entityName":"uttarkashi","metric":{"type":"TOTAL","count":143866,"amount":2.411323422347738E8}}],"pincodes":[{"entityName":"248001","metric":{"type":"TOTAL","count":1605883,"amount":3.8912295433291807E9}},{"entityName":"244713","metric":{"type":"TOTAL","count":471851,"amount":1.0520704699201019E9}},{"entityName":"248008","metric":{"type":"TOTAL","count":341551,"amount":7.392751376642387E8}},{"entityName":"263139","metric":{"type":"TOTAL","count":334232,"amount":5.575253777941996E8}},{"entityName":"263153","metric":{"type":"TOTAL","count":288730,"amount":4.629123498112438E8}},{"entityName":"249403","metric":{"type":"TOTAL","count":286375,"amount":4.300002384739644E8}},{"entityName":"247667","metric":{"type":"TOTAL","count":284383,"amount":5.321052532487458E8}},{"entityName":"248007","metric":{"type":"TOTAL","count":248918,"amount":3.104963663759403E8}},{"entityName":"249404","metric":{"type":"TOTAL","count":143734,"amount":2.4425797128494924E8}},{"entityName":"247663","metric":{"type":"TOTAL","count":139008,"amount":2.4314283129643518E8}}]},"responseTimestamp":1630501492624}