{"success":true,"code":"SUCCESS","data":{"states":null,"districts":[{"entityName":"dehradun","metric":{"type":"TOTAL","count":4899672,"amount":9.68244537609395E9}},{"entityName":"haridwar","metric":{"type":"TOTAL","count":2251448,"amount":4.070826642206731E9}},{"entityName":"udham singh nagar","metric":{"type":"TOTAL","count":1570042,"amount":2.9309540229558268E9}},{"entityName":"nainital","metric":{"type":"TOTAL","count":984746,"amount":1.9184875701438391E9}},{"entityName":"pauri garhwal","metric":{"type":"TOTAL","count":441783,"amount":7.3413597461854E8}},{"entityName":"tehri garhwal","metric":{"type":"TOTAL","count":351867,"amount":5.952549161120149E8}},{"entityName":"almora","metric":{"type":"TOTAL","count":319939,"amount":4.535707464638781E8}},{"entityName":"pithoragarh","metric":{"type":"TOTAL","count":237817,"amount":4.2130299640247244E8}},{"entityName":"chamoli","metric":{"type":"TOTAL","count":219226,"amount":3.8815111526728576E8}},{"entityName":"uttarkashi","metric":{"type":"TOTAL","count":166514,"amount":3.180561618167209E8}}],"pincodes":[{"entityName":"248001","metric":{"type":"TOTAL","count":2312196,"amount":5.346194976125801E9}},{"entityName":"263139","metric":{"type":"TOTAL","count":478339,"amount":8.912718202783679E8}},{"entityName":"249403","metric":{"type":"TOTAL","count":429716,"amount":6.782997204778376E8}},{"entityName":"247667","metric":{"type":"TOTAL","count":414830,"amount":8.21471037015481E8}},{"entityName":"263153","metric":{"type":"TOTAL","count":413798,"amount":7.324038304361044E8}},{"entityName":"248007","metric":{"type":"TOTAL","count":343417,"amount":4.806022568820094E8}},{"entityName":"244713","metric":{"type":"TOTAL","count":313065,"amount":6.410686254446155E8}},{"entityName":"248008","metric":{"type":"TOTAL","count":228148,"amount":3.761654912637387E8}},{"entityName":"249404","metric":{"type":"TOTAL","count":193597,"amount":3.4683170096932405E8}},{"entityName":"248171","metric":{"type":"TOTAL","count":186840,"amount":3.16719419139507E8}}]},"responseTimestamp":1630501493259}