{"success":true,"code":"SUCCESS","data":{"states":null,"districts":[{"entityName":"dehradun","metric":{"type":"TOTAL","count":7225475,"amount":1.2878001020781935E10}},{"entityName":"haridwar","metric":{"type":"TOTAL","count":3321783,"amount":6.08597962374952E9}},{"entityName":"udham singh nagar","metric":{"type":"TOTAL","count":2363335,"amount":4.514038446219884E9}},{"entityName":"nainital","metric":{"type":"TOTAL","count":1517073,"amount":2.9227133782238545E9}},{"entityName":"pauri garhwal","metric":{"type":"TOTAL","count":683792,"amount":1.126540354654028E9}},{"entityName":"tehri garhwal","metric":{"type":"TOTAL","count":562067,"amount":9.389233891074793E8}},{"entityName":"almora","metric":{"type":"TOTAL","count":448847,"amount":6.550692874592458E8}},{"entityName":"pithoragarh","metric":{"type":"TOTAL","count":341824,"amount":6.429596499234656E8}},{"entityName":"chamoli","metric":{"type":"TOTAL","count":334855,"amount":6.086893567896259E8}},{"entityName":"uttarkashi","metric":{"type":"TOTAL","count":248828,"amount":4.460878989016932E8}}],"pincodes":[{"entityName":"248001","metric":{"type":"TOTAL","count":2980891,"amount":6.164829357565722E9}},{"entityName":"263139","metric":{"type":"TOTAL","count":756093,"amount":1.3751284050767896E9}},{"entityName":"263153","metric":{"type":"TOTAL","count":650610,"amount":1.1492177342368836E9}},{"entityName":"247667","metric":{"type":"TOTAL","count":640410,"amount":1.2529733869692411E9}},{"entityName":"249403","metric":{"type":"TOTAL","count":614781,"amount":9.636563328249354E8}},{"entityName":"248007","metric":{"type":"TOTAL","count":591940,"amount":7.677233944352678E8}},{"entityName":"244713","metric":{"type":"TOTAL","count":442021,"amount":9.269476424677958E8}},{"entityName":"248008","metric":{"type":"TOTAL","count":357756,"amount":5.571051032444804E8}},{"entityName":"248171","metric":{"type":"TOTAL","count":315983,"amount":5.0186016445772696E8}},{"entityName":"248011","metric":{"type":"TOTAL","count":283661,"amount":3.150812214608587E8}}]},"responseTimestamp":1630501493697}