{"success":true,"code":"SUCCESS","data":{"states":null,"districts":[{"entityName":"chennai","metric":{"type":"TOTAL","count":11642449,"amount":1.881097171451368E10}},{"entityName":"chengalpattu","metric":{"type":"TOTAL","count":3285713,"amount":4.918695631396448E9}},{"entityName":"coimbatore","metric":{"type":"TOTAL","count":2709665,"amount":5.072064993630945E9}},{"entityName":"thiruvallur","metric":{"type":"TOTAL","count":2305713,"amount":3.957616692241628E9}},{"entityName":"kancheepuram","metric":{"type":"TOTAL","count":1732340,"amount":2.7354689051703753E9}},{"entityName":"tiruppur","metric":{"type":"TOTAL","count":1078231,"amount":2.186722074262658E9}},{"entityName":"salem","metric":{"type":"TOTAL","count":949562,"amount":1.9165550346953974E9}},{"entityName":"krishnagiri","metric":{"type":"TOTAL","count":848874,"amount":1.5493275624754324E9}},{"entityName":"tiruchirappalli","metric":{"type":"TOTAL","count":739515,"amount":1.4609340596618776E9}},{"entityName":"madurai","metric":{"type":"TOTAL","count":662080,"amount":1.3863720545139372E9}}],"pincodes":[{"entityName":"600003","metric":{"type":"TOTAL","count":8217185,"amount":1.279915232427052E10}},{"entityName":"641001","metric":{"type":"TOTAL","count":1337996,"amount":2.3704451802124534E9}},{"entityName":"600097","metric":{"type":"TOTAL","count":385521,"amount":5.140704177926743E8}},{"entityName":"600119","metric":{"type":"TOTAL","count":379501,"amount":5.191745479382769E8}},{"entityName":"636015","metric":{"type":"TOTAL","count":344088,"amount":5.915476229547863E8}},{"entityName":"641601","metric":{"type":"TOTAL","count":321373,"amount":5.797060510532844E8}},{"entityName":"635126","metric":{"type":"TOTAL","count":285441,"amount":4.6804614718516535E8}},{"entityName":"602105","metric":{"type":"TOTAL","count":282825,"amount":3.4535159874653083E8}},{"entityName":"600130","metric":{"type":"TOTAL","count":264329,"amount":3.779300745760394E8}},{"entityName":"620001","metric":{"type":"TOTAL","count":255536,"amount":4.497907262631589E8}}]},"responseTimestamp":1630501490406}