{"success":true,"code":"SUCCESS","data":{"states":null,"districts":[{"entityName":"chennai","metric":{"type":"TOTAL","count":10577435,"amount":2.0366477248325935E10}},{"entityName":"chengalpattu","metric":{"type":"TOTAL","count":3719692,"amount":5.655296088730306E9}},{"entityName":"coimbatore","metric":{"type":"TOTAL","count":3191687,"amount":7.063644440487608E9}},{"entityName":"thiruvallur","metric":{"type":"TOTAL","count":2486358,"amount":4.674408137818318E9}},{"entityName":"kancheepuram","metric":{"type":"TOTAL","count":1656532,"amount":2.9364094435988774E9}},{"entityName":"tiruppur","metric":{"type":"TOTAL","count":1179119,"amount":2.631888252799778E9}},{"entityName":"salem","metric":{"type":"TOTAL","count":1018100,"amount":2.3409417757458673E9}},{"entityName":"tiruchirappalli","metric":{"type":"TOTAL","count":776306,"amount":1.7482584862944927E9}},{"entityName":"madurai","metric":{"type":"TOTAL","count":741073,"amount":1.7033111281845107E9}},{"entityName":"krishnagiri","metric":{"type":"TOTAL","count":663016,"amount":1.5045545898086202E9}}],"pincodes":[{"entityName":"600003","metric":{"type":"TOTAL","count":6992850,"amount":1.370060431848539E10}},{"entityName":"641001","metric":{"type":"TOTAL","count":1739607,"amount":4.0311032554825172E9}},{"entityName":"600097","metric":{"type":"TOTAL","count":445866,"amount":5.8566974230745E8}},{"entityName":"600119","metric":{"type":"TOTAL","count":434002,"amount":5.965183693512512E8}},{"entityName":"641601","metric":{"type":"TOTAL","count":422511,"amount":9.370533190659298E8}},{"entityName":"636015","metric":{"type":"TOTAL","count":412809,"amount":9.173690038631979E8}},{"entityName":"600100","metric":{"type":"TOTAL","count":302921,"amount":4.9160027348694897E8}},{"entityName":"620001","metric":{"type":"TOTAL","count":301929,"amount":6.611589892982836E8}},{"entityName":"600130","metric":{"type":"TOTAL","count":298156,"amount":4.362636239209101E8}},{"entityName":"638003","metric":{"type":"TOTAL","count":273109,"amount":6.009588876522083E8}}]},"responseTimestamp":1630501490736}