{"success":true,"code":"SUCCESS","data":{"states":null,"districts":[{"entityName":"chennai","metric":{"type":"TOTAL","count":11333032,"amount":2.302419380641262E10}},{"entityName":"chengalpattu","metric":{"type":"TOTAL","count":5765425,"amount":7.255276540840912E9}},{"entityName":"coimbatore","metric":{"type":"TOTAL","count":4303835,"amount":9.45762788622332E9}},{"entityName":"thiruvallur","metric":{"type":"TOTAL","count":3497534,"amount":5.790229760583482E9}},{"entityName":"kancheepuram","metric":{"type":"TOTAL","count":2374121,"amount":3.749463855838708E9}},{"entityName":"tiruppur","metric":{"type":"TOTAL","count":1583318,"amount":3.4593848338566313E9}},{"entityName":"salem","metric":{"type":"TOTAL","count":1348219,"amount":3.0899487722836018E9}},{"entityName":"tiruchirappalli","metric":{"type":"TOTAL","count":1028271,"amount":2.2834573987735853E9}},{"entityName":"madurai","metric":{"type":"TOTAL","count":1004838,"amount":2.163231649618825E9}},{"entityName":"krishnagiri","metric":{"type":"TOTAL","count":906439,"amount":1.8973642487738578E9}}],"pincodes":[{"entityName":"600003","metric":{"type":"TOTAL","count":6406756,"amount":1.4709936634889E10}},{"entityName":"641001","metric":{"type":"TOTAL","count":1998001,"amount":5.484926978195975E9}},{"entityName":"600119","metric":{"type":"TOTAL","count":722934,"amount":7.968790095874771E8}},{"entityName":"600097","metric":{"type":"TOTAL","count":649021,"amount":7.346024922289515E8}},{"entityName":"636015","metric":{"type":"TOTAL","count":512223,"amount":1.3077470803076725E9}},{"entityName":"641601","metric":{"type":"TOTAL","count":510742,"amount":1.30132448520942E9}},{"entityName":"600130","metric":{"type":"TOTAL","count":451652,"amount":5.527192733423706E8}},{"entityName":"600100","metric":{"type":"TOTAL","count":422801,"amount":6.018337514182258E8}},{"entityName":"620001","metric":{"type":"TOTAL","count":373860,"amount":9.173329001667721E8}},{"entityName":"602105","metric":{"type":"TOTAL","count":335042,"amount":4.491835315210887E8}}]},"responseTimestamp":1630501491058}