{"success":true,"code":"SUCCESS","data":{"states":null,"districts":[{"entityName":"chennai","metric":{"type":"TOTAL","count":16437269,"amount":3.1810645818308853E10}},{"entityName":"chengalpattu","metric":{"type":"TOTAL","count":7809082,"amount":9.083457170596087E9}},{"entityName":"coimbatore","metric":{"type":"TOTAL","count":5937176,"amount":1.1949970482923735E10}},{"entityName":"thiruvallur","metric":{"type":"TOTAL","count":4441180,"amount":7.308502938397885E9}},{"entityName":"kancheepuram","metric":{"type":"TOTAL","count":3134851,"amount":4.643283492789846E9}},{"entityName":"tiruppur","metric":{"type":"TOTAL","count":2020118,"amount":4.339514037303126E9}},{"entityName":"salem","metric":{"type":"TOTAL","count":1754893,"amount":3.8974692292628374E9}},{"entityName":"tiruchirappalli","metric":{"type":"TOTAL","count":1364259,"amount":2.8508230228616314E9}},{"entityName":"madurai","metric":{"type":"TOTAL","count":1315576,"amount":2.775348044296371E9}},{"entityName":"krishnagiri","metric":{"type":"TOTAL","count":1302647,"amount":2.599923579484123E9}}],"pincodes":[{"entityName":"600003","metric":{"type":"TOTAL","count":10008230,"amount":2.1375916666727257E10}},{"entityName":"641001","metric":{"type":"TOTAL","count":2511187,"amount":6.450498209012604E9}},{"entityName":"600119","metric":{"type":"TOTAL","count":949727,"amount":9.779657528065317E8}},{"entityName":"600097","metric":{"type":"TOTAL","count":866888,"amount":8.999309591075094E8}},{"entityName":"641601","metric":{"type":"TOTAL","count":652932,"amount":1.5459810897466207E9}},{"entityName":"600130","metric":{"type":"TOTAL","count":635201,"amount":7.028603077140641E8}},{"entityName":"636015","metric":{"type":"TOTAL","count":615141,"amount":1.4547845431661992E9}},{"entityName":"600100","metric":{"type":"TOTAL","count":569544,"amount":7.450666205642649E8}},{"entityName":"620001","metric":{"type":"TOTAL","count":477841,"amount":1.0908001913511899E9}},{"entityName":"600096","metric":{"type":"TOTAL","count":465289,"amount":5.64372574964261E8}}]},"responseTimestamp":1630501491435}