{"success":true,"code":"SUCCESS","data":{"aggregated":{"registeredUsers":512092,"appOpens":11603954},"usersByDevice":[{"brand":"Xiaomi","count":112958,"percentage":0.22058145801926216},{"brand":"Vivo","count":97127,"percentage":0.18966709106957344},{"brand":"Samsung","count":97097,"percentage":0.1896085078462464},{"brand":"Oppo","count":71275,"percentage":0.13918397475453628},{"brand":"Apple","count":41698,"percentage":0.0814267748763894},{"brand":"Realme","count":27098,"percentage":0.05291627285722097},{"brand":"OnePlus","count":14380,"percentage":0.028080891714770004},{"brand":"Motorola","count":8240,"percentage":0.016090858673832045},{"brand":"Huawei","count":5797,"percentage":0.011320231520898588},{"brand":"HMD Global","count":4511,"percentage":0.008808964014278685},{"brand":"Others","count":31911,"percentage":0.06231497465299204}]},"responseTimestamp":1643295768460}