{"success":true,"code":"SUCCESS","data":{"hoverData":{"puducherry":{"registeredUsers":346279,"appOpens":7914507},"tamil nadu":{"registeredUsers":16632608,"appOpens":348801714},"uttar pradesh":{"registeredUsers":29482075,"appOpens":639718324},"madhya pradesh":{"registeredUsers":14839427,"appOpens":482500276},"andhra pradesh":{"registeredUsers":18363733,"appOpens":957709447},"tripura":{"registeredUsers":439636,"appOpens":6009660},"lakshadweep":{"registeredUsers":4577,"appOpens":47283},"manipur":{"registeredUsers":312668,"appOpens":3709227},"maharashtra":{"registeredUsers":37077537,"appOpens":1101976484},"dadra & nagar haveli & daman & diu":{"registeredUsers":321396,"appOpens":7302462},"meghalaya":{"registeredUsers":190869,"appOpens":2939026},"andaman & nicobar islands":{"registeredUsers":57758,"appOpens":1004336},"haryana":{"registeredUsers":9827905,"appOpens":266686683},"rajasthan":{"registeredUsers":17661088,"appOpens":632535059},"ladakh":{"registeredUsers":69919,"appOpens":1184204},"punjab":{"registeredUsers":5568777,"appOpens":81052268},"assam":{"registeredUsers":3358448,"appOpens":56752364},"jharkhand":{"registeredUsers":5313049,"appOpens":141731331},"odisha":{"registeredUsers":9233009,"appOpens":301315474},"bihar":{"registeredUsers":13946288,"appOpens":355792608},"kerala":{"registeredUsers":6936943,"appOpens":108918733},"karnataka":{"registeredUsers":24095832,"appOpens":1084917385},"chandigarh":{"registeredUsers":419998,"appOpens":7919533},"telangana":{"registeredUsers":17149069,"appOpens":920040042},"himachal pradesh":{"registeredUsers":1622951,"appOpens":24228094},"west bengal":{"registeredUsers":16808799,"appOpens":316832674},"gujarat":{"registeredUsers":14670126,"appOpens":264732874},"sikkim":{"registeredUsers":160213,"appOpens":2795331},"nagaland":{"registeredUsers":207808,"appOpens":2980581},"mizoram":{"registeredUsers":85750,"appOpens":1193214},"chhattisgarh":{"registeredUsers":4514551,"appOpens":124648704},"jammu & kashmir":{"registeredUsers":1174818,"appOpens":18834009},"goa":{"registeredUsers":570035,"appOpens":15467672},"arunachal pradesh":{"registeredUsers":251240,"appOpens":4796708},"delhi":{"registeredUsers":10467210,"appOpens":281201600},"uttarakhand":{"registeredUsers":2802122,"appOpens":59282260}}},"responseTimestamp":1630502909462}