{"success":true,"code":"SUCCESS","data":{"hoverData":{"puducherry":{"registeredUsers":369961,"appOpens":5178916},"tamil nadu":{"registeredUsers":17804542,"appOpens":343968474},"uttar pradesh":{"registeredUsers":31651894,"appOpens":673598864},"madhya pradesh":{"registeredUsers":15940935,"appOpens":727741649},"andhra pradesh":{"registeredUsers":19620905,"appOpens":1044705436},"tripura":{"registeredUsers":472153,"appOpens":9500881},"lakshadweep":{"registeredUsers":4896,"appOpens":40301},"manipur":{"registeredUsers":335409,"appOpens":7269002},"maharashtra":{"registeredUsers":39664697,"appOpens":1208083592},"dadra & nagar haveli & daman & diu":{"registeredUsers":344994,"appOpens":5062983},"meghalaya":{"registeredUsers":205686,"appOpens":7290804},"andaman & nicobar islands":{"registeredUsers":62095,"appOpens":2248223},"haryana":{"registeredUsers":10530594,"appOpens":234052506},"rajasthan":{"registeredUsers":18980985,"appOpens":1072091232},"ladakh":{"registeredUsers":75048,"appOpens":4391632},"punjab":{"registeredUsers":5976548,"appOpens":85894089},"assam":{"registeredUsers":3617056,"appOpens":102003890},"jharkhand":{"registeredUsers":5701503,"appOpens":184234107},"odisha":{"registeredUsers":9891029,"appOpens":367576494},"bihar":{"registeredUsers":14972134,"appOpens":371198660},"kerala":{"registeredUsers":7416083,"appOpens":87814415},"karnataka":{"registeredUsers":25751023,"appOpens":1051089714},"chandigarh":{"registeredUsers":448572,"appOpens":4733924},"telangana":{"registeredUsers":18306880,"appOpens":905317692},"himachal pradesh":{"registeredUsers":1743151,"appOpens":43269977},"west bengal":{"registeredUsers":17979979,"appOpens":275341466},"gujarat":{"registeredUsers":15735981,"appOpens":282432543},"sikkim":{"registeredUsers":171740,"appOpens":4541121},"nagaland":{"registeredUsers":223337,"appOpens":6716892},"mizoram":{"registeredUsers":92552,"appOpens":4014597},"chhattisgarh":{"registeredUsers":4837055,"appOpens":205784717},"jammu & kashmir":{"registeredUsers":1261267,"appOpens":34274559},"goa":{"registeredUsers":609106,"appOpens":12710361},"arunachal pradesh":{"registeredUsers":270572,"appOpens":13025849},"delhi":{"registeredUsers":11182699,"appOpens":164997774},"uttarakhand":{"registeredUsers":3004040,"appOpens":78380036}}},"responseTimestamp":1630502909460}