{"success":true,"code":"SUCCESS","data":{"hoverData":{"puducherry":{"registeredUsers":396609,"appOpens":6899592},"tamil nadu":{"registeredUsers":19127440,"appOpens":459826734},"uttar pradesh":{"registeredUsers":34151882,"appOpens":803890116},"madhya pradesh":{"registeredUsers":17210233,"appOpens":929572924},"andhra pradesh":{"registeredUsers":21059898,"appOpens":1258536879},"tripura":{"registeredUsers":509929,"appOpens":12279146},"lakshadweep":{"registeredUsers":5287,"appOpens":49127},"manipur":{"registeredUsers":361749,"appOpens":9743772},"maharashtra":{"registeredUsers":42581217,"appOpens":1565370852},"dadra & nagar haveli & daman & diu":{"registeredUsers":371874,"appOpens":7162734},"meghalaya":{"registeredUsers":223065,"appOpens":9952956},"andaman & nicobar islands":{"registeredUsers":66982,"appOpens":3121625},"haryana":{"registeredUsers":11325336,"appOpens":296884105},"rajasthan":{"registeredUsers":20499465,"appOpens":1429553825},"ladakh":{"registeredUsers":81210,"appOpens":7099550},"punjab":{"registeredUsers":6434862,"appOpens":107614155},"assam":{"registeredUsers":3918480,"appOpens":135288631},"jharkhand":{"registeredUsers":6151843,"appOpens":230475998},"odisha":{"registeredUsers":10652490,"appOpens":492879704},"bihar":{"registeredUsers":16160771,"appOpens":421801379},"kerala":{"registeredUsers":7949425,"appOpens":116282717},"karnataka":{"registeredUsers":27614221,"appOpens":1366781087},"chandigarh":{"registeredUsers":480463,"appOpens":6378807},"telangana":{"registeredUsers":19615278,"appOpens":1107529197},"himachal pradesh":{"registeredUsers":1880626,"appOpens":52970288},"west bengal":{"registeredUsers":19323278,"appOpens":348588666},"gujarat":{"registeredUsers":16946761,"appOpens":379987151},"sikkim":{"registeredUsers":184693,"appOpens":5714565},"nagaland":{"registeredUsers":241797,"appOpens":8661991},"mizoram":{"registeredUsers":100647,"appOpens":5385718},"chhattisgarh":{"registeredUsers":5206084,"appOpens":276486076},"jammu & kashmir":{"registeredUsers":1359860,"appOpens":45025197},"goa":{"registeredUsers":653458,"appOpens":16575111},"arunachal pradesh":{"registeredUsers":293073,"appOpens":17209654},"delhi":{"registeredUsers":11980061,"appOpens":223844376},"uttarakhand":{"registeredUsers":3233509,"appOpens":90886530}}},"responseTimestamp":1634575118891}