{"success":true,"code":"SUCCESS","data":{"hoverData":{"puducherry":{"registeredUsers":423167,"appOpens":14257568},"tamil nadu":{"registeredUsers":20433142,"appOpens":685861440},"uttar pradesh":{"registeredUsers":36617655,"appOpens":1175923794},"madhya pradesh":{"registeredUsers":18456243,"appOpens":956630781},"andhra pradesh":{"registeredUsers":22489029,"appOpens":1447717601},"tripura":{"registeredUsers":546292,"appOpens":10728702},"lakshadweep":{"registeredUsers":5638,"appOpens":67320},"manipur":{"registeredUsers":387746,"appOpens":7603294},"maharashtra":{"registeredUsers":45482506,"appOpens":2031739248},"dadra & nagar haveli & daman & diu":{"registeredUsers":398963,"appOpens":15009455},"meghalaya":{"registeredUsers":240268,"appOpens":6048594},"andaman & nicobar islands":{"registeredUsers":71780,"appOpens":2112910},"haryana":{"registeredUsers":12116439,"appOpens":442176987},"rajasthan":{"registeredUsers":21977202,"appOpens":1185124031},"ladakh":{"registeredUsers":87057,"appOpens":2665203},"punjab":{"registeredUsers":6880103,"appOpens":138427499},"assam":{"registeredUsers":4209591,"appOpens":130600435},"jharkhand":{"registeredUsers":6596196,"appOpens":284960009},"odisha":{"registeredUsers":11399235,"appOpens":567351446},"bihar":{"registeredUsers":17335981,"appOpens":647400838},"kerala":{"registeredUsers":8473810,"appOpens":213542857},"karnataka":{"registeredUsers":29459646,"appOpens":1941558513},"chandigarh":{"registeredUsers":512092,"appOpens":11603954},"telangana":{"registeredUsers":20917649,"appOpens":1407599392},"himachal pradesh":{"registeredUsers":2013747,"appOpens":47670982},"west bengal":{"registeredUsers":20644527,"appOpens":512335839},"gujarat":{"registeredUsers":18139201,"appOpens":487846209},"sikkim":{"registeredUsers":197407,"appOpens":5525552},"nagaland":{"registeredUsers":259990,"appOpens":6383337},"mizoram":{"registeredUsers":108405,"appOpens":2094118},"chhattisgarh":{"registeredUsers":5565481,"appOpens":251752583},"jammu & kashmir":{"registeredUsers":1456810,"appOpens":36012148},"goa":{"registeredUsers":697178,"appOpens":28288254},"arunachal pradesh":{"registeredUsers":314944,"appOpens":11230295},"delhi":{"registeredUsers":12785127,"appOpens":345669353},"uttarakhand":{"registeredUsers":3460015,"appOpens":110928354}}},"responseTimestamp":1643295733393}