{"success":true,"code":"SUCCESS","data":{"states":null,"districts":[{"entityName":"gautam buddha nagar","metric":{"type":"TOTAL","count":10750094,"amount":1.02864348965461E10}},{"entityName":"lucknow","metric":{"type":"TOTAL","count":6724967,"amount":1.0007890617082235E10}},{"entityName":"ghaziabad","metric":{"type":"TOTAL","count":4604564,"amount":5.631770850217073E9}},{"entityName":"prayagraj","metric":{"type":"TOTAL","count":2524007,"amount":3.328073518103963E9}},{"entityName":"varanasi","metric":{"type":"TOTAL","count":2290282,"amount":2.681050295126403E9}},{"entityName":"kanpur nagar","metric":{"type":"TOTAL","count":2045370,"amount":2.8820418006601443E9}},{"entityName":"gorakhpur","metric":{"type":"TOTAL","count":1266510,"amount":2.149018597784897E9}},{"entityName":"bareilly","metric":{"type":"TOTAL","count":1150731,"amount":1.3254928447851303E9}},{"entityName":"meerut","metric":{"type":"TOTAL","count":1120213,"amount":1.863635814486101E9}},{"entityName":"agra","metric":{"type":"TOTAL","count":1055850,"amount":1.7985774337026842E9}}],"pincodes":[{"entityName":"201301","metric":{"type":"TOTAL","count":4596696,"amount":4.223121104413077E9}},{"entityName":"226004","metric":{"type":"TOTAL","count":2988999,"amount":4.521167316752953E9}},{"entityName":"201307","metric":{"type":"TOTAL","count":995263,"amount":9.671258773786304E8}},{"entityName":"201308","metric":{"type":"TOTAL","count":940906,"amount":8.168654607639456E8}},{"entityName":"201304","metric":{"type":"TOTAL","count":763989,"amount":7.384794341212442E8}},{"entityName":"211002","metric":{"type":"TOTAL","count":750868,"amount":8.425053419019947E8}},{"entityName":"201306","metric":{"type":"TOTAL","count":743462,"amount":6.659220509083495E8}},{"entityName":"201303","metric":{"type":"TOTAL","count":702940,"amount":6.791800721493174E8}},{"entityName":"201009","metric":{"type":"TOTAL","count":674047,"amount":8.017078233511343E8}},{"entityName":"201014","metric":{"type":"TOTAL","count":603950,"amount":6.824823121640904E8}}]},"responseTimestamp":1630501490406}