{"success":true,"code":"SUCCESS","data":{"states":null,"districts":[{"entityName":"lucknow","metric":{"type":"TOTAL","count":12624404,"amount":2.242646267494428E10}},{"entityName":"gautam buddha nagar","metric":{"type":"TOTAL","count":9667218,"amount":1.0716810453722048E10}},{"entityName":"ghaziabad","metric":{"type":"TOTAL","count":4679159,"amount":6.368927863001434E9}},{"entityName":"kanpur nagar","metric":{"type":"TOTAL","count":2572884,"amount":4.42175049707041E9}},{"entityName":"prayagraj","metric":{"type":"TOTAL","count":2300600,"amount":3.610973840451373E9}},{"entityName":"varanasi","metric":{"type":"TOTAL","count":2098693,"amount":3.3823809175993013E9}},{"entityName":"gorakhpur","metric":{"type":"TOTAL","count":1168931,"amount":2.5164466195934477E9}},{"entityName":"meerut","metric":{"type":"TOTAL","count":1123899,"amount":2.212165528988115E9}},{"entityName":"agra","metric":{"type":"TOTAL","count":1094456,"amount":2.0484172698861732E9}},{"entityName":"bareilly","metric":{"type":"TOTAL","count":893059,"amount":1.44437259385735E9}}],"pincodes":[{"entityName":"226004","metric":{"type":"TOTAL","count":8966947,"amount":1.6438621373818607E10}},{"entityName":"201301","metric":{"type":"TOTAL","count":3632838,"amount":3.857716253464631E9}},{"entityName":"201307","metric":{"type":"TOTAL","count":1041792,"amount":1.1116556708598578E9}},{"entityName":"201308","metric":{"type":"TOTAL","count":1040098,"amount":9.526368049072895E8}},{"entityName":"208001","metric":{"type":"TOTAL","count":990727,"amount":1.8500531887010975E9}},{"entityName":"211002","metric":{"type":"TOTAL","count":793974,"amount":1.1752392750226789E9}},{"entityName":"201303","metric":{"type":"TOTAL","count":760647,"amount":8.024730479832803E8}},{"entityName":"201009","metric":{"type":"TOTAL","count":736002,"amount":9.637207363791001E8}},{"entityName":"201304","metric":{"type":"TOTAL","count":722680,"amount":8.21249578481452E8}},{"entityName":"201014","metric":{"type":"TOTAL","count":642296,"amount":7.783388609675133E8}}]},"responseTimestamp":1630501490816}