{"success":true,"code":"SUCCESS","data":{"states":null,"districts":[{"entityName":"gautam buddha nagar","metric":{"type":"TOTAL","count":13014875,"amount":1.411851295785155E10}},{"entityName":"lucknow","metric":{"type":"TOTAL","count":11708246,"amount":2.44651586746613E10}},{"entityName":"ghaziabad","metric":{"type":"TOTAL","count":6466390,"amount":8.38489130142561E9}},{"entityName":"kanpur nagar","metric":{"type":"TOTAL","count":3032525,"amount":5.151875480314058E9}},{"entityName":"prayagraj","metric":{"type":"TOTAL","count":2766837,"amount":4.0912927836421504E9}},{"entityName":"varanasi","metric":{"type":"TOTAL","count":2441735,"amount":3.772442225290722E9}},{"entityName":"agra","metric":{"type":"TOTAL","count":1678565,"amount":2.5890106310242796E9}},{"entityName":"meerut","metric":{"type":"TOTAL","count":1429176,"amount":2.6158006545366073E9}},{"entityName":"gorakhpur","metric":{"type":"TOTAL","count":1301866,"amount":2.6002902263257475E9}},{"entityName":"bareilly","metric":{"type":"TOTAL","count":1164660,"amount":1.6302712958342814E9}}],"pincodes":[{"entityName":"226004","metric":{"type":"TOTAL","count":6687157,"amount":1.71103829466282E10}},{"entityName":"201301","metric":{"type":"TOTAL","count":4798433,"amount":4.992797291832095E9}},{"entityName":"201307","metric":{"type":"TOTAL","count":1517920,"amount":1.5015564959285545E9}},{"entityName":"201308","metric":{"type":"TOTAL","count":1273377,"amount":1.2338610054703152E9}},{"entityName":"201303","metric":{"type":"TOTAL","count":1078332,"amount":1.0701181118331378E9}},{"entityName":"201009","metric":{"type":"TOTAL","count":993499,"amount":1.2620392542371387E9}},{"entityName":"201304","metric":{"type":"TOTAL","count":991140,"amount":1.0975300677508283E9}},{"entityName":"201014","metric":{"type":"TOTAL","count":940093,"amount":1.0414469406122824E9}},{"entityName":"211002","metric":{"type":"TOTAL","count":849738,"amount":1.3571903938906558E9}},{"entityName":"208001","metric":{"type":"TOTAL","count":846654,"amount":2.0131198111164007E9}}]},"responseTimestamp":1630501491136}