{"success":true,"code":"SUCCESS","data":{"states":null,"districts":[{"entityName":"gautam buddha nagar","metric":{"type":"TOTAL","count":16003102,"amount":1.7701548866812836E10}},{"entityName":"lucknow","metric":{"type":"TOTAL","count":14205324,"amount":3.0191564282331238E10}},{"entityName":"ghaziabad","metric":{"type":"TOTAL","count":7615506,"amount":1.0609113377795418E10}},{"entityName":"varanasi","metric":{"type":"TOTAL","count":4217796,"amount":5.004637433780641E9}},{"entityName":"kanpur nagar","metric":{"type":"TOTAL","count":3438636,"amount":6.28371319757716E9}},{"entityName":"prayagraj","metric":{"type":"TOTAL","count":3400115,"amount":5.161631925304864E9}},{"entityName":"agra","metric":{"type":"TOTAL","count":1992945,"amount":3.4852384967261944E9}},{"entityName":"meerut","metric":{"type":"TOTAL","count":1820166,"amount":3.435708382415326E9}},{"entityName":"gorakhpur","metric":{"type":"TOTAL","count":1669194,"amount":3.44511104580023E9}},{"entityName":"bareilly","metric":{"type":"TOTAL","count":1342436,"amount":2.179671438615908E9}}],"pincodes":[{"entityName":"226004","metric":{"type":"TOTAL","count":8588482,"amount":2.1494958633324272E10}},{"entityName":"201301","metric":{"type":"TOTAL","count":5805708,"amount":6.194769074369754E9}},{"entityName":"201307","metric":{"type":"TOTAL","count":1782991,"amount":1.8655539280043442E9}},{"entityName":"201308","metric":{"type":"TOTAL","count":1702665,"amount":1.5346512856518054E9}},{"entityName":"201303","metric":{"type":"TOTAL","count":1230731,"amount":1.3011664904265368E9}},{"entityName":"201304","metric":{"type":"TOTAL","count":1189081,"amount":1.3739266010065424E9}},{"entityName":"201009","metric":{"type":"TOTAL","count":1186803,"amount":1.6045829220953102E9}},{"entityName":"221007","metric":{"type":"TOTAL","count":1179731,"amount":1.503521729008887E9}},{"entityName":"201014","metric":{"type":"TOTAL","count":1096184,"amount":1.2595017777375505E9}},{"entityName":"201306","metric":{"type":"TOTAL","count":1066975,"amount":1.1409772007128494E9}}]},"responseTimestamp":1630501491441}