{"success":true,"code":"SUCCESS","data":{"states":null,"districts":[{"name":"east","registeredUsers":120360},{"name":"south","registeredUsers":43881},{"name":"west","registeredUsers":27594},{"name":"north","registeredUsers":17781}],"pincodes":[{"name":"737101","registeredUsers":33157},{"name":"737102","registeredUsers":23098},{"name":"737134","registeredUsers":21281},{"name":"737132","registeredUsers":17728},{"name":"737126","registeredUsers":16079},{"name":"737135","registeredUsers":15654},{"name":"737113","registeredUsers":12301},{"name":"737121","registeredUsers":10688},{"name":"737120","registeredUsers":9820},{"name":"737103","registeredUsers":8440}]},"responseTimestamp":1651127677210}