{"success":true,"code":"SUCCESS","data":{"states":null,"districts":[{"name":"ranchi","registeredUsers":386608},{"name":"dhanbad","registeredUsers":313255},{"name":"east singhbhum","registeredUsers":256344},{"name":"bokaro","registeredUsers":235969},{"name":"hazaribagh","registeredUsers":151904},{"name":"giridih","registeredUsers":123889},{"name":"deoghar","registeredUsers":97449},{"name":"palamu","registeredUsers":94917},{"name":"ramgarh","registeredUsers":93606},{"name":"saraikela kharsawan","registeredUsers":81052}],"pincodes":[{"name":"834001","registeredUsers":112703},{"name":"826001","registeredUsers":56790},{"name":"827013","registeredUsers":48155},{"name":"831001","registeredUsers":37652},{"name":"825303","registeredUsers":33318},{"name":"834002","registeredUsers":30520},{"name":"832108","registeredUsers":29975},{"name":"834008","registeredUsers":24357},{"name":"825409","registeredUsers":24233},{"name":"834005","registeredUsers":24142}]},"responseTimestamp":1630501496534}