{"success":true,"code":"SUCCESS","data":{"states":null,"districts":[{"name":"ranchi","registeredUsers":441616},{"name":"dhanbad","registeredUsers":350861},{"name":"east singhbhum","registeredUsers":293761},{"name":"bokaro","registeredUsers":263361},{"name":"hazaribagh","registeredUsers":174278},{"name":"giridih","registeredUsers":140800},{"name":"deoghar","registeredUsers":115129},{"name":"palamu","registeredUsers":109508},{"name":"ramgarh","registeredUsers":106681},{"name":"saraikela kharsawan","registeredUsers":91579}],"pincodes":[{"name":"834001","registeredUsers":128715},{"name":"826001","registeredUsers":64230},{"name":"827013","registeredUsers":53157},{"name":"831001","registeredUsers":42814},{"name":"825303","registeredUsers":37882},{"name":"834002","registeredUsers":34707},{"name":"832108","registeredUsers":33258},{"name":"834008","registeredUsers":27603},{"name":"825409","registeredUsers":27261},{"name":"834005","registeredUsers":27249}]},"responseTimestamp":1630501496897}