{"success":true,"code":"SUCCESS","data":{"states":null,"districts":[{"name":"ranchi","registeredUsers":495155},{"name":"dhanbad","registeredUsers":388528},{"name":"east singhbhum","registeredUsers":329319},{"name":"bokaro","registeredUsers":290252},{"name":"hazaribagh","registeredUsers":196452},{"name":"giridih","registeredUsers":155689},{"name":"deoghar","registeredUsers":132603},{"name":"palamu","registeredUsers":123609},{"name":"ramgarh","registeredUsers":119804},{"name":"saraikela kharsawan","registeredUsers":101247}],"pincodes":[{"name":"834001","registeredUsers":144151},{"name":"826001","registeredUsers":71185},{"name":"827013","registeredUsers":58368},{"name":"831001","registeredUsers":47767},{"name":"825303","registeredUsers":42673},{"name":"834002","registeredUsers":38891},{"name":"832108","registeredUsers":36551},{"name":"815353","registeredUsers":32458},{"name":"834008","registeredUsers":30854},{"name":"834005","registeredUsers":30404}]},"responseTimestamp":1630501497603}