{"success":true,"code":"SUCCESS","data":{"states":null,"districts":[{"name":"ranchi","registeredUsers":548293},{"name":"dhanbad","registeredUsers":436201},{"name":"east singhbhum","registeredUsers":364379},{"name":"bokaro","registeredUsers":322689},{"name":"hazaribagh","registeredUsers":222038},{"name":"giridih","registeredUsers":175648},{"name":"deoghar","registeredUsers":155132},{"name":"palamu","registeredUsers":141817},{"name":"ramgarh","registeredUsers":134423},{"name":"saraikela kharsawan","registeredUsers":112827}],"pincodes":[{"name":"834001","registeredUsers":158095},{"name":"826001","registeredUsers":78310},{"name":"827013","registeredUsers":64768},{"name":"831001","registeredUsers":52005},{"name":"825303","registeredUsers":47530},{"name":"834002","registeredUsers":42526},{"name":"832108","registeredUsers":40181},{"name":"815353","registeredUsers":39881},{"name":"834008","registeredUsers":33864},{"name":"834005","registeredUsers":33595}]},"responseTimestamp":1630501497949}