{"success":true,"code":"SUCCESS","data":{"states":[{"entityName":"maharashtra","metric":{"type":"TOTAL","count":573616486,"amount":9.151150556237152E11}},{"entityName":"karnataka","metric":{"type":"TOTAL","count":530649046,"amount":8.37887151230051E11}},{"entityName":"telangana","metric":{"type":"TOTAL","count":495867544,"amount":1.0279583327975903E12}},{"entityName":"andhra pradesh","metric":{"type":"TOTAL","count":352767134,"amount":8.507374991082987E11}},{"entityName":"rajasthan","metric":{"type":"TOTAL","count":287477039,"amount":5.617027651692324E11}},{"entityName":"uttar pradesh","metric":{"type":"TOTAL","count":241949131,"amount":4.8217248916639343E11}},{"entityName":"madhya pradesh","metric":{"type":"TOTAL","count":223314680,"amount":4.25500768035631E11}},{"entityName":"delhi","metric":{"type":"TOTAL","count":170157264,"amount":2.819410976845416E11}},{"entityName":"bihar","metric":{"type":"TOTAL","count":155603622,"amount":3.7458025518658875E11}},{"entityName":"tamil nadu","metric":{"type":"TOTAL","count":146158442,"amount":2.6348734102654623E11}}],"districts":[{"entityName":"bengaluru urban","metric":{"type":"TOTAL","count":326804307,"amount":4.4442239835767755E11}},{"entityName":"pune","metric":{"type":"TOTAL","count":218732925,"amount":2.98657497266993E11}},{"entityName":"hyderabad","metric":{"type":"TOTAL","count":212326623,"amount":4.2487274146513696E11}},{"entityName":"jaipur","metric":{"type":"TOTAL","count":137247139,"amount":2.483909779645579E11}},{"entityName":"bhopal","metric":{"type":"TOTAL","count":74643630,"amount":1.2703886603139793E11}},{"entityName":"rangareddy","metric":{"type":"TOTAL","count":63155281,"amount":1.1398718762893881E11}},{"entityName":"central delhi","metric":{"type":"TOTAL","count":62131856,"amount":1.0089587573776093E11}},{"entityName":"medchal malkajgiri","metric":{"type":"TOTAL","count":58755991,"amount":1.0286436000468025E11}},{"entityName":"visakhapatnam","metric":{"type":"TOTAL","count":54390299,"amount":1.1443901271335336E11}},{"entityName":"patna","metric":{"type":"TOTAL","count":53400850,"amount":1.1493639815199364E11}}],"pincodes":[{"entityName":"500001","metric":{"type":"TOTAL","count":148864777,"amount":3.154320464136635E11}},{"entityName":"560001","metric":{"type":"TOTAL","count":123224371,"amount":1.834982847043348E11}},{"entityName":"411004","metric":{"type":"TOTAL","count":120795663,"amount":1.8613432044093646E11}},{"entityName":"302016","metric":{"type":"TOTAL","count":81782827,"amount":1.5229512026296942E11}},{"entityName":"462008","metric":{"type":"TOTAL","count":57596018,"amount":1.0190249388158667E11}},{"entityName":"110006","metric":{"type":"TOTAL","count":54888173,"amount":8.884930706174399E10}},{"entityName":"800001","metric":{"type":"TOTAL","count":42836603,"amount":9.178168081121812E10}},{"entityName":"600003","metric":{"type":"TOTAL","count":31694305,"amount":5.4282023022639435E10}},{"entityName":"751001","metric":{"type":"TOTAL","count":30961581,"amount":5.356578308701067E10}},{"entityName":"700009","metric":{"type":"TOTAL","count":30775525,"amount":5.958722023194326E10}}]},"responseTimestamp":1630501482414}