{"success":true,"code":"SUCCESS","data":{"aggregated":{"registeredUsers":1549320,"appOpens":62115857},"usersByDevice":[{"brand":"Xiaomi","count":535687,"percentage":0.34575620272119384},{"brand":"Samsung","count":295630,"percentage":0.19081274365528103},{"brand":"Vivo","count":242432,"percentage":0.1564763896419074},{"brand":"Oppo","count":158382,"percentage":0.10222678336302378},{"brand":"Realme","count":123415,"percentage":0.07965752717321148},{"brand":"Apple","count":49642,"percentage":0.03204115353832649},{"brand":"OnePlus","count":27191,"percentage":0.017550280122892625},{"brand":"Motorola","count":12933,"percentage":0.008347533111300442},{"brand":"Huawei","count":12674,"percentage":0.008180362997960395},{"brand":"Tecno","count":11823,"percentage":0.0076310897684145305},{"brand":"Others","count":79511,"percentage":0.05131993390648801}]},"responseTimestamp":1651127683932}