{"success":true,"code":"SUCCESS","data":{"aggregated":{"registeredUsers":2226590,"appOpens":0},"usersByDevice":[{"brand":"Xiaomi","count":557833,"percentage":0.2505324285117601},{"brand":"Samsung","count":505420,"percentage":0.2269928455620478},{"brand":"Vivo","count":349009,"percentage":0.15674596580421182},{"brand":"Oppo","count":281133,"percentage":0.12626168266272642},{"brand":"Apple","count":161878,"percentage":0.07270220381839494},{"brand":"Realme","count":71481,"percentage":0.03210335086387705},{"brand":"OnePlus","count":35068,"percentage":0.01574964407457143},{"brand":"Motorola","count":31780,"percentage":0.014272946523607848},{"brand":"Huawei","count":26070,"percentage":0.0117084869688627},{"brand":"Lenovo","count":23917,"percentage":0.010741537508027971},{"brand":"Others","count":183001,"percentage":0.0821889077019119}]},"responseTimestamp":1630501496663}