{"success":true,"code":"SUCCESS","data":{"aggregated":{"registeredUsers":2600112,"appOpens":10928094},"usersByDevice":[{"brand":"Xiaomi","count":648198,"percentage":0.24929618416437446},{"brand":"Samsung","count":594224,"percentage":0.22853784760041107},{"brand":"Vivo","count":417913,"percentage":0.16072884552665423},{"brand":"Oppo","count":336507,"percentage":0.12942019420701878},{"brand":"Apple","count":189708,"percentage":0.07296147242887999},{"brand":"Realme","count":82000,"percentage":0.031537103017100804},{"brand":"OnePlus","count":38343,"percentage":0.014746672451032878},{"brand":"Motorola","count":34974,"percentage":0.013450959035610773},{"brand":"Huawei","count":30298,"percentage":0.011652574966001465},{"brand":"Lenovo","count":26203,"percentage":0.010077642809232833},{"brand":"Others","count":201744,"percentage":0.07759050379368274}]},"responseTimestamp":1630501497226}