{"success":true,"code":"SUCCESS","data":{"aggregated":{"registeredUsers":2962713,"appOpens":40860886},"usersByDevice":[{"brand":"Xiaomi","count":734257,"percentage":0.24783264528153756},{"brand":"Samsung","count":678439,"percentage":0.2289924808781681},{"brand":"Vivo","count":489141,"percentage":0.1650990156657091},{"brand":"Oppo","count":390270,"percentage":0.1317272378391022},{"brand":"Apple","count":216888,"percentage":0.07320587583069976},{"brand":"Realme","count":94292,"percentage":0.03182623494074519},{"brand":"OnePlus","count":41581,"percentage":0.014034771508411379},{"brand":"Motorola","count":37064,"percentage":0.01251015538798392},{"brand":"Huawei","count":34669,"percentage":0.011701774690967367},{"brand":"Lenovo","count":26124,"percentage":0.008817593874263218},{"brand":"Others","count":219988,"percentage":0.07425221410241221}]},"responseTimestamp":1630501497756}