{"success":true,"code":"SUCCESS","data":{"aggregated":{"registeredUsers":3321742,"appOpens":47673880},"usersByDevice":[{"brand":"Xiaomi","count":818456,"percentage":0.24639360913641095},{"brand":"Samsung","count":760808,"percentage":0.229038859730828},{"brand":"Vivo","count":563524,"percentage":0.1696471309331068},{"brand":"Oppo","count":446759,"percentage":0.13449539428408347},{"brand":"Apple","count":240275,"percentage":0.07233403437112214},{"brand":"Realme","count":109206,"percentage":0.03287612343162112},{"brand":"OnePlus","count":44151,"percentage":0.013291519931409484},{"brand":"Motorola","count":38939,"percentage":0.011722463695253876},{"brand":"Huawei","count":38449,"percentage":0.011574950733681304},{"brand":"Lenovo","count":27158,"percentage":0.008175830633444741},{"brand":"Others","count":234017,"percentage":0.07045008311903814}]},"responseTimestamp":1630501498083}