{"success":true,"code":"SUCCESS","data":{"states":null,"districts":[{"name":"east khasi hills","registeredUsers":78429},{"name":"west garo hills","registeredUsers":40993},{"name":"ribhoi","registeredUsers":18641},{"name":"east jaintia hills","registeredUsers":13460},{"name":"west jaintia hills","registeredUsers":8665},{"name":"north garo hills","registeredUsers":6392},{"name":"south west garo hills","registeredUsers":6276},{"name":"east garo hills","registeredUsers":6237},{"name":"south garo hills","registeredUsers":5439},{"name":"west khasi hills","registeredUsers":4858}],"pincodes":[{"name":"793001","registeredUsers":19753},{"name":"793002","registeredUsers":11566},{"name":"794001","registeredUsers":9727},{"name":"794105","registeredUsers":9011},{"name":"794104","registeredUsers":8869},{"name":"793011","registeredUsers":8646},{"name":"793101","registeredUsers":8317},{"name":"794101","registeredUsers":7337},{"name":"793210","registeredUsers":7113},{"name":"793150","registeredUsers":5969}]},"responseTimestamp":1630501499921}