{"success":true,"code":"SUCCESS","data":{"states":null,"districts":[{"name":"east khasi hills","registeredUsers":84124},{"name":"west garo hills","registeredUsers":44151},{"name":"ribhoi","registeredUsers":20098},{"name":"east jaintia hills","registeredUsers":14530},{"name":"west jaintia hills","registeredUsers":9409},{"name":"north garo hills","registeredUsers":6951},{"name":"south west garo hills","registeredUsers":6835},{"name":"east garo hills","registeredUsers":6754},{"name":"south garo hills","registeredUsers":5922},{"name":"west khasi hills","registeredUsers":5296}],"pincodes":[{"name":"793001","registeredUsers":21124},{"name":"793002","registeredUsers":12348},{"name":"794001","registeredUsers":10389},{"name":"794105","registeredUsers":9742},{"name":"794104","registeredUsers":9602},{"name":"793011","registeredUsers":9244},{"name":"793101","registeredUsers":8921},{"name":"794101","registeredUsers":7866},{"name":"793210","registeredUsers":7644},{"name":"793150","registeredUsers":6477}]},"responseTimestamp":1630501500431}