{"success":true,"code":"SUCCESS","data":{"states":null,"districts":[{"name":"east khasi hills","registeredUsers":90505},{"name":"west garo hills","registeredUsers":47869},{"name":"ribhoi","registeredUsers":21875},{"name":"east jaintia hills","registeredUsers":15847},{"name":"west jaintia hills","registeredUsers":10337},{"name":"north garo hills","registeredUsers":7584},{"name":"south west garo hills","registeredUsers":7531},{"name":"east garo hills","registeredUsers":7389},{"name":"south garo hills","registeredUsers":6442},{"name":"west khasi hills","registeredUsers":5884}],"pincodes":[{"name":"793001","registeredUsers":22612},{"name":"793002","registeredUsers":13223},{"name":"794001","registeredUsers":11130},{"name":"794105","registeredUsers":10597},{"name":"794104","registeredUsers":10547},{"name":"793011","registeredUsers":9914},{"name":"793101","registeredUsers":9665},{"name":"794101","registeredUsers":8448},{"name":"793210","registeredUsers":8257},{"name":"793150","registeredUsers":7068}]},"responseTimestamp":1634575136585}