{"success":true,"code":"SUCCESS","data":{"states":null,"districts":[{"name":"east khasi hills","registeredUsers":96942},{"name":"west garo hills","registeredUsers":51617},{"name":"ribhoi","registeredUsers":23562},{"name":"east jaintia hills","registeredUsers":17115},{"name":"west jaintia hills","registeredUsers":11189},{"name":"north garo hills","registeredUsers":8212},{"name":"south west garo hills","registeredUsers":8197},{"name":"east garo hills","registeredUsers":8015},{"name":"south garo hills","registeredUsers":7005},{"name":"west khasi hills","registeredUsers":6428}],"pincodes":[{"name":"793001","registeredUsers":24127},{"name":"793002","registeredUsers":14142},{"name":"794001","registeredUsers":11874},{"name":"794105","registeredUsers":11487},{"name":"794104","registeredUsers":11446},{"name":"793011","registeredUsers":10570},{"name":"793101","registeredUsers":10353},{"name":"794101","registeredUsers":9032},{"name":"793210","registeredUsers":8857},{"name":"793150","registeredUsers":7635}]},"responseTimestamp":1643295751340}