{"success":true,"code":"SUCCESS","data":{"states":null,"districts":[{"entityName":"east khasi hills","metric":{"type":"TOTAL","count":23283,"amount":3.1807959175373342E7}},{"entityName":"west garo hills","metric":{"type":"TOTAL","count":7660,"amount":9199200.848858135}},{"entityName":"ribhoi","metric":{"type":"TOTAL","count":6029,"amount":8736566.953918608}},{"entityName":"east jaintia hills","metric":{"type":"TOTAL","count":4896,"amount":8299361.376028441}},{"entityName":"west jaintia hills","metric":{"type":"TOTAL","count":3131,"amount":2812937.948004551}},{"entityName":"west khasi hills","metric":{"type":"TOTAL","count":1079,"amount":1647761.3372907462}},{"entityName":"north garo hills","metric":{"type":"TOTAL","count":922,"amount":652554.6654640209}},{"entityName":"south west garo hills","metric":{"type":"TOTAL","count":798,"amount":1015597.2351604333}},{"entityName":"east garo hills","metric":{"type":"TOTAL","count":749,"amount":781579.3759249721}},{"entityName":"south garo hills","metric":{"type":"TOTAL","count":705,"amount":807410.0407250253}}],"pincodes":[{"entityName":"793002","metric":{"type":"TOTAL","count":6326,"amount":6240111.071966832}},{"entityName":"793001","metric":{"type":"TOTAL","count":5245,"amount":8652691.777738439}},{"entityName":"793101","metric":{"type":"TOTAL","count":3563,"amount":4766271.01956466}},{"entityName":"793210","metric":{"type":"TOTAL","count":3343,"amount":5290588.530271051}},{"entityName":"794105","metric":{"type":"TOTAL","count":2197,"amount":2975311.228892166}},{"entityName":"794001","metric":{"type":"TOTAL","count":1873,"amount":1540690.0262952226}},{"entityName":"793151","metric":{"type":"TOTAL","count":1551,"amount":1429788.4230707106}},{"entityName":"793004","metric":{"type":"TOTAL","count":1549,"amount":2521411.5242451695}},{"entityName":"794101","metric":{"type":"TOTAL","count":1494,"amount":1672332.2139974874}},{"entityName":"794104","metric":{"type":"TOTAL","count":1448,"amount":2307282.756329104}}]},"responseTimestamp":1630501487331}