{"success":true,"code":"SUCCESS","data":{"states":null,"districts":[{"entityName":"east khasi hills","metric":{"type":"TOTAL","count":33966,"amount":6.118070047972991E7}},{"entityName":"west garo hills","metric":{"type":"TOTAL","count":10651,"amount":1.9685429154264543E7}},{"entityName":"ribhoi","metric":{"type":"TOTAL","count":8761,"amount":1.4181827919832248E7}},{"entityName":"east jaintia hills","metric":{"type":"TOTAL","count":6004,"amount":1.3059945843045246E7}},{"entityName":"west jaintia hills","metric":{"type":"TOTAL","count":2232,"amount":2312980.3326936862}},{"entityName":"south west garo hills","metric":{"type":"TOTAL","count":1767,"amount":1724404.6747075585}},{"entityName":"north garo hills","metric":{"type":"TOTAL","count":1403,"amount":1278347.188045342}},{"entityName":"south garo hills","metric":{"type":"TOTAL","count":1103,"amount":1553253.9322072896}},{"entityName":"east garo hills","metric":{"type":"TOTAL","count":832,"amount":1032161.1690227182}},{"entityName":"west khasi hills","metric":{"type":"TOTAL","count":742,"amount":684129.9552836155}}],"pincodes":[{"entityName":"793001","metric":{"type":"TOTAL","count":7159,"amount":1.491305471284224E7}},{"entityName":"793002","metric":{"type":"TOTAL","count":6136,"amount":1.0310363434112301E7}},{"entityName":"793101","metric":{"type":"TOTAL","count":5129,"amount":7424696.232345499}},{"entityName":"793210","metric":{"type":"TOTAL","count":4566,"amount":9791290.933769494}},{"entityName":"794001","metric":{"type":"TOTAL","count":2982,"amount":4358257.116650416}},{"entityName":"794105","metric":{"type":"TOTAL","count":2973,"amount":5665655.6102624}},{"entityName":"793011","metric":{"type":"TOTAL","count":2765,"amount":4038235.733626153}},{"entityName":"793022","metric":{"type":"TOTAL","count":2668,"amount":3708245.6682565995}},{"entityName":"793004","metric":{"type":"TOTAL","count":2396,"amount":5164910.26275328}},{"entityName":"794101","metric":{"type":"TOTAL","count":1990,"amount":3441094.526427978}}]},"responseTimestamp":1630501487718}