{"success":true,"code":"SUCCESS","data":{"states":null,"districts":[{"entityName":"east khasi hills","metric":{"type":"TOTAL","count":54015,"amount":1.1117316026256448E8}},{"entityName":"west garo hills","metric":{"type":"TOTAL","count":17911,"amount":3.148859643937725E7}},{"entityName":"ribhoi","metric":{"type":"TOTAL","count":13023,"amount":2.6072883301655468E7}},{"entityName":"east jaintia hills","metric":{"type":"TOTAL","count":11397,"amount":2.2683448874125846E7}},{"entityName":"west jaintia hills","metric":{"type":"TOTAL","count":3240,"amount":4571330.11958733}},{"entityName":"south west garo hills","metric":{"type":"TOTAL","count":2740,"amount":4294444.4478258435}},{"entityName":"north garo hills","metric":{"type":"TOTAL","count":2271,"amount":1976480.205681387}},{"entityName":"south garo hills","metric":{"type":"TOTAL","count":2110,"amount":2467349.2565310476}},{"entityName":"east garo hills","metric":{"type":"TOTAL","count":1323,"amount":1963470.7809556075}},{"entityName":"west khasi hills","metric":{"type":"TOTAL","count":1228,"amount":2146208.196912882}}],"pincodes":[{"entityName":"793002","metric":{"type":"TOTAL","count":11883,"amount":1.445854937949472E7}},{"entityName":"793001","metric":{"type":"TOTAL","count":11765,"amount":2.5835260860682037E7}},{"entityName":"793210","metric":{"type":"TOTAL","count":7878,"amount":1.4188319577151336E7}},{"entityName":"793101","metric":{"type":"TOTAL","count":7087,"amount":1.3434015058745537E7}},{"entityName":"794105","metric":{"type":"TOTAL","count":4254,"amount":7160224.867681785}},{"entityName":"793011","metric":{"type":"TOTAL","count":4002,"amount":1.0857672011105126E7}},{"entityName":"794101","metric":{"type":"TOTAL","count":3971,"amount":6539166.435811928}},{"entityName":"794001","metric":{"type":"TOTAL","count":3734,"amount":6456455.718209652}},{"entityName":"793004","metric":{"type":"TOTAL","count":3724,"amount":8621736.170358278}},{"entityName":"793018","metric":{"type":"TOTAL","count":2921,"amount":3690909.015228115}}]},"responseTimestamp":1630501489220}