{"success":true,"code":"SUCCESS","data":{"states":null,"districts":[{"entityName":"east khasi hills","metric":{"type":"TOTAL","count":70386,"amount":1.6780890677955163E8}},{"entityName":"west garo hills","metric":{"type":"TOTAL","count":29000,"amount":5.267448737349704E7}},{"entityName":"east jaintia hills","metric":{"type":"TOTAL","count":20614,"amount":3.7885027674247645E7}},{"entityName":"ribhoi","metric":{"type":"TOTAL","count":18294,"amount":4.206665287282289E7}},{"entityName":"west jaintia hills","metric":{"type":"TOTAL","count":4693,"amount":7562803.76113517}},{"entityName":"north garo hills","metric":{"type":"TOTAL","count":4011,"amount":4590211.2600644585}},{"entityName":"south west garo hills","metric":{"type":"TOTAL","count":3950,"amount":4531236.407859931}},{"entityName":"south garo hills","metric":{"type":"TOTAL","count":3037,"amount":6001319.09688588}},{"entityName":"west khasi hills","metric":{"type":"TOTAL","count":2821,"amount":5962239.029920495}},{"entityName":"east garo hills","metric":{"type":"TOTAL","count":2808,"amount":5832920.483690145}}],"pincodes":[{"entityName":"793001","metric":{"type":"TOTAL","count":15970,"amount":4.079693465361333E7}},{"entityName":"793002","metric":{"type":"TOTAL","count":14358,"amount":2.8490192391904294E7}},{"entityName":"793210","metric":{"type":"TOTAL","count":10538,"amount":2.355287456895237E7}},{"entityName":"794105","metric":{"type":"TOTAL","count":9404,"amount":1.4388348377020527E7}},{"entityName":"793101","metric":{"type":"TOTAL","count":9221,"amount":2.190595247002369E7}},{"entityName":"793200","metric":{"type":"TOTAL","count":7828,"amount":6620807.6932651065}},{"entityName":"794001","metric":{"type":"TOTAL","count":6102,"amount":1.1176948683929984E7}},{"entityName":"793011","metric":{"type":"TOTAL","count":5184,"amount":1.3068701778593758E7}},{"entityName":"794101","metric":{"type":"TOTAL","count":5179,"amount":1.0377005137970414E7}},{"entityName":"793004","metric":{"type":"TOTAL","count":4851,"amount":1.303313982141654E7}}]},"responseTimestamp":1630501489763}