{"success":true,"code":"SUCCESS","data":{"states":null,"districts":[{"entityName":"aizawl","metric":{"type":"TOTAL","count":78597,"amount":2.1553458805424356E8}},{"entityName":"lunglei","metric":{"type":"TOTAL","count":19703,"amount":4.7052524734837465E7}},{"entityName":"lawngtlai","metric":{"type":"TOTAL","count":13887,"amount":3.1918357190269426E7}},{"entityName":"mamit","metric":{"type":"TOTAL","count":12136,"amount":2.1524123962646015E7}},{"entityName":"kolasib","metric":{"type":"TOTAL","count":11386,"amount":2.6364756939303108E7}},{"entityName":"serchhip","metric":{"type":"TOTAL","count":7512,"amount":1.5256865240079906E7}},{"entityName":"champhai","metric":{"type":"TOTAL","count":6269,"amount":1.9712814749991663E7}},{"entityName":"saiha","metric":{"type":"TOTAL","count":4119,"amount":1.4713548478265904E7}}],"pincodes":[{"entityName":"796009","metric":{"type":"TOTAL","count":26107,"amount":8.006972723173442E7}},{"entityName":"796005","metric":{"type":"TOTAL","count":17553,"amount":4.656680915761788E7}},{"entityName":"796017","metric":{"type":"TOTAL","count":9463,"amount":2.4834759269498974E7}},{"entityName":"796701","metric":{"type":"TOTAL","count":8204,"amount":2.4178014533534966E7}},{"entityName":"796012","metric":{"type":"TOTAL","count":7694,"amount":2.226189545504343E7}},{"entityName":"796772","metric":{"type":"TOTAL","count":5761,"amount":1.5308347621692346E7}},{"entityName":"796014","metric":{"type":"TOTAL","count":5430,"amount":1.2478277828888291E7}},{"entityName":"796181","metric":{"type":"TOTAL","count":5288,"amount":1.157803095365061E7}},{"entityName":"796751","metric":{"type":"TOTAL","count":4288,"amount":9138209.647993293}},{"entityName":"796770","metric":{"type":"TOTAL","count":4268,"amount":7540389.464545375}}]},"responseTimestamp":1630501491744}