{"success":true,"code":"SUCCESS","data":{"states":null,"districts":[{"entityName":"aizawl","metric":{"type":"TOTAL","count":93369,"amount":2.386373525294009E8}},{"entityName":"lunglei","metric":{"type":"TOTAL","count":27260,"amount":6.03757783281481E7}},{"entityName":"lawngtlai","metric":{"type":"TOTAL","count":22369,"amount":4.4085859538810775E7}},{"entityName":"mamit","metric":{"type":"TOTAL","count":15352,"amount":2.47555499649563E7}},{"entityName":"kolasib","metric":{"type":"TOTAL","count":14432,"amount":2.9350410444769997E7}},{"entityName":"serchhip","metric":{"type":"TOTAL","count":10425,"amount":1.9459795690984458E7}},{"entityName":"champhai","metric":{"type":"TOTAL","count":8480,"amount":2.0817381347150292E7}},{"entityName":"saiha","metric":{"type":"TOTAL","count":6775,"amount":1.9711305598098427E7}}],"pincodes":[{"entityName":"796009","metric":{"type":"TOTAL","count":27056,"amount":8.274507191532114E7}},{"entityName":"796005","metric":{"type":"TOTAL","count":23125,"amount":5.790382455727571E7}},{"entityName":"796701","metric":{"type":"TOTAL","count":12126,"amount":2.822402435423802E7}},{"entityName":"796017","metric":{"type":"TOTAL","count":11594,"amount":2.9550686485774644E7}},{"entityName":"796012","metric":{"type":"TOTAL","count":9336,"amount":2.3859598259979594E7}},{"entityName":"796772","metric":{"type":"TOTAL","count":8985,"amount":1.734330196738438E7}},{"entityName":"796751","metric":{"type":"TOTAL","count":7007,"amount":1.4286722673601411E7}},{"entityName":"796181","metric":{"type":"TOTAL","count":6818,"amount":1.4306489002692653E7}},{"entityName":"796014","metric":{"type":"TOTAL","count":6729,"amount":1.4779212833185919E7}},{"entityName":"796891","metric":{"type":"TOTAL","count":6257,"amount":1.4366307774624575E7}}]},"responseTimestamp":1630501492169}