{"success":true,"code":"SUCCESS","data":{"states":null,"districts":[{"entityName":"aizawl","metric":{"type":"TOTAL","count":136460,"amount":4.1317591897011656E8}},{"entityName":"lunglei","metric":{"type":"TOTAL","count":30971,"amount":8.327043683501583E7}},{"entityName":"lawngtlai","metric":{"type":"TOTAL","count":25540,"amount":6.221009016784428E7}},{"entityName":"mamit","metric":{"type":"TOTAL","count":17199,"amount":2.8176447030524082E7}},{"entityName":"kolasib","metric":{"type":"TOTAL","count":15789,"amount":3.5985260690991834E7}},{"entityName":"champhai","metric":{"type":"TOTAL","count":11286,"amount":3.513129873356742E7}},{"entityName":"serchhip","metric":{"type":"TOTAL","count":10351,"amount":2.5197852939255524E7}},{"entityName":"saiha","metric":{"type":"TOTAL","count":7107,"amount":2.4796870137284856E7}}],"pincodes":[{"entityName":"796009","metric":{"type":"TOTAL","count":48205,"amount":1.756307536479782E8}},{"entityName":"796005","metric":{"type":"TOTAL","count":33223,"amount":9.393368280082603E7}},{"entityName":"796017","metric":{"type":"TOTAL","count":16154,"amount":4.1813404612844616E7}},{"entityName":"796701","metric":{"type":"TOTAL","count":14804,"amount":4.3100074959498025E7}},{"entityName":"796012","metric":{"type":"TOTAL","count":12732,"amount":3.727755984015562E7}},{"entityName":"796772","metric":{"type":"TOTAL","count":11471,"amount":2.828982309767698E7}},{"entityName":"796008","metric":{"type":"TOTAL","count":7281,"amount":1.977252353134822E7}},{"entityName":"796181","metric":{"type":"TOTAL","count":7218,"amount":1.9040316295089487E7}},{"entityName":"796014","metric":{"type":"TOTAL","count":7126,"amount":2.237842325115173E7}},{"entityName":"796751","metric":{"type":"TOTAL","count":6974,"amount":1.8663726145340227E7}}]},"responseTimestamp":1630501493092}