{"success":true,"code":"SUCCESS","data":{"states":null,"districts":[{"entityName":"aizawl","metric":{"type":"TOTAL","count":166039,"amount":5.3206940132491755E8}},{"entityName":"lunglei","metric":{"type":"TOTAL","count":41847,"amount":1.170072410363552E8}},{"entityName":"lawngtlai","metric":{"type":"TOTAL","count":32803,"amount":1.0220993765580331E8}},{"entityName":"mamit","metric":{"type":"TOTAL","count":21383,"amount":4.8253980828914225E7}},{"entityName":"kolasib","metric":{"type":"TOTAL","count":21149,"amount":5.647353793676706E7}},{"entityName":"champhai","metric":{"type":"TOTAL","count":15587,"amount":5.014087398671983E7}},{"entityName":"serchhip","metric":{"type":"TOTAL","count":14804,"amount":3.953156917092189E7}},{"entityName":"saiha","metric":{"type":"TOTAL","count":8995,"amount":4.0835573753559604E7}}],"pincodes":[{"entityName":"796009","metric":{"type":"TOTAL","count":50518,"amount":1.89146316445437E8}},{"entityName":"796005","metric":{"type":"TOTAL","count":42925,"amount":1.2895477666825041E8}},{"entityName":"796017","metric":{"type":"TOTAL","count":20372,"amount":6.3152383193034805E7}},{"entityName":"796701","metric":{"type":"TOTAL","count":19755,"amount":5.953826394719389E7}},{"entityName":"796012","metric":{"type":"TOTAL","count":16984,"amount":5.428420814900491E7}},{"entityName":"796772","metric":{"type":"TOTAL","count":13350,"amount":4.285412574918001E7}},{"entityName":"796014","metric":{"type":"TOTAL","count":10269,"amount":3.253689905634682E7}},{"entityName":"796751","metric":{"type":"TOTAL","count":9928,"amount":2.6322363685954966E7}},{"entityName":"796770","metric":{"type":"TOTAL","count":9654,"amount":3.0286659089477174E7}},{"entityName":"796008","metric":{"type":"TOTAL","count":9595,"amount":2.7949686666646443E7}}]},"responseTimestamp":1630501493446}