{"success":true,"code":"SUCCESS","data":{"states":null,"districts":[{"name":"imphal west","registeredUsers":33668},{"name":"imphal east","registeredUsers":21136},{"name":"thoubal","registeredUsers":9529},{"name":"bishnupur","registeredUsers":8537},{"name":"churachandpur","registeredUsers":6138},{"name":"kangpokpi","registeredUsers":5212},{"name":"kakching","registeredUsers":3850},{"name":"ukhrul","registeredUsers":2368},{"name":"tamenglong","registeredUsers":2148},{"name":"jiribam","registeredUsers":1759}],"pincodes":[{"name":"795004","registeredUsers":16916},{"name":"795001","registeredUsers":6562},{"name":"795138","registeredUsers":4947},{"name":"795133","registeredUsers":4247},{"name":"795002","registeredUsers":3738},{"name":"795103","registeredUsers":3612},{"name":"795008","registeredUsers":3437},{"name":"795148","registeredUsers":3259},{"name":"795149","registeredUsers":3182},{"name":"795010","registeredUsers":3025}]},"responseTimestamp":1630501496586}