{"success":true,"code":"SUCCESS","data":{"states":null,"districts":[{"name":"imphal west","registeredUsers":39303},{"name":"imphal east","registeredUsers":24652},{"name":"thoubal","registeredUsers":10915},{"name":"bishnupur","registeredUsers":10014},{"name":"churachandpur","registeredUsers":7662},{"name":"kangpokpi","registeredUsers":6407},{"name":"kakching","registeredUsers":4599},{"name":"ukhrul","registeredUsers":2981},{"name":"tamenglong","registeredUsers":2628},{"name":"chandel","registeredUsers":2175}],"pincodes":[{"name":"795004","registeredUsers":19706},{"name":"795001","registeredUsers":7662},{"name":"795138","registeredUsers":5616},{"name":"795133","registeredUsers":4966},{"name":"795002","registeredUsers":4424},{"name":"795103","registeredUsers":4265},{"name":"795008","registeredUsers":3990},{"name":"795148","registeredUsers":3777},{"name":"795149","registeredUsers":3589},{"name":"795010","registeredUsers":3558}]},"responseTimestamp":1630501497123}