{"success":true,"code":"SUCCESS","data":{"states":null,"districts":[{"name":"imphal west","registeredUsers":45268},{"name":"imphal east","registeredUsers":28331},{"name":"thoubal","registeredUsers":12427},{"name":"bishnupur","registeredUsers":11647},{"name":"churachandpur","registeredUsers":9071},{"name":"kangpokpi","registeredUsers":7621},{"name":"kakching","registeredUsers":5355},{"name":"ukhrul","registeredUsers":3488},{"name":"tamenglong","registeredUsers":3085},{"name":"chandel","registeredUsers":2581}],"pincodes":[{"name":"795004","registeredUsers":22710},{"name":"795001","registeredUsers":8963},{"name":"795138","registeredUsers":6388},{"name":"795133","registeredUsers":5752},{"name":"795002","registeredUsers":5070},{"name":"795103","registeredUsers":5001},{"name":"795008","registeredUsers":4684},{"name":"795148","registeredUsers":4254},{"name":"795010","registeredUsers":4102},{"name":"795149","registeredUsers":3974}]},"responseTimestamp":1630501497680}