{"success":true,"code":"SUCCESS","data":{"states":null,"districts":[{"name":"imphal west","registeredUsers":51063},{"name":"imphal east","registeredUsers":31935},{"name":"thoubal","registeredUsers":14194},{"name":"bishnupur","registeredUsers":13387},{"name":"churachandpur","registeredUsers":10431},{"name":"kangpokpi","registeredUsers":8850},{"name":"kakching","registeredUsers":6126},{"name":"ukhrul","registeredUsers":4091},{"name":"tamenglong","registeredUsers":3651},{"name":"chandel","registeredUsers":3029}],"pincodes":[{"name":"795004","registeredUsers":25471},{"name":"795001","registeredUsers":10002},{"name":"795138","registeredUsers":7206},{"name":"795133","registeredUsers":6672},{"name":"795103","registeredUsers":5745},{"name":"795002","registeredUsers":5696},{"name":"795008","registeredUsers":5365},{"name":"795148","registeredUsers":4925},{"name":"795010","registeredUsers":4709},{"name":"795149","registeredUsers":4512}]},"responseTimestamp":1630501498005}